This is pdfTeX, Version 3.141592653-2.6-1.40.29 (MiKTeX 26.2) (preloaded format=pdflatex 2026.2.28)  30 MAY 2026 09:48
entering extended mode
 restricted \write18 enabled.
 %&-line parsing enabled.
**"c:/Users/abdou/Downloads/rapport pfe abderrahmen ben hattab/abdou/main.tex"
(c:/Users/abdou/Downloads/rapport pfe abderrahmen ben hattab/abdou/main.tex
LaTeX2e <2025-11-01>
L3 programming layer <2026-01-19>
(C:\Users\abdou\AppData\Local\Programs\MiKTeX\tex/latex/base\report.cls
Document Class: report 2025/01/22 v1.4n Standard LaTeX document class
(C:\Users\abdou\AppData\Local\Programs\MiKTeX\tex/latex/base\size12.clo
File: size12.clo 2025/01/22 v1.4n Standard LaTeX file (size option)
)
\c@part=\count275
\c@chapter=\count276
\c@section=\count277
\c@subsection=\count278
\c@subsubsection=\count279
\c@paragraph=\count280
\c@subparagraph=\count281
\c@figure=\count282
\c@table=\count283
\abovecaptionskip=\skip49
\belowcaptionskip=\skip50
\bibindent=\dimen148
) (C:\Users\abdou\AppData\Local\Programs\MiKTeX\tex/latex/base\inputenc.sty
Package: inputenc 2024/02/08 v1.3d Input encoding file
\inpenc@prehook=\toks17
\inpenc@posthook=\toks18
) (C:\Users\abdou\AppData\Local\Programs\MiKTeX\tex/latex/base\fontenc.sty
Package: fontenc 2025/07/18 v2.1d Standard LaTeX package
) (C:\Users\abdou\AppData\Local\Programs\MiKTeX\tex/latex/float\float.sty
Package: float 2001/11/08 v1.3d Float enhancements (AL)
\c@float@type=\count284
\float@exts=\toks19
\float@box=\box53
\@float@everytoks=\toks20
\@floatcapt=\box54
) (C:\Users\abdou\AppData\Local\Programs\MiKTeX\tex/latex/psnfss\mathptmx.sty
Package: mathptmx 2020/03/25 PSNFSS-v9.3 Times w/ Math, improved (SPQR, WaS) 
LaTeX Font Info:    Redeclaring symbol font `operators' on input line 28.
LaTeX Font Info:    Overwriting symbol font `operators' in version `normal'
(Font)                  OT1/cmr/m/n --> OT1/ztmcm/m/n on input line 28.
LaTeX Font Info:    Overwriting symbol font `operators' in version `bold'
(Font)                  OT1/cmr/bx/n --> OT1/ztmcm/m/n on input line 28.
LaTeX Font Info:    Redeclaring symbol font `letters' on input line 29.
LaTeX Font Info:    Overwriting symbol font `letters' in version `normal'
(Font)                  OML/cmm/m/it --> OML/ztmcm/m/it on input line 29.
LaTeX Font Info:    Overwriting symbol font `letters' in version `bold'
(Font)                  OML/cmm/b/it --> OML/ztmcm/m/it on input line 29.
LaTeX Font Info:    Redeclaring symbol font `symbols' on input line 30.
LaTeX Font Info:    Overwriting symbol font `symbols' in version `normal'
(Font)                  OMS/cmsy/m/n --> OMS/ztmcm/m/n on input line 30.
LaTeX Font Info:    Overwriting symbol font `symbols' in version `bold'
(Font)                  OMS/cmsy/b/n --> OMS/ztmcm/m/n on input line 30.
LaTeX Font Info:    Redeclaring symbol font `largesymbols' on input line 31.
LaTeX Font Info:    Overwriting symbol font `largesymbols' in version `normal'
(Font)                  OMX/cmex/m/n --> OMX/ztmcm/m/n on input line 31.
LaTeX Font Info:    Overwriting symbol font `largesymbols' in version `bold'
(Font)                  OMX/cmex/m/n --> OMX/ztmcm/m/n on input line 31.
\symbold=\mathgroup4
\symitalic=\mathgroup5
LaTeX Font Info:    Redeclaring math alphabet \mathbf on input line 34.
LaTeX Font Info:    Overwriting math alphabet `\mathbf' in version `normal'
(Font)                  OT1/cmr/bx/n --> OT1/ptm/bx/n on input line 34.
LaTeX Font Info:    Overwriting math alphabet `\mathbf' in version `bold'
(Font)                  OT1/cmr/bx/n --> OT1/ptm/bx/n on input line 34.
LaTeX Font Info:    Redeclaring math alphabet \mathit on input line 35.
LaTeX Font Info:    Overwriting math alphabet `\mathit' in version `normal'
(Font)                  OT1/cmr/m/it --> OT1/ptm/m/it on input line 35.
LaTeX Font Info:    Overwriting math alphabet `\mathit' in version `bold'
(Font)                  OT1/cmr/bx/it --> OT1/ptm/m/it on input line 35.
LaTeX Info: Redefining \hbar on input line 50.
) (C:\Users\abdou\AppData\Local\Programs\MiKTeX\tex/latex/geometry\geometry.sty
Package: geometry 2020/01/02 v5.9 Page Geometry
 (C:\Users\abdou\AppData\Local\Programs\MiKTeX\tex/latex/graphics\keyval.sty
Package: keyval 2022/05/29 v1.15 key=value parser (DPC)
\KV@toks@=\toks21
) (C:\Users\abdou\AppData\Local\Programs\MiKTeX\tex/generic/iftex\ifvtex.sty
Package: ifvtex 2019/10/25 v1.7 ifvtex legacy package. Use iftex instead.
 (C:\Users\abdou\AppData\Local\Programs\MiKTeX\tex/generic/iftex\iftex.sty
Package: iftex 2024/12/12 v1.0g TeX engine tests
))
\Gm@cnth=\count285
\Gm@cntv=\count286
\c@Gm@tempcnt=\count287
\Gm@bindingoffset=\dimen149
\Gm@wd@mp=\dimen150
\Gm@odd@mp=\dimen151
\Gm@even@mp=\dimen152
\Gm@layoutwidth=\dimen153
\Gm@layoutheight=\dimen154
\Gm@layouthoffset=\dimen155
\Gm@layoutvoffset=\dimen156
\Gm@dimlist=\toks22
 (C:\Users\abdou\AppData\Local\Programs\MiKTeX\tex/latex/geometry\geometry.cfg)) (C:\Users\abdou\AppData\Local\Programs\MiKTeX\tex/latex/graphics\graphicx.sty
Package: graphicx 2024/12/31 v1.2e Enhanced LaTeX Graphics (DPC,SPQR)
 (C:\Users\abdou\AppData\Local\Programs\MiKTeX\tex/latex/graphics\graphics.sty
Package: graphics 2024/08/06 v1.4g Standard LaTeX Graphics (DPC,SPQR)
 (C:\Users\abdou\AppData\Local\Programs\MiKTeX\tex/latex/graphics\trig.sty
Package: trig 2023/12/02 v1.11 sin cos tan (DPC)
) (C:\Users\abdou\AppData\Local\Programs\MiKTeX\tex/latex/graphics-cfg\graphics.cfg
File: graphics.cfg 2016/06/04 v1.11 sample graphics configuration
)
Package graphics Info: Driver file: pdftex.def on input line 106.
 (C:\Users\abdou\AppData\Local\Programs\MiKTeX\tex/latex/graphics-def\pdftex.def
File: pdftex.def 2025/09/29 v1.2d Graphics/color driver for pdftex
))
\Gin@req@height=\dimen157
\Gin@req@width=\dimen158
) (C:\Users\abdou\AppData\Local\Programs\MiKTeX\tex/latex/multirow\multirow.sty
Package: multirow 2024/11/12 v2.9 Span multiple rows of a table
\multirow@colwidth=\skip51
\multirow@cntb=\count288
\multirow@dima=\skip52
\bigstrutjot=\dimen159
) (C:\Users\abdou\AppData\Local\Programs\MiKTeX\tex/latex/tools\tabularx.sty
Package: tabularx 2023/12/11 v2.12a `tabularx' package (DPC)
 (C:\Users\abdou\AppData\Local\Programs\MiKTeX\tex/latex/tools\array.sty
Package: array 2025/09/25 v2.6n Tabular extension package (FMi)
\col@sep=\dimen160
\ar@mcellbox=\box55
\extrarowheight=\dimen161
\NC@list=\toks23
\extratabsurround=\skip53
\backup@length=\skip54
\ar@cellbox=\box56
)
\TX@col@width=\dimen162
\TX@old@table=\dimen163
\TX@old@col=\dimen164
\TX@target=\dimen165
\TX@delta=\dimen166
\TX@cols=\count289
\TX@ftn=\toks24
) (C:\Users\abdou\AppData\Local\Programs\MiKTeX\tex/latex/enumitem\enumitem.sty
Package: enumitem 2025/02/06 v3.11 Customized lists
\labelindent=\skip55
\enit@outerparindent=\dimen167
\enit@toks=\toks25
\enit@inbox=\box57
\enit@count@id=\count290
\enitdp@description=\count291
) (C:\Users\abdou\AppData\Local\Programs\MiKTeX\tex/latex/needspace\needspace.sty
Package: needspace 2025/03/13 v1.3e reserve vertical space
) (C:\Users\abdou\AppData\Local\Programs\MiKTeX\tex/latex/setspace\setspace.sty
Package: setspace 2022/12/04 v6.7b set line spacing
) (C:\Users\abdou\AppData\Local\Programs\MiKTeX\tex/latex/ragged2e\ragged2e.sty
Package: ragged2e 2023/06/22 v3.6 ragged2e Package
\CenteringLeftskip=\skip56
\RaggedLeftLeftskip=\skip57
\RaggedRightLeftskip=\skip58
\CenteringRightskip=\skip59
\RaggedLeftRightskip=\skip60
\RaggedRightRightskip=\skip61
\CenteringParfillskip=\skip62
\RaggedLeftParfillskip=\skip63
\RaggedRightParfillskip=\skip64
\JustifyingParfillskip=\skip65
\CenteringParindent=\skip66
\RaggedLeftParindent=\skip67
\RaggedRightParindent=\skip68
\JustifyingParindent=\skip69
) (C:\Users\abdou\AppData\Local\Programs\MiKTeX\tex/latex/tocloft\tocloft.sty
Package: tocloft 2017/08/31 v2.3i parameterised ToC, etc., typesetting
Package tocloft Info: The document has chapter divisions on input line 51.
\cftparskip=\skip70
\cftbeforetoctitleskip=\skip71
\cftaftertoctitleskip=\skip72
\cftbeforepartskip=\skip73
\cftpartnumwidth=\skip74
\cftpartindent=\skip75
\cftbeforechapskip=\skip76
\cftchapindent=\skip77
\cftchapnumwidth=\skip78
\cftbeforesecskip=\skip79
\cftsecindent=\skip80
\cftsecnumwidth=\skip81
\cftbeforesubsecskip=\skip82
\cftsubsecindent=\skip83
\cftsubsecnumwidth=\skip84
\cftbeforesubsubsecskip=\skip85
\cftsubsubsecindent=\skip86
\cftsubsubsecnumwidth=\skip87
\cftbeforeparaskip=\skip88
\cftparaindent=\skip89
\cftparanumwidth=\skip90
\cftbeforesubparaskip=\skip91
\cftsubparaindent=\skip92
\cftsubparanumwidth=\skip93
\cftbeforeloftitleskip=\skip94
\cftafterloftitleskip=\skip95
\cftbeforefigskip=\skip96
\cftfigindent=\skip97
\cftfignumwidth=\skip98
\c@lofdepth=\count292
\c@lotdepth=\count293
\cftbeforelottitleskip=\skip99
\cftafterlottitleskip=\skip100
\cftbeforetabskip=\skip101
\cfttabindent=\skip102
\cfttabnumwidth=\skip103
) (C:\Users\abdou\AppData\Local\Programs\MiKTeX\tex/latex/fancyhdr\fancyhdr.sty
Package: fancyhdr 2025/02/07 v5.2 Extensive control of page headers and footers
\f@nch@headwidth=\skip104
\f@nch@offset@elh=\skip105
\f@nch@offset@erh=\skip106
\f@nch@offset@olh=\skip107
\f@nch@offset@orh=\skip108
\f@nch@offset@elf=\skip109
\f@nch@offset@erf=\skip110
\f@nch@offset@olf=\skip111
\f@nch@offset@orf=\skip112
\f@nch@height=\skip113
\f@nch@footalignment=\skip114
\f@nch@widthL=\skip115
\f@nch@widthC=\skip116
\f@nch@widthR=\skip117
\@temptokenb=\toks26
) (C:\Users\abdou\AppData\Local\Programs\MiKTeX\tex/latex/caption\caption.sty
Package: caption 2023/08/05 v3.6o Customizing captions (AR)
 (C:\Users\abdou\AppData\Local\Programs\MiKTeX\tex/latex/caption\caption3.sty
Package: caption3 2023/07/31 v2.4d caption3 kernel (AR)
\caption@tempdima=\dimen168
\captionmargin=\dimen169
\caption@leftmargin=\dimen170
\caption@rightmargin=\dimen171
\caption@width=\dimen172
\caption@indent=\dimen173
\caption@parindent=\dimen174
\caption@hangindent=\dimen175
Package caption Info: Standard document class detected.
)
\c@caption@flags=\count294
\c@continuedfloat=\count295
Package caption Info: float package is loaded.
) (C:\Users\abdou\AppData\Local\Programs\MiKTeX\tex/latex/etoolbox\etoolbox.sty
Package: etoolbox 2025/10/02 v2.5m e-TeX tools for LaTeX (JAW)
\etb@tempcnta=\count296
) (C:\Users\abdou\AppData\Local\Programs\MiKTeX\tex/generic/babel\babel.sty
Package: babel 2026/02/14 v26.3 The multilingual framework for LuaLaTeX, pdfLaTeX and XeLaTeX
\babel@savecnt=\count297
LaTeX Encoding Info:    Redeclaring text command \ij (encoding OT1) on input line 2078.
LaTeX Encoding Info:    Redeclaring text command \IJ (encoding OT1) on input line 2080.
LaTeX Encoding Info:    Redeclaring text command \ij (encoding T1) on input line 2082.
LaTeX Encoding Info:    Redeclaring text command \IJ (encoding T1) on input line 2083.
LaTeX Encoding Info:    Ignoring declaration for text command \ij (encoding ?) on input line 2084.
LaTeX Encoding Info:    Ignoring declaration for text command \IJ (encoding ?) on input line 2086.
LaTeX Encoding Info:    Ignoring declaration for text command \SS (encoding ?) on input line 2111.
\U@D=\dimen176
\l@unhyphenated=\language79
 (C:\Users\abdou\AppData\Local\Programs\MiKTeX\tex/generic/babel\txtbabel.def)
\bbl@readstream=\read2
\bbl@dirlevel=\count298
Package babel Info: Configuration files are deprecated, as
(babel)             they can break document portability.
(babel)             Reported on input line 4206.

*************************************
* Local config file bblopts.cfg used
*
(C:\Users\abdou\AppData\Local\Programs\MiKTeX\tex/latex/arabi\bblopts.cfg
File: bblopts.cfg 2005/09/08 v0.1 add Arabic and Farsi to "declared" options of babel
) (C:\Users\abdou\AppData\Local\Programs\MiKTeX\tex/generic/babel/locale/en\babel-english.tex)
Package babel Info: Importing font and identification data for english
(babel)             from babel-en.ini. Reported on input line 4330.
 (C:\Users\abdou\AppData\Local\Programs\MiKTeX\tex/latex/babel-english\english.ldf
Language: english 2017/06/06 v3.3r English support from the babel system
Package babel Info: Hyphen rules for 'canadian' set to \l@english
(babel)             (\language0). Reported on input line 102.
Package babel Info: Hyphen rules for 'australian' set to \l@ukenglish
(babel)             (\language73). Reported on input line 105.
Package babel Info: Hyphen rules for 'newzealand' set to \l@ukenglish
(babel)             (\language73). Reported on input line 108.
)) (C:\Users\abdou\AppData\Local\Programs\MiKTeX\tex/latex/pdfpages\pdfpages.sty
Package: pdfpages 2026/03/30 v0.6h Insert pages of external PDF documents (AM)
 (C:\Users\abdou\AppData\Local\Programs\MiKTeX\tex/latex/base\ifthen.sty
Package: ifthen 2024/03/16 v1.1e Standard LaTeX ifthen package (DPC)
) (C:\Users\abdou\AppData\Local\Programs\MiKTeX\tex/latex/tools\calc.sty
Package: calc 2025/03/01 v4.3b Infix arithmetic (KKT,FJ)
\calc@Acount=\count299
\calc@Bcount=\count300
\calc@Adimen=\dimen177
\calc@Bdimen=\dimen178
\calc@Askip=\skip118
\calc@Bskip=\skip119
LaTeX Info: Redefining \setlength on input line 86.
LaTeX Info: Redefining \addtolength on input line 87.
\calc@Ccount=\count301
\calc@Cskip=\skip120
) (C:\Users\abdou\AppData\Local\Programs\MiKTeX\tex/latex/eso-pic\eso-pic.sty
Package: eso-pic 2025/12/10 v3.0d eso-pic (RN)
\ESO@tempdima=\dimen179
\ESO@tempdimb=\dimen180
 (C:\Users\abdou\AppData\Local\Programs\MiKTeX\tex/latex/xcolor\xcolor.sty
Package: xcolor 2024/09/29 v3.02 LaTeX color extensions (UK)
 (C:\Users\abdou\AppData\Local\Programs\MiKTeX\tex/latex/graphics-cfg\color.cfg
File: color.cfg 2016/01/02 v1.6 sample color configuration
)
Package xcolor Info: Driver file: pdftex.def on input line 274.
 (C:\Users\abdou\AppData\Local\Programs\MiKTeX\tex/latex/graphics\mathcolor.ltx)
Package xcolor Info: Model `cmy' substituted by `cmy0' on input line 1349.
Package xcolor Info: Model `hsb' substituted by `rgb' on input line 1353.
Package xcolor Info: Model `RGB' extended on input line 1365.
Package xcolor Info: Model `HTML' substituted by `rgb' on input line 1367.
Package xcolor Info: Model `Hsb' substituted by `hsb' on input line 1368.
Package xcolor Info: Model `tHsb' substituted by `hsb' on input line 1369.
Package xcolor Info: Model `HSB' substituted by `hsb' on input line 1370.
Package xcolor Info: Model `Gray' substituted by `gray' on input line 1371.
Package xcolor Info: Model `wave' substituted by `hsb' on input line 1372.
))
\AM@pagewidth=\dimen181
\AM@pageheight=\dimen182
\AM@fboxrule=\dimen183
 (C:\Users\abdou\AppData\Local\Programs\MiKTeX\tex/latex/pdfpages\pppdftex.def
File: pppdftex.def 2026/03/30 v0.6h Pdfpages driver for pdfTeX (AM)
)
\pdfpages@includegraphics@status=\count302
\AM@pagebox=\box58
\AM@global@opts=\toks27
\AM@pagecnt=\count303
\AM@toc@title=\toks28
\AM@lof@heading=\toks29
\c@AM@survey=\count304
\AM@templatesizebox=\box59
) (C:\Users\abdou\AppData\Local\Programs\MiKTeX\tex/latex/hyperref\hyperref.sty
Package: hyperref 2026-01-29 v7.01p Hypertext links for LaTeX
 (C:\Users\abdou\AppData\Local\Programs\MiKTeX\tex/latex/kvsetkeys\kvsetkeys.sty
Package: kvsetkeys 2022-10-05 v1.19 Key value parser (HO)
) (C:\Users\abdou\AppData\Local\Programs\MiKTeX\tex/generic/kvdefinekeys\kvdefinekeys.sty
Package: kvdefinekeys 2019-12-19 v1.6 Define keys (HO)
) (C:\Users\abdou\AppData\Local\Programs\MiKTeX\tex/generic/pdfescape\pdfescape.sty
Package: pdfescape 2019/12/09 v1.15 Implements pdfTeX's escape features (HO)
 (C:\Users\abdou\AppData\Local\Programs\MiKTeX\tex/generic/ltxcmds\ltxcmds.sty
Package: ltxcmds 2023-12-04 v1.26 LaTeX kernel commands for general use (HO)
) (C:\Users\abdou\AppData\Local\Programs\MiKTeX\tex/generic/pdftexcmds\pdftexcmds.sty
Package: pdftexcmds 2020-06-27 v0.33 Utility functions of pdfTeX for LuaTeX (HO)
 (C:\Users\abdou\AppData\Local\Programs\MiKTeX\tex/generic/infwarerr\infwarerr.sty
Package: infwarerr 2019/12/03 v1.5 Providing info/warning/error messages (HO)
)
Package pdftexcmds Info: \pdf@primitive is available.
Package pdftexcmds Info: \pdf@ifprimitive is available.
Package pdftexcmds Info: \pdfdraftmode found.
)) (C:\Users\abdou\AppData\Local\Programs\MiKTeX\tex/latex/hycolor\hycolor.sty
Package: hycolor 2020-01-27 v1.10 Color options for hyperref/bookmark (HO)
) (C:\Users\abdou\AppData\Local\Programs\MiKTeX\tex/latex/hyperref\nameref.sty
Package: nameref 2026-01-29 v2.58 Cross-referencing by name of section
 (C:\Users\abdou\AppData\Local\Programs\MiKTeX\tex/latex/refcount\refcount.sty
Package: refcount 2019/12/15 v3.6 Data extraction from label references (HO)
) (C:\Users\abdou\AppData\Local\Programs\MiKTeX\tex/generic/gettitlestring\gettitlestring.sty
Package: gettitlestring 2019/12/15 v1.6 Cleanup title references (HO)
 (C:\Users\abdou\AppData\Local\Programs\MiKTeX\tex/latex/kvoptions\kvoptions.sty
Package: kvoptions 2022-06-15 v3.15 Key value format for package options (HO)
))
\c@section@level=\count305
) (C:\Users\abdou\AppData\Local\Programs\MiKTeX\tex/generic/stringenc\stringenc.sty
Package: stringenc 2019/11/29 v1.12 Convert strings between diff. encodings (HO)
)
\@linkdim=\dimen184
\Hy@linkcounter=\count306
\Hy@pagecounter=\count307
 (C:\Users\abdou\AppData\Local\Programs\MiKTeX\tex/latex/hyperref\pd1enc.def
File: pd1enc.def 2026-01-29 v7.01p Hyperref: PDFDocEncoding definition (HO)
Now handling font encoding PD1 ...
... no UTF-8 mapping file for font encoding PD1
) (C:\Users\abdou\AppData\Local\Programs\MiKTeX\tex/generic/intcalc\intcalc.sty
Package: intcalc 2019/12/15 v1.3 Expandable calculations with integers (HO)
)
\Hy@SavedSpaceFactor=\count308
 (C:\Users\abdou\AppData\Local\Programs\MiKTeX\tex/latex/hyperref\puenc.def
File: puenc.def 2026-01-29 v7.01p Hyperref: PDF Unicode definition (HO)
Now handling font encoding PU ...
... no UTF-8 mapping file for font encoding PU
)
Package hyperref Info: Hyper figures OFF on input line 4201.
Package hyperref Info: Link nesting OFF on input line 4206.
Package hyperref Info: Hyper index ON on input line 4209.
Package hyperref Info: Plain pages OFF on input line 4216.
Package hyperref Info: Backreferencing OFF on input line 4221.
Package hyperref Info: Implicit mode ON; LaTeX internals redefined.
Package hyperref Info: Bookmarks ON on input line 4468.
\c@Hy@tempcnt=\count309
 (C:\Users\abdou\AppData\Local\Programs\MiKTeX\tex/latex/url\url.sty
\Urlmuskip=\muskip17
Package: url 2013/09/16  ver 3.4  Verb mode for urls, etc.
)
LaTeX Info: Redefining \url on input line 4807.
\XeTeXLinkMargin=\dimen185
 (C:\Users\abdou\AppData\Local\Programs\MiKTeX\tex/generic/bitset\bitset.sty
Package: bitset 2019/12/09 v1.3 Handle bit-vector datatype (HO)
 (C:\Users\abdou\AppData\Local\Programs\MiKTeX\tex/generic/bigintcalc\bigintcalc.sty
Package: bigintcalc 2019/12/15 v1.5 Expandable calculations on big integers (HO)
))
\Fld@menulength=\count310
\Field@Width=\dimen186
\Fld@charsize=\dimen187
Package hyperref Info: Hyper figures OFF on input line 6084.
Package hyperref Info: Link nesting OFF on input line 6089.
Package hyperref Info: Hyper index ON on input line 6092.
Package hyperref Info: backreferencing OFF on input line 6099.
Package hyperref Info: Link coloring OFF on input line 6104.
Package hyperref Info: Link coloring with OCG OFF on input line 6109.
Package hyperref Info: PDF/A mode OFF on input line 6114.
\Hy@abspage=\count311
\c@Item=\count312
\c@Hfootnote=\count313
)
Package hyperref Info: Driver (autodetected): hpdftex.
 (C:\Users\abdou\AppData\Local\Programs\MiKTeX\tex/latex/hyperref\hpdftex.def
File: hpdftex.def 2026-01-29 v7.01p Hyperref driver for pdfTeX
\Fld@listcount=\count314
\c@bookmark@seq@number=\count315
 (C:\Users\abdou\AppData\Local\Programs\MiKTeX\tex/latex/rerunfilecheck\rerunfilecheck.sty
Package: rerunfilecheck 2025-06-21 v1.11 Rerun checks for auxiliary files (HO)
 (C:\Users\abdou\AppData\Local\Programs\MiKTeX\tex/generic/uniquecounter\uniquecounter.sty
Package: uniquecounter 2019/12/15 v1.4 Provide unlimited unique counter (HO)
)
Package uniquecounter Info: New unique counter `rerunfilecheck' on input line 284.
)
\Hy@SectionHShift=\skip121
)
Package hyperref Info: Option `colorlinks' set `true' on input line 27.
 (C:\Users\abdou\AppData\Local\Programs\MiKTeX\tex/latex/colortbl\colortbl.sty
Package: colortbl 2024/10/29 v1.0k Color table columns (DPC)
\everycr=\toks30
\minrowclearance=\skip122
\rownum=\count316
) (C:\Users\abdou\AppData\Local\Programs\MiKTeX\tex/latex/tools\longtable.sty
Package: longtable 2025-10-13 v4.24 Multi-page Table package (DPC)
\LTleft=\skip123
\LTright=\skip124
\LTpre=\skip125
\LTpost=\skip126
\LTchunksize=\count317
\LTcapwidth=\dimen188
\LT@head=\box60
\LT@firsthead=\box61
\LT@foot=\box62
\LT@lastfoot=\box63
\LT@gbox=\box64
\LT@cols=\count318
\LT@rows=\count319
\c@LT@tables=\count320
\c@LT@chunks=\count321
\LT@p@ftn=\toks31
) (C:\Users\abdou\AppData\Local\Programs\MiKTeX\tex/latex/booktabs\booktabs.sty
Package: booktabs 2020/01/12 v1.61803398 Publication quality tables
\heavyrulewidth=\dimen189
\lightrulewidth=\dimen190
\cmidrulewidth=\dimen191
\belowrulesep=\dimen192
\belowbottomsep=\dimen193
\aboverulesep=\dimen194
\abovetopsep=\dimen195
\cmidrulesep=\dimen196
\cmidrulekern=\dimen197
\defaultaddspace=\dimen198
\@cmidla=\count322
\@cmidlb=\count323
\@aboverulesep=\dimen199
\@belowrulesep=\dimen256
\@thisruleclass=\count324
\@lastruleclass=\count325
\@thisrulewidth=\dimen257
) (C:\Users\abdou\AppData\Local\Programs\MiKTeX\tex/latex/pgf/frontendlayer\tikz.sty (C:\Users\abdou\AppData\Local\Programs\MiKTeX\tex/latex/pgf/basiclayer\pgf.sty (C:\Users\abdou\AppData\Local\Programs\MiKTeX\tex/latex/pgf/utilities\pgfrcs.sty (C:\Users\abdou\AppData\Local\Programs\MiKTeX\tex/generic/pgf/utilities\pgfutil-common.tex
\pgfutil@everybye=\toks32
\pgfutil@tempdima=\dimen258
\pgfutil@tempdimb=\dimen259
) (C:\Users\abdou\AppData\Local\Programs\MiKTeX\tex/generic/pgf/utilities\pgfutil-latex.def
\pgfutil@abb=\box65
) (C:\Users\abdou\AppData\Local\Programs\MiKTeX\tex/generic/pgf/utilities\pgfrcs.code.tex (C:\Users\abdou\AppData\Local\Programs\MiKTeX\tex/generic/pgf\pgf.revision.tex)
Package: pgfrcs 2025-08-29 v3.1.11a (3.1.11a)
))
Package: pgf 2025-08-29 v3.1.11a (3.1.11a)
 (C:\Users\abdou\AppData\Local\Programs\MiKTeX\tex/latex/pgf/basiclayer\pgfcore.sty (C:\Users\abdou\AppData\Local\Programs\MiKTeX\tex/latex/pgf/systemlayer\pgfsys.sty (C:\Users\abdou\AppData\Local\Programs\MiKTeX\tex/generic/pgf/systemlayer\pgfsys.code.tex
Package: pgfsys 2025-08-29 v3.1.11a (3.1.11a)
 (C:\Users\abdou\AppData\Local\Programs\MiKTeX\tex/generic/pgf/utilities\pgfkeys.code.tex
\pgfkeys@pathtoks=\toks33
\pgfkeys@temptoks=\toks34
 (C:\Users\abdou\AppData\Local\Programs\MiKTeX\tex/generic/pgf/utilities\pgfkeyslibraryfiltered.code.tex
\pgfkeys@tmptoks=\toks35
))
\pgf@x=\dimen260
\pgf@y=\dimen261
\pgf@xa=\dimen262
\pgf@ya=\dimen263
\pgf@xb=\dimen264
\pgf@yb=\dimen265
\pgf@xc=\dimen266
\pgf@yc=\dimen267
\pgf@xd=\dimen268
\pgf@yd=\dimen269
\w@pgf@writea=\write3
\r@pgf@reada=\read3
\c@pgf@counta=\count326
\c@pgf@countb=\count327
\c@pgf@countc=\count328
\c@pgf@countd=\count329
\t@pgf@toka=\toks36
\t@pgf@tokb=\toks37
\t@pgf@tokc=\toks38
\pgf@sys@id@count=\count330
 (C:\Users\abdou\AppData\Local\Programs\MiKTeX\tex/generic/pgf/systemlayer\pgf.cfg
File: pgf.cfg 2025-08-29 v3.1.11a (3.1.11a)
)
Driver file for pgf: pgfsys-pdftex.def
 (C:\Users\abdou\AppData\Local\Programs\MiKTeX\tex/generic/pgf/systemlayer\pgfsys-pdftex.def
File: pgfsys-pdftex.def 2025-08-29 v3.1.11a (3.1.11a)
 (C:\Users\abdou\AppData\Local\Programs\MiKTeX\tex/generic/pgf/systemlayer\pgfsys-common-pdf.def
File: pgfsys-common-pdf.def 2025-08-29 v3.1.11a (3.1.11a)
))) (C:\Users\abdou\AppData\Local\Programs\MiKTeX\tex/generic/pgf/systemlayer\pgfsyssoftpath.code.tex
File: pgfsyssoftpath.code.tex 2025-08-29 v3.1.11a (3.1.11a)
\pgfsyssoftpath@smallbuffer@items=\count331
\pgfsyssoftpath@bigbuffer@items=\count332
) (C:\Users\abdou\AppData\Local\Programs\MiKTeX\tex/generic/pgf/systemlayer\pgfsysprotocol.code.tex
File: pgfsysprotocol.code.tex 2025-08-29 v3.1.11a (3.1.11a)
)) (C:\Users\abdou\AppData\Local\Programs\MiKTeX\tex/generic/pgf/basiclayer\pgfcore.code.tex
Package: pgfcore 2025-08-29 v3.1.11a (3.1.11a)
 (C:\Users\abdou\AppData\Local\Programs\MiKTeX\tex/generic/pgf/math\pgfmath.code.tex (C:\Users\abdou\AppData\Local\Programs\MiKTeX\tex/generic/pgf/math\pgfmathutil.code.tex) (C:\Users\abdou\AppData\Local\Programs\MiKTeX\tex/generic/pgf/math\pgfmathparser.code.tex
\pgfmath@dimen=\dimen270
\pgfmath@count=\count333
\pgfmath@box=\box66
\pgfmath@toks=\toks39
\pgfmath@stack@operand=\toks40
\pgfmath@stack@operation=\toks41
) (C:\Users\abdou\AppData\Local\Programs\MiKTeX\tex/generic/pgf/math\pgfmathfunctions.code.tex) (C:\Users\abdou\AppData\Local\Programs\MiKTeX\tex/generic/pgf/math\pgfmathfunctions.basic.code.tex) (C:\Users\abdou\AppData\Local\Programs\MiKTeX\tex/generic/pgf/math\pgfmathfunctions.trigonometric.code.tex) (C:\Users\abdou\AppData\Local\Programs\MiKTeX\tex/generic/pgf/math\pgfmathfunctions.random.code.tex) (C:\Users\abdou\AppData\Local\Programs\MiKTeX\tex/generic/pgf/math\pgfmathfunctions.comparison.code.tex) (C:\Users\abdou\AppData\Local\Programs\MiKTeX\tex/generic/pgf/math\pgfmathfunctions.base.code.tex) (C:\Users\abdou\AppData\Local\Programs\MiKTeX\tex/generic/pgf/math\pgfmathfunctions.round.code.tex) (C:\Users\abdou\AppData\Local\Programs\MiKTeX\tex/generic/pgf/math\pgfmathfunctions.misc.code.tex) (C:\Users\abdou\AppData\Local\Programs\MiKTeX\tex/generic/pgf/math\pgfmathfunctions.integerarithmetics.code.tex) (C:\Users\abdou\AppData\Local\Programs\MiKTeX\tex/generic/pgf/math\pgfmathcalc.code.tex) (C:\Users\abdou\AppData\Local\Programs\MiKTeX\tex/generic/pgf/math\pgfmathfloat.code.tex
\c@pgfmathroundto@lastzeros=\count334
)) (C:\Users\abdou\AppData\Local\Programs\MiKTeX\tex/generic/pgf/math\pgfint.code.tex) (C:\Users\abdou\AppData\Local\Programs\MiKTeX\tex/generic/pgf/basiclayer\pgfcorepoints.code.tex
File: pgfcorepoints.code.tex 2025-08-29 v3.1.11a (3.1.11a)
\pgf@picminx=\dimen271
\pgf@picmaxx=\dimen272
\pgf@picminy=\dimen273
\pgf@picmaxy=\dimen274
\pgf@pathminx=\dimen275
\pgf@pathmaxx=\dimen276
\pgf@pathminy=\dimen277
\pgf@pathmaxy=\dimen278
\pgf@xx=\dimen279
\pgf@xy=\dimen280
\pgf@yx=\dimen281
\pgf@yy=\dimen282
\pgf@zx=\dimen283
\pgf@zy=\dimen284
) (C:\Users\abdou\AppData\Local\Programs\MiKTeX\tex/generic/pgf/basiclayer\pgfcorepathconstruct.code.tex
File: pgfcorepathconstruct.code.tex 2025-08-29 v3.1.11a (3.1.11a)
\pgf@path@lastx=\dimen285
\pgf@path@lasty=\dimen286
) (C:\Users\abdou\AppData\Local\Programs\MiKTeX\tex/generic/pgf/basiclayer\pgfcorepathusage.code.tex
File: pgfcorepathusage.code.tex 2025-08-29 v3.1.11a (3.1.11a)
\pgf@shorten@end@additional=\dimen287
\pgf@shorten@start@additional=\dimen288
) (C:\Users\abdou\AppData\Local\Programs\MiKTeX\tex/generic/pgf/basiclayer\pgfcorescopes.code.tex
File: pgfcorescopes.code.tex 2025-08-29 v3.1.11a (3.1.11a)
\pgfpic=\box67
\pgf@hbox=\box68
\pgf@layerbox@main=\box69
\pgf@picture@serial@count=\count335
) (C:\Users\abdou\AppData\Local\Programs\MiKTeX\tex/generic/pgf/basiclayer\pgfcoregraphicstate.code.tex
File: pgfcoregraphicstate.code.tex 2025-08-29 v3.1.11a (3.1.11a)
\pgflinewidth=\dimen289
) (C:\Users\abdou\AppData\Local\Programs\MiKTeX\tex/generic/pgf/basiclayer\pgfcoretransformations.code.tex
File: pgfcoretransformations.code.tex 2025-08-29 v3.1.11a (3.1.11a)
\pgf@pt@x=\dimen290
\pgf@pt@y=\dimen291
\pgf@pt@temp=\dimen292
) (C:\Users\abdou\AppData\Local\Programs\MiKTeX\tex/generic/pgf/basiclayer\pgfcorequick.code.tex
File: pgfcorequick.code.tex 2025-08-29 v3.1.11a (3.1.11a)
) (C:\Users\abdou\AppData\Local\Programs\MiKTeX\tex/generic/pgf/basiclayer\pgfcoreobjects.code.tex
File: pgfcoreobjects.code.tex 2025-08-29 v3.1.11a (3.1.11a)
) (C:\Users\abdou\AppData\Local\Programs\MiKTeX\tex/generic/pgf/basiclayer\pgfcorepathprocessing.code.tex
File: pgfcorepathprocessing.code.tex 2025-08-29 v3.1.11a (3.1.11a)
) (C:\Users\abdou\AppData\Local\Programs\MiKTeX\tex/generic/pgf/basiclayer\pgfcorearrows.code.tex
File: pgfcorearrows.code.tex 2025-08-29 v3.1.11a (3.1.11a)
\pgfarrowsep=\dimen293
) (C:\Users\abdou\AppData\Local\Programs\MiKTeX\tex/generic/pgf/basiclayer\pgfcoreshade.code.tex
File: pgfcoreshade.code.tex 2025-08-29 v3.1.11a (3.1.11a)
\pgf@max=\dimen294
\pgf@sys@shading@range@num=\count336
\pgf@shadingcount=\count337
) (C:\Users\abdou\AppData\Local\Programs\MiKTeX\tex/generic/pgf/basiclayer\pgfcoreimage.code.tex
File: pgfcoreimage.code.tex 2025-08-29 v3.1.11a (3.1.11a)
) (C:\Users\abdou\AppData\Local\Programs\MiKTeX\tex/generic/pgf/basiclayer\pgfcoreexternal.code.tex
File: pgfcoreexternal.code.tex 2025-08-29 v3.1.11a (3.1.11a)
\pgfexternal@startupbox=\box70
) (C:\Users\abdou\AppData\Local\Programs\MiKTeX\tex/generic/pgf/basiclayer\pgfcorelayers.code.tex
File: pgfcorelayers.code.tex 2025-08-29 v3.1.11a (3.1.11a)
) (C:\Users\abdou\AppData\Local\Programs\MiKTeX\tex/generic/pgf/basiclayer\pgfcoretransparency.code.tex
File: pgfcoretransparency.code.tex 2025-08-29 v3.1.11a (3.1.11a)
) (C:\Users\abdou\AppData\Local\Programs\MiKTeX\tex/generic/pgf/basiclayer\pgfcorepatterns.code.tex
File: pgfcorepatterns.code.tex 2025-08-29 v3.1.11a (3.1.11a)
) (C:\Users\abdou\AppData\Local\Programs\MiKTeX\tex/generic/pgf/basiclayer\pgfcorerdf.code.tex
File: pgfcorerdf.code.tex 2025-08-29 v3.1.11a (3.1.11a)
))) (C:\Users\abdou\AppData\Local\Programs\MiKTeX\tex/generic/pgf/modules\pgfmoduleshapes.code.tex
File: pgfmoduleshapes.code.tex 2025-08-29 v3.1.11a (3.1.11a)
\pgfnodeparttextbox=\box71
) (C:\Users\abdou\AppData\Local\Programs\MiKTeX\tex/generic/pgf/modules\pgfmoduleplot.code.tex
File: pgfmoduleplot.code.tex 2025-08-29 v3.1.11a (3.1.11a)
) (C:\Users\abdou\AppData\Local\Programs\MiKTeX\tex/latex/pgf/compatibility\pgfcomp-version-0-65.sty
Package: pgfcomp-version-0-65 2025-08-29 v3.1.11a (3.1.11a)
\pgf@nodesepstart=\dimen295
\pgf@nodesepend=\dimen296
) (C:\Users\abdou\AppData\Local\Programs\MiKTeX\tex/latex/pgf/compatibility\pgfcomp-version-1-18.sty
Package: pgfcomp-version-1-18 2025-08-29 v3.1.11a (3.1.11a)
)) (C:\Users\abdou\AppData\Local\Programs\MiKTeX\tex/latex/pgf/utilities\pgffor.sty (C:\Users\abdou\AppData\Local\Programs\MiKTeX\tex/latex/pgf/utilities\pgfkeys.sty (C:\Users\abdou\AppData\Local\Programs\MiKTeX\tex/generic/pgf/utilities\pgfkeys.code.tex)) (C:\Users\abdou\AppData\Local\Programs\MiKTeX\tex/latex/pgf/math\pgfmath.sty (C:\Users\abdou\AppData\Local\Programs\MiKTeX\tex/generic/pgf/math\pgfmath.code.tex)) (C:\Users\abdou\AppData\Local\Programs\MiKTeX\tex/generic/pgf/utilities\pgffor.code.tex
Package: pgffor 2025-08-29 v3.1.11a (3.1.11a)
\pgffor@iter=\dimen297
\pgffor@skip=\dimen298
\pgffor@stack=\toks42
\pgffor@toks=\toks43
)) (C:\Users\abdou\AppData\Local\Programs\MiKTeX\tex/generic/pgf/frontendlayer/tikz\tikz.code.tex
Package: tikz 2025-08-29 v3.1.11a (3.1.11a)
 (C:\Users\abdou\AppData\Local\Programs\MiKTeX\tex/generic/pgf/libraries\pgflibraryplothandlers.code.tex
File: pgflibraryplothandlers.code.tex 2025-08-29 v3.1.11a (3.1.11a)
\pgf@plot@mark@count=\count338
\pgfplotmarksize=\dimen299
)
\tikz@lastx=\dimen300
\tikz@lasty=\dimen301
\tikz@lastxsaved=\dimen302
\tikz@lastysaved=\dimen303
\tikz@lastmovetox=\dimen304
\tikz@lastmovetoy=\dimen305
\tikzleveldistance=\dimen306
\tikzsiblingdistance=\dimen307
\tikz@figbox=\box72
\tikz@figbox@bg=\box73
\tikz@tempbox=\box74
\tikz@tempbox@bg=\box75
\tikztreelevel=\count339
\tikznumberofchildren=\count340
\tikznumberofcurrentchild=\count341
\tikz@fig@count=\count342
 (C:\Users\abdou\AppData\Local\Programs\MiKTeX\tex/generic/pgf/modules\pgfmodulematrix.code.tex
File: pgfmodulematrix.code.tex 2025-08-29 v3.1.11a (3.1.11a)
\pgfmatrixcurrentrow=\count343
\pgfmatrixcurrentcolumn=\count344
\pgf@matrix@numberofcolumns=\count345
)
\tikz@expandcount=\count346
 (C:\Users\abdou\AppData\Local\Programs\MiKTeX\tex/generic/pgf/frontendlayer/tikz/libraries\tikzlibrarytopaths.code.tex
File: tikzlibrarytopaths.code.tex 2025-08-29 v3.1.11a (3.1.11a)
))) (C:\Users\abdou\AppData\Local\Programs\MiKTeX\tex/generic/pgf/libraries\pgflibraryarrows.meta.code.tex
File: pgflibraryarrows.meta.code.tex 2025-08-29 v3.1.11a (3.1.11a)
\pgfarrowinset=\dimen308
\pgfarrowlength=\dimen309
\pgfarrowwidth=\dimen310
\pgfarrowlinewidth=\dimen311
) (C:\Users\abdou\AppData\Local\Programs\MiKTeX\tex/generic/pgf/frontendlayer/tikz/libraries\tikzlibraryfit.code.tex
File: tikzlibraryfit.code.tex 2025-08-29 v3.1.11a (3.1.11a)
) (C:\Users\abdou\AppData\Local\Programs\MiKTeX\tex/generic/pgf/frontendlayer/tikz/libraries\tikzlibrarypositioning.code.tex
File: tikzlibrarypositioning.code.tex 2025-08-29 v3.1.11a (3.1.11a)
)
LaTeX Font Info:    Trying to load font information for T1+ptm on input line 168.
 (C:\Users\abdou\AppData\Local\Programs\MiKTeX\tex/latex/psnfss\t1ptm.fd
File: t1ptm.fd 2001/06/04 font definitions for T1/ptm.
) (C:\Users\abdou\AppData\Local\Programs\MiKTeX\tex/latex/l3backend\l3backend-pdftex.def
File: l3backend-pdftex.def 2025-10-09 L3 backend support: PDF output (pdfTeX)
\l__color_backend_stack_int=\count347
) (main.aux (sections/page_garde/page_garde.aux) (sections/dedicace/dedicace.aux) (sections/remerciements/remerciements.aux) (sections/table_matieres/table_matieres.aux) (sections/liste_figures/liste_figures.aux) (sections/liste_tableaux/liste_tableaux.aux) (sections/introduction_generale/introduction_generale.aux) (sections/chapitre1/chapitre1.aux))
\openout1 = `main.aux'.

LaTeX Font Info:    Checking defaults for OML/cmm/m/it on input line 168.
LaTeX Font Info:    ... okay on input line 168.
LaTeX Font Info:    Checking defaults for OMS/cmsy/m/n on input line 168.
LaTeX Font Info:    ... okay on input line 168.
LaTeX Font Info:    Checking defaults for OT1/cmr/m/n on input line 168.
LaTeX Font Info:    ... okay on input line 168.
LaTeX Font Info:    Checking defaults for T1/cmr/m/n on input line 168.
LaTeX Font Info:    ... okay on input line 168.
LaTeX Font Info:    Checking defaults for TS1/cmr/m/n on input line 168.
LaTeX Font Info:    ... okay on input line 168.
LaTeX Font Info:    Checking defaults for OMX/cmex/m/n on input line 168.
LaTeX Font Info:    ... okay on input line 168.
LaTeX Font Info:    Checking defaults for U/cmr/m/n on input line 168.
LaTeX Font Info:    ... okay on input line 168.
LaTeX Font Info:    Checking defaults for PD1/pdf/m/n on input line 168.
LaTeX Font Info:    ... okay on input line 168.
LaTeX Font Info:    Checking defaults for PU/pdf/m/n on input line 168.
LaTeX Font Info:    ... okay on input line 168.
\big@size=\dimen312

*geometry* driver: auto-detecting
*geometry* detected driver: pdftex
*geometry* verbose mode - [ preamble ] result:
* driver: pdftex
* paper: a4paper
* layout: <same size as paper>
* layoutoffset:(h,v)=(0.0pt,0.0pt)
* modes: 
* h-part:(L,W,R)=(85.35826pt, 455.24411pt, 56.9055pt)
* v-part:(T,H,B)=(71.13188pt, 702.78308pt, 71.13188pt)
* \paperwidth=597.50787pt
* \paperheight=845.04684pt
* \textwidth=455.24411pt
* \textheight=702.78308pt
* \oddsidemargin=13.08827pt
* \evensidemargin=13.08827pt
* \topmargin=-38.1381pt
* \headheight=12.0pt
* \headsep=25.0pt
* \topskip=12.0pt
* \footskip=30.0pt
* \marginparwidth=35.0pt
* \marginparsep=10.0pt
* \columnsep=10.0pt
* \skip\footins=10.8pt plus 4.0pt minus 2.0pt
* \hoffset=0.0pt
* \voffset=0.0pt
* \mag=1000
* \@twocolumnfalse
* \@twosidefalse
* \@mparswitchfalse
* \@reversemarginfalse
* (1in=72.27pt=25.4mm, 1cm=28.453pt)

(C:\Users\abdou\AppData\Local\Programs\MiKTeX\tex/context/base/mkii\supp-pdf.mkii
[Loading MPS to PDF converter (version 2006.09.02).]
\scratchcounter=\count348
\scratchdimen=\dimen313
\scratchbox=\box76
\nofMPsegments=\count349
\nofMParguments=\count350
\everyMPshowfont=\toks44
\MPscratchCnt=\count351
\MPscratchDim=\dimen314
\MPnumerator=\count352
\makeMPintoPDFobject=\count353
\everyMPtoPDFconversion=\toks45
) (C:\Users\abdou\AppData\Local\Programs\MiKTeX\tex/latex/epstopdf-pkg\epstopdf-base.sty
Package: epstopdf-base 2020-01-24 v2.11 Base part for package epstopdf
Package epstopdf-base Info: Redefining graphics rule for `.eps' on input line 485.
 (C:\Users\abdou\AppData\Local\Programs\MiKTeX\tex/latex/00miktex\epstopdf-sys.cfg
File: epstopdf-sys.cfg 2021/03/18 v2.0 Configuration of epstopdf for MiKTeX
))
Package caption Info: Begin \AtBeginDocument code.
Package caption Info: hyperref package is loaded.
Package caption Info: longtable package is loaded.
 (C:\Users\abdou\AppData\Local\Programs\MiKTeX\tex/latex/caption\ltcaption.sty
Package: ltcaption 2021/01/08 v1.4c longtable captions (AR)
)
Package caption Info: End \AtBeginDocument code.
 (C:\Users\abdou\AppData\Local\Programs\MiKTeX\tex/latex/pdflscape\pdflscape.sty
Package: pdflscape 2022-10-27 v0.13 Display of landscape pages in PDF
 (C:\Users\abdou\AppData\Local\Programs\MiKTeX\tex/latex/pdflscape\pdflscape-nometadata.sty
Package: pdflscape-nometadata 2022-10-28 v0.13 Display of landscape pages in PDF (HO)
 (C:\Users\abdou\AppData\Local\Programs\MiKTeX\tex/latex/graphics\lscape.sty
Package: lscape 2020/05/28 v3.02 Landscape Pages (DPC)
)
Package pdflscape Info: Auto-detected driver: pdftex on input line 81.
))
Package hyperref Info: Link coloring ON on input line 168.
 (main.out) (main.out)
\@outlinefile=\write4
\openout4 = `main.out'.

\openout2 = `sections/page_garde/page_garde.aux'.

 (sections/page_garde/page_garde.tex
<sections/page_garde/img/iset_logo.png, id=426, 217.81375pt x 232.87pt>
File: sections/page_garde/img/iset_logo.png Graphic file (type png)
<use sections/page_garde/img/iset_logo.png>
Package pdftex.def Info: sections/page_garde/img/iset_logo.png  used on input line 8.
(pdftex.def)             Requested size: 71.13188pt x 76.04784pt.
<sections/page_garde/img/arabsoft_logo.jpg, id=427, 200.75pt x 200.75pt>
File: sections/page_garde/img/arabsoft_logo.jpg Graphic file (type jpg)
<use sections/page_garde/img/arabsoft_logo.jpg>
Package pdftex.def Info: sections/page_garde/img/arabsoft_logo.jpg  used on input line 24.
(pdftex.def)             Requested size: 99.58464pt x 99.5875pt.
LaTeX Font Info:    Calculating math sizes for size <10.5> on input line 30.
LaTeX Font Info:    Trying to load font information for OT1+ztmcm on input line 30.
 (C:\Users\abdou\AppData\Local\Programs\MiKTeX\tex/latex/psnfss\ot1ztmcm.fd
File: ot1ztmcm.fd 2000/01/03 Fontinst v1.801 font definitions for OT1/ztmcm.
)
LaTeX Font Info:    Trying to load font information for OML+ztmcm on input line 30.
 (C:\Users\abdou\AppData\Local\Programs\MiKTeX\tex/latex/psnfss\omlztmcm.fd
File: omlztmcm.fd 2000/01/03 Fontinst v1.801 font definitions for OML/ztmcm.
)
LaTeX Font Info:    Trying to load font information for OMS+ztmcm on input line 30.
 (C:\Users\abdou\AppData\Local\Programs\MiKTeX\tex/latex/psnfss\omsztmcm.fd
File: omsztmcm.fd 2000/01/03 Fontinst v1.801 font definitions for OMS/ztmcm.
)
LaTeX Font Info:    Trying to load font information for OMX+ztmcm on input line 30.
 (C:\Users\abdou\AppData\Local\Programs\MiKTeX\tex/latex/psnfss\omxztmcm.fd
File: omxztmcm.fd 2000/01/03 Fontinst v1.801 font definitions for OMX/ztmcm.
)
LaTeX Font Info:    Trying to load font information for OT1+ptm on input line 30.
 (C:\Users\abdou\AppData\Local\Programs\MiKTeX\tex/latex/psnfss\ot1ptm.fd
File: ot1ptm.fd 2001/06/04 font definitions for OT1/ptm.
)
LaTeX Font Info:    Font shape `OT1/ptm/bx/n' in size <10.5> not available
(Font)              Font shape `OT1/ptm/b/n' tried instead on input line 30.
LaTeX Font Info:    Font shape `OT1/ptm/bx/n' in size <7.77005> not available
(Font)              Font shape `OT1/ptm/b/n' tried instead on input line 30.
LaTeX Font Info:    Font shape `OT1/ptm/bx/n' in size <6.30006> not available
(Font)              Font shape `OT1/ptm/b/n' tried instead on input line 30.
LaTeX Font Info:    Font shape `OT1/ptm/bx/n' in size <12> not available
(Font)              Font shape `OT1/ptm/b/n' tried instead on input line 54.
LaTeX Font Info:    Font shape `OT1/ptm/bx/n' in size <9> not available
(Font)              Font shape `OT1/ptm/b/n' tried instead on input line 54.
LaTeX Font Info:    Font shape `OT1/ptm/bx/n' in size <7> not available
(Font)              Font shape `OT1/ptm/b/n' tried instead on input line 54.

Overfull \hbox (8.25005pt too wide) in paragraph at lines 54--55
 [][] 
 []

LaTeX Font Info:    Calculating math sizes for size <14> on input line 72.
LaTeX Font Info:    Font shape `OT1/ptm/bx/n' in size <14> not available
(Font)              Font shape `OT1/ptm/b/n' tried instead on input line 72.
LaTeX Font Info:    Font shape `OT1/ptm/bx/n' in size <10.36008> not available
(Font)              Font shape `OT1/ptm/b/n' tried instead on input line 72.
LaTeX Font Info:    Font shape `OT1/ptm/bx/n' in size <8.40009> not available
(Font)              Font shape `OT1/ptm/b/n' tried instead on input line 72.
[1


{C:/Users/abdou/AppData/Local/MiKTeX/fonts/map/pdftex/pdftex.map}{C:/Users/abdou/AppData/Local/Programs/MiKTeX/fonts/enc/dvips/base/8r.enc} <./sections/page_garde/img/iset_logo.png> <./sections/page_garde/img/arabsoft_logo.jpg>])
\openout2 = `sections/dedicace/dedicace.aux'.

 (sections/dedicace/dedicace.tex)
pdfTeX warning (ext4): destination with the same identifier (name{page.}) has been already used, duplicate ignored
<to be read again> 
                   \relax 
l.176 \include{sections/dedicace/dedicace}
                                           [1



]
\openout2 = `sections/remerciements/remerciements.aux'.

 (sections/remerciements/remerciements.tex)
pdfTeX warning (ext4): destination with the same identifier (name{page.}) has been already used, duplicate ignored
<to be read again> 
                   \relax 
l.177 ...ude{sections/remerciements/remerciements}
                                                   [2



]
\openout2 = `sections/table_matieres/table_matieres.aux'.

 (sections/table_matieres/table_matieres.tex (main.toc
pdfTeX warning (ext4): destination with the same identifier (name{page.}) has been already used, duplicate ignored
<to be read again> 
                   \relax 
l.32 ... Functional Requirements}{16}{section*.39}
                                                  % [3



]
pdfTeX warning (ext4): destination with the same identifier (name{page.}) has been already used, duplicate ignored
<to be read again> 
                   \relax 
l.66 ...4 Sprint Implementation}{65}{section*.124}
                                                  % [4]
pdfTeX warning (ext4): destination with the same identifier (name{page.}) has been already used, duplicate ignored
<to be read again> 
                   \relax 
l.100 ...Visual Sprint Journal}{174}{section*.305}
                                                  % [5])
\tf@toc=\write5
\openout5 = `main.toc'.

)
pdfTeX warning (ext4): destination with the same identifier (name{page.}) has been already used, duplicate ignored
<to be read again> 
                   \relax 
l.178 ...e{sections/table_matieres/table_matieres}
                                                   [6]
\openout2 = `sections/liste_figures/liste_figures.aux'.

 (sections/liste_figures/liste_figures.tex (main.lof
pdfTeX warning (ext4): destination with the same identifier (name{page.}) has been already used, duplicate ignored
<to be read again> 
                   \relax 
l.31 ...stration Frontend}}{44}{figure.caption.91}
                                                  % [7



]
Overfull \hbox (6.5779pt too wide) in paragraph at lines 41--41
 [][] [][][]\T1/ptm/m/n/12 Conception Se-quence Di-a-gram -- Au-then-ti-cated Pass-word Change Fron- 
 []


Overfull \hbox (8.56978pt too wide) in paragraph at lines 42--42
 [][] [][][]\T1/ptm/m/n/12 Conception Se-quence Di-a-gram -- Au-then-ti-cated Pass-word Change Back- 
 []


pdfTeX warning (ext4): destination with the same identifier (name{page.}) has been already used, duplicate ignored
<to be read again> 
                   \relax 
l.60 ...l Leave Decision}}{70}{figure.caption.131}
                                                  % [8]
pdfTeX warning (ext4): destination with the same identifier (name{page.}) has been already used, duplicate ignored
<to be read again> 
                   \relax 
l.91 ...Request Decision}}{98}{figure.caption.177}
                                                  % [9]
Overfull \hbox (7.16501pt too wide) in paragraph at lines 104--104
 [][] [][][]\T1/ptm/m/n/12 Conception Se-quence Di-a-gram -- Doc-u-ment Re-quest HR De-ci-sion Fron- 
 []


Overfull \hbox (4.88554pt too wide) in paragraph at lines 118--118
 [][] [][][]\T1/ptm/m/n/12 Conception Se-quence Di-a-gram -- Au-tho-riza-tion Re-quest De-ci-sion Fron- 
 []


pdfTeX warning (ext4): destination with the same identifier (name{page.}) has been already used, duplicate ignored
<to be read again> 
                   \relax 
l.119 ...cision Backend}}{123}{figure.caption.205}
                                                  % [10]
Overfull \hbox (6.87743pt too wide) in paragraph at lines 119--119
 [][] [][][]\T1/ptm/m/n/12 Conception Se-quence Di-a-gram -- Au-tho-riza-tion Re-quest De-ci-sion Back- 
 []


pdfTeX warning (ext4): destination with the same identifier (name{page.}) has been already used, duplicate ignored
<to be read again> 
                   \relax 
l.149 ... Setup Backend}}{144}{figure.caption.246}
                                                  % [11]
pdfTeX warning (ext4): destination with the same identifier (name{page.}) has been already used, duplicate ignored
<to be read again> 
                   \relax 
l.181 ...Update Backend}}{169}{figure.caption.294}
                                                  % [12]
Overfull \hbox (1.63391pt too wide) in paragraph at lines 199--199
 [][] [][][]\T1/ptm/m/n/12 Conception Se-quence Di-a-gram -- Team Leader De-ci-sion Sup-port Back- 
 []

)
\tf@lof=\write6
\openout6 = `main.lof'.

)
pdfTeX warning (ext4): destination with the same identifier (name{page.}) has been already used, duplicate ignored
<to be read again> 
                   \relax 
l.179 ...ude{sections/liste_figures/liste_figures}
                                                   [13]
\openout2 = `sections/liste_tableaux/liste_tableaux.aux'.

 (sections/liste_tableaux/liste_tableaux.tex (main.lot)
\tf@lot=\write7
\openout7 = `main.lot'.

)
pdfTeX warning (ext4): destination with the same identifier (name{page.}) has been already used, duplicate ignored
<to be read again> 
                   \relax 
l.180 ...e{sections/liste_tableaux/liste_tableaux}
                                                   [14



]
\openout2 = `sections/introduction_generale/introduction_generale.aux'.

 (sections/introduction_generale/introduction_generale.tex) [1




]
\openout2 = `sections/chapitre1/chapitre1.aux'.

 (sections/chapitre1/chapitre1.tex
File: sections/page_garde/img/arabsoft_logo.jpg Graphic file (type jpg)
<use sections/page_garde/img/arabsoft_logo.jpg>
Package pdftex.def Info: sections/page_garde/img/arabsoft_logo.jpg  used on input line 61.
(pdftex.def)             Requested size: 142.26378pt x 142.27312pt.
 [2



]
LaTeX Font Info:    Trying to load font information for TS1+ptm on input line 98.
 (C:\Users\abdou\AppData\Local\Programs\MiKTeX\tex/latex/psnfss\ts1ptm.fd
File: ts1ptm.fd 2001/06/04 font definitions for TS1/ptm.
) [3]
Overfull \hbox (2.97316pt too wide) in paragraph at lines 141--142
[]\T1/ptm/b/n/12 Data cen-tral-iza-tion: \T1/ptm/m/n/12 All re-quests, projects, and tasks are stored in a uni-fied database
 []


Overfull \hbox (0.44165pt too wide) in paragraph at lines 143--144
[]\T1/ptm/b/n/12 Project and task track-ing: \T1/ptm/m/n/12 Plan-ning, as-sign-ment, pri-or-i-ti-za-tion, and progress mon-
 []

[4]
<sections/chapitre1/img/uml_logo.png, id=1042, 1284.8pt x 935.495pt>
File: sections/chapitre1/img/uml_logo.png Graphic file (type png)
<use sections/chapitre1/img/uml_logo.png>
Package pdftex.def Info: sections/chapitre1/img/uml_logo.png  used on input line 187.
(pdftex.def)             Requested size: 85.35826pt x 62.15111pt.

Overfull \hbox (2.56657pt too wide) in paragraph at lines 199--200
[]\T1/ptm/m/n/12 For project man-age-ment, I adopted the \T1/ptm/b/n/12 Ag-ile \T1/ptm/m/n/12 method-ol-ogy, specif-i-cally the \T1/ptm/b/n/12 Scrum \T1/ptm/m/n/12 frame-
 []

[5 <./sections/chapitre1/img/uml_logo.png>]
<sections/chapitre1/img/scrum_roles_custom.png, id=1052, 1059.96pt x 578.16pt>
File: sections/chapitre1/img/scrum_roles_custom.png Graphic file (type png)
<use sections/chapitre1/img/scrum_roles_custom.png>
Package pdftex.def Info: sections/chapitre1/img/scrum_roles_custom.png  used on input line 274.
(pdftex.def)             Requested size: 369.88582pt x 201.75912pt.
 [6]
<sections/chapitre1/img/scrum.png, id=1057, 1027.84pt x 501.875pt>
File: sections/chapitre1/img/scrum.png Graphic file (type png)
<use sections/chapitre1/img/scrum.png>
Package pdftex.def Info: sections/chapitre1/img/scrum.png  used on input line 295.
(pdftex.def)             Requested size: 341.43306pt x 166.71434pt.
<sections/chapitre1/img/specs_abderrahmen_ben_hattab.png, id=1058, 801.59476pt x 154.77824pt>
File: sections/chapitre1/img/specs_abderrahmen_ben_hattab.png Graphic file (type png)
<use sections/chapitre1/img/specs_abderrahmen_ben_hattab.png>
Package pdftex.def Info: sections/chapitre1/img/specs_abderrahmen_ben_hattab.png  used on input line 315.
(pdftex.def)             Requested size: 369.88582pt x 71.42085pt.
 [7 <./sections/chapitre1/img/scrum_roles_custom.png> <./sections/chapitre1/img/scrum.png>]
<sections/chapitre1/img/vscode.png, id=1065, 1204.5pt x 632.3625pt>
File: sections/chapitre1/img/vscode.png Graphic file (type png)
<use sections/chapitre1/img/vscode.png>
Package pdftex.def Info: sections/chapitre1/img/vscode.png  used on input line 380.
(pdftex.def)             Requested size: 71.13013pt x 69.51375pt.
<sections/chapitre1/img/intellij.png, id=1068, 256.96pt x 256.96pt>
File: sections/chapitre1/img/intellij.png Graphic file (type png)
<use sections/chapitre1/img/intellij.png>
Package pdftex.def Info: sections/chapitre1/img/intellij.png  used on input line 385.
(pdftex.def)             Requested size: 65.43962pt x 65.43962pt.
<sections/chapitre1/img/postman.png, id=1070, 200.75pt x 200.75pt>
File: sections/chapitre1/img/postman.png Graphic file (type png)
<use sections/chapitre1/img/postman.png>
Package pdftex.def Info: sections/chapitre1/img/postman.png  used on input line 390.
(pdftex.def)             Requested size: 54.05925pt x 54.05925pt.
 [8 <./sections/chapitre1/img/specs_abderrahmen_ben_hattab.png> <./sections/chapitre1/img/intellij.png> <./sections/chapitre1/img/postman.png> <./sections/chapitre1/img/vscode.png>]
<sections/chapitre1/img/drawio.png, id=1084, 813.0375pt x 457.71pt>
File: sections/chapitre1/img/drawio.png Graphic file (type png)
<use sections/chapitre1/img/drawio.png>
Package pdftex.def Info: sections/chapitre1/img/drawio.png  used on input line 395.
(pdftex.def)             Requested size: 54.05266pt x 30.42964pt.
<sections/chapitre1/img/git.png, id=1086, 973.6375pt x 501.875pt>
File: sections/chapitre1/img/git.png Graphic file (type png)
<use sections/chapitre1/img/git.png>
Package pdftex.def Info: sections/chapitre1/img/git.png  used on input line 407.
(pdftex.def)             Requested size: 38.41005pt x 18.77823pt.
<sections/chapitre1/img/github.png, id=1088, 224.84pt x 224.84pt>
File: sections/chapitre1/img/github.png Graphic file (type png)
<use sections/chapitre1/img/github.png>
Package pdftex.def Info: sections/chapitre1/img/github.png  used on input line 408.
(pdftex.def)             Requested size: 49.79086pt x 49.79086pt.
<sections/chapitre1/img/jira.png, id=1091, 2509.375pt x 2509.375pt>
File: sections/chapitre1/img/jira.png Graphic file (type png)
<use sections/chapitre1/img/jira.png>
Package pdftex.def Info: sections/chapitre1/img/jira.png  used on input line 422.
(pdftex.def)             Requested size: 54.02708pt x 54.02708pt.
<sections/chapitre1/img/latex.png, id=1093, 869.2475pt x 652.4375pt>
File: sections/chapitre1/img/latex.png Graphic file (type png)
<use sections/chapitre1/img/latex.png>
Package pdftex.def Info: sections/chapitre1/img/latex.png  used on input line 427.
(pdftex.def)             Requested size: 54.04929pt x 40.56818pt.
 [9 <./sections/chapitre1/img/drawio.png> <./sections/chapitre1/img/github.png> <./sections/chapitre1/img/jira.png> <./sections/chapitre1/img/latex.png> <./sections/chapitre1/img/git.png>]
<sections/chapitre1/img/react.png, id=1110, 238.8925pt x 212.795pt>
File: sections/chapitre1/img/react.png Graphic file (type png)
<use sections/chapitre1/img/react.png>
Package pdftex.def Info: sections/chapitre1/img/react.png  used on input line 449.
(pdftex.def)             Requested size: 59.74849pt x 53.22134pt.
<sections/chapitre1/img/tailwind.png, id=1112, 331.2375pt x 202.7575pt>
File: sections/chapitre1/img/tailwind.png Graphic file (type png)
<use sections/chapitre1/img/tailwind.png>
Package pdftex.def Info: sections/chapitre1/img/tailwind.png  used on input line 454.
(pdftex.def)             Requested size: 59.74652pt x 36.57211pt.
<sections/chapitre1/img/springboot.png, id=1114, 401.5pt x 401.5pt>
File: sections/chapitre1/img/springboot.png Graphic file (type png)
<use sections/chapitre1/img/springboot.png>
Package pdftex.def Info: sections/chapitre1/img/springboot.png  used on input line 459.
(pdftex.def)             Requested size: 59.74649pt x 27.1574pt.
<sections/chapitre1/img/PostgreSQL.png, id=1117, 225.84375pt x 225.84375pt>
File: sections/chapitre1/img/PostgreSQL.png Graphic file (type png)
<use sections/chapitre1/img/PostgreSQL.png>
Package pdftex.def Info: sections/chapitre1/img/PostgreSQL.png  used on input line 464.
(pdftex.def)             Requested size: 59.7518pt x 59.7518pt.
<sections/chapitre1/img/keycloak.jpg, id=1119, 225.84375pt x 225.84375pt>
File: sections/chapitre1/img/keycloak.jpg Graphic file (type jpg)
<use sections/chapitre1/img/keycloak.jpg>
Package pdftex.def Info: sections/chapitre1/img/keycloak.jpg  used on input line 469.
(pdftex.def)             Requested size: 59.7518pt x 59.7518pt.
 [10 <./sections/chapitre1/img/react.png> <./sections/chapitre1/img/tailwind.png> <./sections/chapitre1/img/PostgreSQL.png> <./sections/chapitre1/img/keycloak.jpg> <./sections/chapitre1/img/springboot.png>]
<sections/chapitre1/img/docker.png, id=1136, 241.90375pt x 209.78375pt>
File: sections/chapitre1/img/docker.png Graphic file (type png)
<use sections/chapitre1/img/docker.png>
Package pdftex.def Info: sections/chapitre1/img/docker.png  used on input line 474.
(pdftex.def)             Requested size: 59.74863pt x 51.81519pt.
<sections/chapitre1/img/kafka.png, id=1138, 225.84375pt x 225.84375pt>
File: sections/chapitre1/img/kafka.png Graphic file (type png)
<use sections/chapitre1/img/kafka.png>
Package pdftex.def Info: sections/chapitre1/img/kafka.png  used on input line 479.
(pdftex.def)             Requested size: 59.2235pt x 66.86526pt.

Underfull \hbox (badness 2096) in paragraph at lines 479--479
[]\T1/ptm/m/n/12 Distributed event-streaming plat-form used for asyn-
 []


Overfull \hbox (0.51491pt too wide) in paragraph at lines 494--495
[]\T1/ptm/m/n/12 The ap-pli-ca-tion fol-lows a web-based ar-chi-tec-ture com-posed of two com-ple-men-tary parts:
 []

[11 <./sections/chapitre1/img/docker.png> <./sections/chapitre1/img/kafka.png>]
<sections/chapitre1/img/arch_frontend.png, id=1158, 1453.43pt x 1090.0725pt>
File: sections/chapitre1/img/arch_frontend.png Graphic file (type png)
<use sections/chapitre1/img/arch_frontend.png>
Package pdftex.def Info: sections/chapitre1/img/arch_frontend.png  used on input line 520.
(pdftex.def)             Requested size: 409.71692pt x 307.28073pt.
 [12 <./sections/chapitre1/img/arch_frontend.png (PNG copy)>]
<sections/chapitre1/img/arch_backend.png, id=1165, 1453.43pt x 1090.0725pt>
File: sections/chapitre1/img/arch_backend.png Graphic file (type png)
<use sections/chapitre1/img/arch_backend.png>
Package pdftex.def Info: sections/chapitre1/img/arch_backend.png  used on input line 546.
(pdftex.def)             Requested size: 409.71692pt x 307.28073pt.
 [13 <./sections/chapitre1/img/arch_backend.png (PNG copy)>]
<sections/chapitre1/img/arch_globale.png, id=1170, 1599.9775pt x 989.6975pt>
File: sections/chapitre1/img/arch_globale.png Graphic file (type png)
<use sections/chapitre1/img/arch_globale.png>
Package pdftex.def Info: sections/chapitre1/img/arch_globale.png  used on input line 587.
(pdftex.def)             Requested size: 432.48051pt x 267.50882pt.
 [14 <./sections/chapitre1/img/arch_globale.png (PNG copy)>]) [15] (sections/chapitre2/chapitre2.tex [16


] [17]
Overfull \hbox (17.80022pt too wide) in paragraph at lines 298--298
[] 
 []


Overfull \hbox (17.80022pt too wide) in paragraph at lines 303--303
[] 
 []


Overfull \hbox (17.80022pt too wide) in paragraph at lines 308--308
[] 
 []


Overfull \hbox (17.80022pt too wide) in paragraph at lines 313--313
[] 
 []

[18]
Overfull \hbox (17.80022pt too wide) in paragraph at lines 318--318
[] 
 []


Overfull \hbox (17.80022pt too wide) in paragraph at lines 333--333
[] 
 []


Overfull \hbox (17.80022pt too wide) in paragraph at lines 338--338
[] 
 []


Overfull \hbox (17.80022pt too wide) in paragraph at lines 343--343
[] 
 []


Overfull \hbox (17.80022pt too wide) in paragraph at lines 348--348
[] 
 []

[19]
Overfull \hbox (17.80022pt too wide) in paragraph at lines 363--363
[] 
 []


Overfull \hbox (17.80022pt too wide) in paragraph at lines 368--368
[] 
 []


Overfull \hbox (17.80022pt too wide) in paragraph at lines 373--373
[] 
 []


Overfull \hbox (17.80022pt too wide) in paragraph at lines 378--378
[] 
 []


Overfull \hbox (17.80022pt too wide) in paragraph at lines 383--383
[] 
 []

[20]
Underfull \hbox (badness 10000) in paragraph at lines 438--438
[]|\T1/ptm/m/n/10.95 Configure Key-cloak, Post-greSQL, and
 []


Underfull \hbox (badness 10000) in paragraph at lines 438--438
\T1/ptm/m/n/10.95 Spring Se-cu-rity for se-cure role-based
 []


Underfull \hbox (badness 10000) in paragraph at lines 461--461
[]|\T1/ptm/m/n/10.95 Send leave de-ci-sion no-ti-fi-ca-tions and
 []


Underfull \hbox (badness 2744) in paragraph at lines 548--548
[]|\T1/ptm/m/n/10.95 Prepare lo-cal demon-stra-tion de-ploy-ment
 []


ignored: Infinite glue shrinkage found in box being split [21]
ignored: Infinite glue shrinkage found in box being split [22]
ignored: Infinite glue shrinkage found in box being split [23]
ignored: Infinite glue shrinkage found in box being split [24]
<sections/chapitre2/img/organization_of_releases.png, id=1217, 895.345pt x 217.81375pt>
File: sections/chapitre2/img/organization_of_releases.png Graphic file (type png)
<use sections/chapitre2/img/organization_of_releases.png>
Package pdftex.def Info: sections/chapitre2/img/organization_of_releases.png  used on input line 576.
(pdftex.def)             Requested size: 432.48051pt x 105.21411pt.
) [25 <./sections/chapitre2/img/organization_of_releases.png>] (sections/chapitre3/chapitre3.tex
<sections/chapitre3/img/other/release1_organization.png, id=1223, 283.0575pt x 178.6675pt>
File: sections/chapitre3/img/other/release1_organization.png Graphic file (type png)
<use sections/chapitre3/img/other/release1_organization.png>
Package pdftex.def Info: sections/chapitre3/img/other/release1_organization.png  used on input line 188.
(pdftex.def)             Requested size: 254.93558pt x 160.92194pt.
 [26

 <./sections/chapitre3/img/other/release1_organization.png>]
<sections/chapitre3/img/sprint1_access_account_management/01_jira/sprint1_jira_done.png, id=1229, 1291.07344pt x 617.30624pt>
File: sections/chapitre3/img/sprint1_access_account_management/01_jira/sprint1_jira_done.png Graphic file (type png)
<use sections/chapitre3/img/sprint1_access_account_management/01_jira/sprint1_jira_done.png>
Package pdftex.def Info: sections/chapitre3/img/sprint1_access_account_management/01_jira/sprint1_jira_done.png  used on input line 226.
(pdftex.def)             Requested size: 432.47781pt x 206.78238pt.
LaTeX Font Info:    Font shape `OT1/ptm/bx/n' in size <10.95> not available
(Font)              Font shape `OT1/ptm/b/n' tried instead on input line 248.
LaTeX Font Info:    Font shape `OT1/ptm/bx/n' in size <8> not available
(Font)              Font shape `OT1/ptm/b/n' tried instead on input line 248.
LaTeX Font Info:    Font shape `OT1/ptm/bx/n' in size <6> not available
(Font)              Font shape `OT1/ptm/b/n' tried instead on input line 248.
 [27

 <./sections/chapitre3/img/sprint1_access_account_management/01_jira/sprint1_jira_done.png>] [28]
<sections/chapitre3/img/sprint1_access_account_management/02_use_case_diagrams/sprint1_access_account_management_use_case.png, id=1242, 888.31876pt x 753.81625pt>
File: sections/chapitre3/img/sprint1_access_account_management/02_use_case_diagrams/sprint1_access_account_management_use_case.png Graphic file (type png)
<use sections/chapitre3/img/sprint1_access_account_management/02_use_case_diagrams/sprint1_access_account_management_use_case.png>
Package pdftex.def Info: sections/chapitre3/img/sprint1_access_account_management/02_use_case_diagrams/sprint1_access_account_management_use_case.png  used on input line 307.
(pdftex.def)             Requested size: 432.48051pt x 366.99222pt.
 [29

 <./sections/chapitre3/img/sprint1_access_account_management/02_use_case_diagrams/sprint1_access_account_management_use_case.png>]
<sections/chapitre3/img/sprint1_access_account_management/03_system_sequence_diagrams/registration_system_sequence.png, id=1248, 995.72pt x 693.59125pt>
File: sections/chapitre3/img/sprint1_access_account_management/03_system_sequence_diagrams/registration_system_sequence.png Graphic file (type png)
<use sections/chapitre3/img/sprint1_access_account_management/03_system_sequence_diagrams/registration_system_sequence.png>
Package pdftex.def Info: sections/chapitre3/img/sprint1_access_account_management/03_system_sequence_diagrams/registration_system_sequence.png  used on input line 319.
(pdftex.def)             Requested size: 409.71692pt x 285.40083pt.
<sections/chapitre3/img/sprint1_access_account_management/03_system_sequence_diagrams/login_system_sequence.png, id=1249, 994.71625pt x 788.9475pt>
File: sections/chapitre3/img/sprint1_access_account_management/03_system_sequence_diagrams/login_system_sequence.png Graphic file (type png)
<use sections/chapitre3/img/sprint1_access_account_management/03_system_sequence_diagrams/login_system_sequence.png>
Package pdftex.def Info: sections/chapitre3/img/sprint1_access_account_management/03_system_sequence_diagrams/login_system_sequence.png  used on input line 330.
(pdftex.def)             Requested size: 400.61703pt x 317.75233pt.
 [30 <./sections/chapitre3/img/sprint1_access_account_management/03_system_sequence_diagrams/registration_system_sequence.png>]
<sections/chapitre3/img/sprint1_access_account_management/03_system_sequence_diagrams/logout_system_sequence.png, id=1255, 764.8575pt x 502.87875pt>
File: sections/chapitre3/img/sprint1_access_account_management/03_system_sequence_diagrams/logout_system_sequence.png Graphic file (type png)
<use sections/chapitre3/img/sprint1_access_account_management/03_system_sequence_diagrams/logout_system_sequence.png>
Package pdftex.def Info: sections/chapitre3/img/sprint1_access_account_management/03_system_sequence_diagrams/logout_system_sequence.png  used on input line 351.
(pdftex.def)             Requested size: 409.71692pt x 269.37894pt.
 [31 <./sections/chapitre3/img/sprint1_access_account_management/03_system_sequence_diagrams/login_system_sequence.png>]
<sections/chapitre3/img/sprint1_access_account_management/02_use_case_diagrams/personal_account_management_use_case.png, id=1261, 829.0975pt x 433.62pt>
File: sections/chapitre3/img/sprint1_access_account_management/02_use_case_diagrams/personal_account_management_use_case.png Graphic file (type png)
<use sections/chapitre3/img/sprint1_access_account_management/02_use_case_diagrams/personal_account_management_use_case.png>
Package pdftex.def Info: sections/chapitre3/img/sprint1_access_account_management/02_use_case_diagrams/personal_account_management_use_case.png  used on input line 361.
(pdftex.def)             Requested size: 432.48051pt x 226.18504pt.
 [32 <./sections/chapitre3/img/sprint1_access_account_management/03_system_sequence_diagrams/logout_system_sequence.png> <./sections/chapitre3/img/sprint1_access_account_management/02_use_case_diagrams/personal_account_management_use_case.png>]
<sections/chapitre3/img/sprint1_access_account_management/03_system_sequence_diagrams/password_reset_system_sequence.png, id=1268, 985.6825pt x 677.53125pt>
File: sections/chapitre3/img/sprint1_access_account_management/03_system_sequence_diagrams/password_reset_system_sequence.png Graphic file (type png)
<use sections/chapitre3/img/sprint1_access_account_management/03_system_sequence_diagrams/password_reset_system_sequence.png>
Package pdftex.def Info: sections/chapitre3/img/sprint1_access_account_management/03_system_sequence_diagrams/password_reset_system_sequence.png  used on input line 372.
(pdftex.def)             Requested size: 409.71692pt x 281.6251pt.
<sections/chapitre3/img/sprint1_access_account_management/03_system_sequence_diagrams/profile_update_system_sequence.png, id=1269, 611.28375pt x 563.10374pt>
File: sections/chapitre3/img/sprint1_access_account_management/03_system_sequence_diagrams/profile_update_system_sequence.png Graphic file (type png)
<use sections/chapitre3/img/sprint1_access_account_management/03_system_sequence_diagrams/profile_update_system_sequence.png>
Package pdftex.def Info: sections/chapitre3/img/sprint1_access_account_management/03_system_sequence_diagrams/profile_update_system_sequence.png  used on input line 383.
(pdftex.def)             Requested size: 409.71692pt x 377.42361pt.
 [33 <./sections/chapitre3/img/sprint1_access_account_management/03_system_sequence_diagrams/password_reset_system_sequence.png>]
<sections/chapitre3/img/sprint1_access_account_management/03_system_sequence_diagrams/change_password_system_sequence.png, id=1275, 894.34125pt x 773.89125pt>
File: sections/chapitre3/img/sprint1_access_account_management/03_system_sequence_diagrams/change_password_system_sequence.png Graphic file (type png)
<use sections/chapitre3/img/sprint1_access_account_management/03_system_sequence_diagrams/change_password_system_sequence.png>
Package pdftex.def Info: sections/chapitre3/img/sprint1_access_account_management/03_system_sequence_diagrams/change_password_system_sequence.png  used on input line 396.
(pdftex.def)             Requested size: 446.13727pt x 386.05902pt.
 [34 <./sections/chapitre3/img/sprint1_access_account_management/03_system_sequence_diagrams/profile_update_system_sequence.png (PNG copy)>] [35 <./sections/chapitre3/img/sprint1_access_account_management/03_system_sequence_diagrams/change_password_system_sequence.png>]
<sections/chapitre3/img/sprint1_access_account_management/02_use_case_diagrams/hr_user_account_management_use_case.png, id=1286, 879.285pt x 502.87875pt>
File: sections/chapitre3/img/sprint1_access_account_management/02_use_case_diagrams/hr_user_account_management_use_case.png Graphic file (type png)
<use sections/chapitre3/img/sprint1_access_account_management/02_use_case_diagrams/hr_user_account_management_use_case.png>
Package pdftex.def Info: sections/chapitre3/img/sprint1_access_account_management/02_use_case_diagrams/hr_user_account_management_use_case.png  used on input line 406.
(pdftex.def)             Requested size: 432.48051pt x 247.3412pt.
<sections/chapitre3/img/sprint1_access_account_management/03_system_sequence_diagrams/hr_user_account_setup_system_sequence.png, id=1287, 984.67876pt x 613.29124pt>
File: sections/chapitre3/img/sprint1_access_account_management/03_system_sequence_diagrams/hr_user_account_setup_system_sequence.png Graphic file (type png)
<use sections/chapitre3/img/sprint1_access_account_management/03_system_sequence_diagrams/hr_user_account_setup_system_sequence.png>
Package pdftex.def Info: sections/chapitre3/img/sprint1_access_account_management/03_system_sequence_diagrams/hr_user_account_setup_system_sequence.png  used on input line 418.
(pdftex.def)             Requested size: 446.13727pt x 277.86884pt.
 [36 <./sections/chapitre3/img/sprint1_access_account_management/02_use_case_diagrams/hr_user_account_management_use_case.png> <./sections/chapitre3/img/sprint1_access_account_management/03_system_sequence_diagrams/hr_user_account_setup_system_sequence.png>]
<sections/chapitre3/img/sprint1_access_account_management/03_system_sequence_diagrams/account_activation_deactivation_system_sequence.png, id=1294, 954.56625pt x 623.32875pt>
File: sections/chapitre3/img/sprint1_access_account_management/03_system_sequence_diagrams/account_activation_deactivation_system_sequence.png Graphic file (type png)
<use sections/chapitre3/img/sprint1_access_account_management/03_system_sequence_diagrams/account_activation_deactivation_system_sequence.png>
Package pdftex.def Info: sections/chapitre3/img/sprint1_access_account_management/03_system_sequence_diagrams/account_activation_deactivation_system_sequence.png  used on input line 429.
(pdftex.def)             Requested size: 409.71692pt x 267.54106pt.
<sections/chapitre3/img/sprint1_access_account_management/05_domain_model/sprint1_domain_model.png, id=1295, 853.1875pt x 648.4225pt>
File: sections/chapitre3/img/sprint1_access_account_management/05_domain_model/sprint1_domain_model.png Graphic file (type png)
<use sections/chapitre3/img/sprint1_access_account_management/05_domain_model/sprint1_domain_model.png>
Package pdftex.def Info: sections/chapitre3/img/sprint1_access_account_management/05_domain_model/sprint1_domain_model.png  used on input line 449.
(pdftex.def)             Requested size: 432.48051pt x 328.69249pt.
 [37 <./sections/chapitre3/img/sprint1_access_account_management/03_system_sequence_diagrams/account_activation_deactivation_system_sequence.png>]
<sections/chapitre3/img/sprint1_access_account_management/06_participant_class_diagrams/authentication_access_control_participant_classes.png, id=1301, 1055.945pt x 498.86375pt>
File: sections/chapitre3/img/sprint1_access_account_management/06_participant_class_diagrams/authentication_access_control_participant_classes.png Graphic file (type png)
<use sections/chapitre3/img/sprint1_access_account_management/06_participant_class_diagrams/authentication_access_control_participant_classes.png>
Package pdftex.def Info: sections/chapitre3/img/sprint1_access_account_management/06_participant_class_diagrams/authentication_access_control_participant_classes.png  used on input line 468.
(pdftex.def)             Requested size: 432.48051pt x 204.31471pt.
 [38 <./sections/chapitre3/img/sprint1_access_account_management/05_domain_model/sprint1_domain_model.png>]
<sections/chapitre3/img/sprint1_access_account_management/06_participant_class_diagrams/password_reset_change_participant_classes.png, id=1307, 2055.68pt x 1052.93375pt>
File: sections/chapitre3/img/sprint1_access_account_management/06_participant_class_diagrams/password_reset_change_participant_classes.png Graphic file (type png)
<use sections/chapitre3/img/sprint1_access_account_management/06_participant_class_diagrams/password_reset_change_participant_classes.png>
Package pdftex.def Info: sections/chapitre3/img/sprint1_access_account_management/06_participant_class_diagrams/password_reset_change_participant_classes.png  used on input line 478.
(pdftex.def)             Requested size: 432.48051pt x 221.50821pt.
 [39 <./sections/chapitre3/img/sprint1_access_account_management/06_participant_class_diagrams/authentication_access_control_participant_classes.png> <./sections/chapitre3/img/sprint1_access_account_management/06_participant_class_diagrams/password_reset_change_participant_classes.png>]
<sections/chapitre3/img/sprint1_access_account_management/06_participant_class_diagrams/hr_account_management_participant_classes.png, id=1314, 1516.66624pt x 575.14874pt>
File: sections/chapitre3/img/sprint1_access_account_management/06_participant_class_diagrams/hr_account_management_participant_classes.png Graphic file (type png)
<use sections/chapitre3/img/sprint1_access_account_management/06_participant_class_diagrams/hr_account_management_participant_classes.png>
Package pdftex.def Info: sections/chapitre3/img/sprint1_access_account_management/06_participant_class_diagrams/hr_account_management_participant_classes.png  used on input line 488.
(pdftex.def)             Requested size: 432.48051pt x 163.99808pt.
<sections/chapitre3/img/sprint1_access_account_management/04_state_diagrams/user_account_lifecycle.png, id=1315, 723.70375pt x 503.8825pt>
File: sections/chapitre3/img/sprint1_access_account_management/04_state_diagrams/user_account_lifecycle.png Graphic file (type png)
<use sections/chapitre3/img/sprint1_access_account_management/04_state_diagrams/user_account_lifecycle.png>
Package pdftex.def Info: sections/chapitre3/img/sprint1_access_account_management/04_state_diagrams/user_account_lifecycle.png  used on input line 508.
(pdftex.def)             Requested size: 432.48051pt x 301.11703pt.
 [40 <./sections/chapitre3/img/sprint1_access_account_management/06_participant_class_diagrams/hr_account_management_participant_classes.png>]
<sections/chapitre3/img/sprint1_access_account_management/07_design_class_diagrams/registration_pending_access_design_class.png, id=1322, 1407.2575pt x 736.7525pt>
File: sections/chapitre3/img/sprint1_access_account_management/07_design_class_diagrams/registration_pending_access_design_class.png Graphic file (type png)
<use sections/chapitre3/img/sprint1_access_account_management/07_design_class_diagrams/registration_pending_access_design_class.png>
Package pdftex.def Info: sections/chapitre3/img/sprint1_access_account_management/07_design_class_diagrams/registration_pending_access_design_class.png  used on input line 528.
(pdftex.def)             Requested size: 446.13727pt x 233.5622pt.
 [41 <./sections/chapitre3/img/sprint1_access_account_management/04_state_diagrams/user_account_lifecycle.png>]
<sections/chapitre3/img/sprint1_access_account_management/07_design_class_diagrams/security_keycloak_access_control_design_class.png, id=1328, 1386.17876pt x 876.27374pt>
File: sections/chapitre3/img/sprint1_access_account_management/07_design_class_diagrams/security_keycloak_access_control_design_class.png Graphic file (type png)
<use sections/chapitre3/img/sprint1_access_account_management/07_design_class_diagrams/security_keycloak_access_control_design_class.png>
Package pdftex.def Info: sections/chapitre3/img/sprint1_access_account_management/07_design_class_diagrams/security_keycloak_access_control_design_class.png  used on input line 539.
(pdftex.def)             Requested size: 446.13727pt x 282.01782pt.
 [42 <./sections/chapitre3/img/sprint1_access_account_management/07_design_class_diagrams/registration_pending_access_design_class.png> <./sections/chapitre3/img/sprint1_access_account_management/07_design_class_diagrams/security_keycloak_access_control_design_class.png>]
<sections/chapitre3/img/sprint1_access_account_management/07_design_class_diagrams/hr_account_setup_notification_design_class.png, id=1335, 1426.32875pt x 764.8575pt>
File: sections/chapitre3/img/sprint1_access_account_management/07_design_class_diagrams/hr_account_setup_notification_design_class.png Graphic file (type png)
<use sections/chapitre3/img/sprint1_access_account_management/07_design_class_diagrams/hr_account_setup_notification_design_class.png>
Package pdftex.def Info: sections/chapitre3/img/sprint1_access_account_management/07_design_class_diagrams/hr_account_setup_notification_design_class.png  used on input line 550.
(pdftex.def)             Requested size: 446.13727pt x 239.23912pt.
<sections/chapitre3/img/sprint1_access_account_management/08_conception_sequence_diagrams/registration_frontend_conception_sequence.png, id=1336, 924.45375pt x 702.625pt>
File: sections/chapitre3/img/sprint1_access_account_management/08_conception_sequence_diagrams/registration_frontend_conception_sequence.png Graphic file (type png)
<use sections/chapitre3/img/sprint1_access_account_management/08_conception_sequence_diagrams/registration_frontend_conception_sequence.png>
Package pdftex.def Info: sections/chapitre3/img/sprint1_access_account_management/08_conception_sequence_diagrams/registration_frontend_conception_sequence.png  used on input line 562.
(pdftex.def)             Requested size: 455.24327pt x 534.15063pt.
 [43 <./sections/chapitre3/img/sprint1_access_account_management/07_design_class_diagrams/hr_account_setup_notification_design_class.png>]
<sections/chapitre3/img/sprint1_access_account_management/08_conception_sequence_diagrams/registration_backend_conception_sequence.png, id=1342, 1660.2025pt x 1401.235pt>
File: sections/chapitre3/img/sprint1_access_account_management/08_conception_sequence_diagrams/registration_backend_conception_sequence.png Graphic file (type png)
<use sections/chapitre3/img/sprint1_access_account_management/08_conception_sequence_diagrams/registration_backend_conception_sequence.png>
Package pdftex.def Info: sections/chapitre3/img/sprint1_access_account_management/08_conception_sequence_diagrams/registration_backend_conception_sequence.png  used on input line 569.
(pdftex.def)             Requested size: 455.22714pt x 534.12119pt.
 [44 <./sections/chapitre3/img/sprint1_access_account_management/08_conception_sequence_diagrams/registration_frontend_conception_sequence.png>]
<sections/chapitre3/img/sprint1_access_account_management/08_conception_sequence_diagrams/secure_login_frontend_conception_sequence.png, id=1348, 1608.0075pt x 1529.715pt>
File: sections/chapitre3/img/sprint1_access_account_management/08_conception_sequence_diagrams/secure_login_frontend_conception_sequence.png Graphic file (type png)
<use sections/chapitre3/img/sprint1_access_account_management/08_conception_sequence_diagrams/secure_login_frontend_conception_sequence.png>
Package pdftex.def Info: sections/chapitre3/img/sprint1_access_account_management/08_conception_sequence_diagrams/secure_login_frontend_conception_sequence.png  used on input line 576.
(pdftex.def)             Requested size: 455.24442pt x 548.1761pt.
 [45 <./sections/chapitre3/img/sprint1_access_account_management/08_conception_sequence_diagrams/registration_backend_conception_sequence.png>]
<sections/chapitre3/img/sprint1_access_account_management/08_conception_sequence_diagrams/secure_login_backend_conception_sequence.png, id=1354, 1521.685pt x 1682.285pt>
File: sections/chapitre3/img/sprint1_access_account_management/08_conception_sequence_diagrams/secure_login_backend_conception_sequence.png Graphic file (type png)
<use sections/chapitre3/img/sprint1_access_account_management/08_conception_sequence_diagrams/secure_login_backend_conception_sequence.png>
Package pdftex.def Info: sections/chapitre3/img/sprint1_access_account_management/08_conception_sequence_diagrams/secure_login_backend_conception_sequence.png  used on input line 584.
(pdftex.def)             Requested size: 455.23198pt x 503.27757pt.
 [46 <./sections/chapitre3/img/sprint1_access_account_management/08_conception_sequence_diagrams/secure_login_frontend_conception_sequence.png>]
<sections/chapitre3/img/sprint1_access_account_management/08_conception_sequence_diagrams/logout_frontend_conception_sequence.png, id=1361, 1728.4575pt x 1260.71pt>
File: sections/chapitre3/img/sprint1_access_account_management/08_conception_sequence_diagrams/logout_frontend_conception_sequence.png Graphic file (type png)
<use sections/chapitre3/img/sprint1_access_account_management/08_conception_sequence_diagrams/logout_frontend_conception_sequence.png>
Package pdftex.def Info: sections/chapitre3/img/sprint1_access_account_management/08_conception_sequence_diagrams/logout_frontend_conception_sequence.png  used on input line 588.
(pdftex.def)             Requested size: 455.24341pt x 548.17358pt.
 [47 <./sections/chapitre3/img/sprint1_access_account_management/08_conception_sequence_diagrams/secure_login_backend_conception_sequence.png>]
<sections/chapitre3/img/sprint1_access_account_management/08_conception_sequence_diagrams/logout_backend_conception_sequence.png, id=1367, 1419.3025pt x 1200.485pt>
File: sections/chapitre3/img/sprint1_access_account_management/08_conception_sequence_diagrams/logout_backend_conception_sequence.png Graphic file (type png)
<use sections/chapitre3/img/sprint1_access_account_management/08_conception_sequence_diagrams/logout_backend_conception_sequence.png>
Package pdftex.def Info: sections/chapitre3/img/sprint1_access_account_management/08_conception_sequence_diagrams/logout_backend_conception_sequence.png  used on input line 596.
(pdftex.def)             Requested size: 455.24727pt x 385.06062pt.
 [48 <./sections/chapitre3/img/sprint1_access_account_management/08_conception_sequence_diagrams/logout_frontend_conception_sequence.png>]
<sections/chapitre3/img/sprint1_access_account_management/08_conception_sequence_diagrams/password_reset_frontend_conception_sequence.png, id=1373, 2001.4775pt x 2226.3175pt>
File: sections/chapitre3/img/sprint1_access_account_management/08_conception_sequence_diagrams/password_reset_frontend_conception_sequence.png Graphic file (type png)
<use sections/chapitre3/img/sprint1_access_account_management/08_conception_sequence_diagrams/password_reset_frontend_conception_sequence.png>
Package pdftex.def Info: sections/chapitre3/img/sprint1_access_account_management/08_conception_sequence_diagrams/password_reset_frontend_conception_sequence.png  used on input line 600.
(pdftex.def)             Requested size: 455.22997pt x 562.21718pt.
 [49 <./sections/chapitre3/img/sprint1_access_account_management/08_conception_sequence_diagrams/logout_backend_conception_sequence.png>]
<sections/chapitre3/img/sprint1_access_account_management/08_conception_sequence_diagrams/password_reset_backend_conception_sequence.png, id=1379, 1887.05pt x 1868.9825pt>
File: sections/chapitre3/img/sprint1_access_account_management/08_conception_sequence_diagrams/password_reset_backend_conception_sequence.png Graphic file (type png)
<use sections/chapitre3/img/sprint1_access_account_management/08_conception_sequence_diagrams/password_reset_backend_conception_sequence.png>
Package pdftex.def Info: sections/chapitre3/img/sprint1_access_account_management/08_conception_sequence_diagrams/password_reset_backend_conception_sequence.png  used on input line 607.
(pdftex.def)             Requested size: 455.23357pt x 562.23907pt.
 [50 <./sections/chapitre3/img/sprint1_access_account_management/08_conception_sequence_diagrams/password_reset_frontend_conception_sequence.png>]
<sections/chapitre3/img/sprint1_access_account_management/08_conception_sequence_diagrams/profile_update_frontend_conception_sequence.png, id=1385, 1539.7525pt x 1622.06pt>
File: sections/chapitre3/img/sprint1_access_account_management/08_conception_sequence_diagrams/profile_update_frontend_conception_sequence.png Graphic file (type png)
<use sections/chapitre3/img/sprint1_access_account_management/08_conception_sequence_diagrams/profile_update_frontend_conception_sequence.png>
Package pdftex.def Info: sections/chapitre3/img/sprint1_access_account_management/08_conception_sequence_diagrams/profile_update_frontend_conception_sequence.png  used on input line 614.
(pdftex.def)             Requested size: 455.23332pt x 548.17653pt.
 [51 <./sections/chapitre3/img/sprint1_access_account_management/08_conception_sequence_diagrams/password_reset_backend_conception_sequence.png>]
<sections/chapitre3/img/sprint1_access_account_management/08_conception_sequence_diagrams/profile_update_backend_conception_sequence.png, id=1391, 1836.8625pt x 1439.3775pt>
File: sections/chapitre3/img/sprint1_access_account_management/08_conception_sequence_diagrams/profile_update_backend_conception_sequence.png Graphic file (type png)
<use sections/chapitre3/img/sprint1_access_account_management/08_conception_sequence_diagrams/profile_update_backend_conception_sequence.png>
Package pdftex.def Info: sections/chapitre3/img/sprint1_access_account_management/08_conception_sequence_diagrams/profile_update_backend_conception_sequence.png  used on input line 621.
(pdftex.def)             Requested size: 455.2345pt x 562.23349pt.
 [52 <./sections/chapitre3/img/sprint1_access_account_management/08_conception_sequence_diagrams/profile_update_frontend_conception_sequence.png>]
<sections/chapitre3/img/sprint1_access_account_management/08_conception_sequence_diagrams/authenticated_password_change_frontend_conception_sequence.png, id=1398, 1610.015pt x 2465.21pt>
File: sections/chapitre3/img/sprint1_access_account_management/08_conception_sequence_diagrams/authenticated_password_change_frontend_conception_sequence.png Graphic file (type png)
<use sections/chapitre3/img/sprint1_access_account_management/08_conception_sequence_diagrams/authenticated_password_change_frontend_conception_sequence.png>
Package pdftex.def Info: sections/chapitre3/img/sprint1_access_account_management/08_conception_sequence_diagrams/authenticated_password_change_frontend_conception_sequence.png  used on input line 629.
(pdftex.def)             Requested size: 413.0665pt x 632.47589pt.
 [53 <./sections/chapitre3/img/sprint1_access_account_management/08_conception_sequence_diagrams/profile_update_backend_conception_sequence.png>]
<sections/chapitre3/img/sprint1_access_account_management/08_conception_sequence_diagrams/authenticated_password_change_backend_conception_sequence.png, id=1404, 2131.965pt x 2427.0675pt>
File: sections/chapitre3/img/sprint1_access_account_management/08_conception_sequence_diagrams/authenticated_password_change_backend_conception_sequence.png Graphic file (type png)
<use sections/chapitre3/img/sprint1_access_account_management/08_conception_sequence_diagrams/authenticated_password_change_backend_conception_sequence.png>
Package pdftex.def Info: sections/chapitre3/img/sprint1_access_account_management/08_conception_sequence_diagrams/authenticated_password_change_backend_conception_sequence.png  used on input line 633.
(pdftex.def)             Requested size: 455.24055pt x 590.3223pt.
 [54 <./sections/chapitre3/img/sprint1_access_account_management/08_conception_sequence_diagrams/authenticated_password_change_frontend_conception_sequence.png>]
<sections/chapitre3/img/sprint1_access_account_management/08_conception_sequence_diagrams/hr_user_account_setup_frontend_conception_sequence.png, id=1410, 1730.465pt x 1744.5175pt>
File: sections/chapitre3/img/sprint1_access_account_management/08_conception_sequence_diagrams/hr_user_account_setup_frontend_conception_sequence.png Graphic file (type png)
<use sections/chapitre3/img/sprint1_access_account_management/08_conception_sequence_diagrams/hr_user_account_setup_frontend_conception_sequence.png>
Package pdftex.def Info: sections/chapitre3/img/sprint1_access_account_management/08_conception_sequence_diagrams/hr_user_account_setup_frontend_conception_sequence.png  used on input line 640.
(pdftex.def)             Requested size: 455.24405pt x 576.27818pt.
 [55 <./sections/chapitre3/img/sprint1_access_account_management/08_conception_sequence_diagrams/authenticated_password_change_backend_conception_sequence.png>]
<sections/chapitre3/img/sprint1_access_account_management/08_conception_sequence_diagrams/hr_user_account_setup_backend_conception_sequence.png, id=1416, 2041.6275pt x 1764.5925pt>
File: sections/chapitre3/img/sprint1_access_account_management/08_conception_sequence_diagrams/hr_user_account_setup_backend_conception_sequence.png Graphic file (type png)
<use sections/chapitre3/img/sprint1_access_account_management/08_conception_sequence_diagrams/hr_user_account_setup_backend_conception_sequence.png>
Package pdftex.def Info: sections/chapitre3/img/sprint1_access_account_management/08_conception_sequence_diagrams/hr_user_account_setup_backend_conception_sequence.png  used on input line 647.
(pdftex.def)             Requested size: 455.23422pt x 576.28603pt.
 [56 <./sections/chapitre3/img/sprint1_access_account_management/08_conception_sequence_diagrams/hr_user_account_setup_frontend_conception_sequence.png>]
<sections/chapitre3/img/sprint1_access_account_management/08_conception_sequence_diagrams/account_activation_deactivation_frontend_conception_sequence.png, id=1422, 1951.29pt x 2083.785pt>
File: sections/chapitre3/img/sprint1_access_account_management/08_conception_sequence_diagrams/account_activation_deactivation_frontend_conception_sequence.png Graphic file (type png)
<use sections/chapitre3/img/sprint1_access_account_management/08_conception_sequence_diagrams/account_activation_deactivation_frontend_conception_sequence.png>
Package pdftex.def Info: sections/chapitre3/img/sprint1_access_account_management/08_conception_sequence_diagrams/account_activation_deactivation_frontend_conception_sequence.png  used on input line 654.
(pdftex.def)             Requested size: 455.2185pt x 576.26994pt.
 [57 <./sections/chapitre3/img/sprint1_access_account_management/08_conception_sequence_diagrams/hr_user_account_setup_backend_conception_sequence.png>]
<sections/chapitre3/img/sprint1_access_account_management/08_conception_sequence_diagrams/account_activation_deactivation_backend_conception_sequence.png, id=1428, 1953.2975pt x 1762.585pt>
File: sections/chapitre3/img/sprint1_access_account_management/08_conception_sequence_diagrams/account_activation_deactivation_backend_conception_sequence.png Graphic file (type png)
<use sections/chapitre3/img/sprint1_access_account_management/08_conception_sequence_diagrams/account_activation_deactivation_backend_conception_sequence.png>
Package pdftex.def Info: sections/chapitre3/img/sprint1_access_account_management/08_conception_sequence_diagrams/account_activation_deactivation_backend_conception_sequence.png  used on input line 662.
(pdftex.def)             Requested size: 455.23976pt x 410.79189pt.
 [58 <./sections/chapitre3/img/sprint1_access_account_management/08_conception_sequence_diagrams/account_activation_deactivation_frontend_conception_sequence.png>] [59 <./sections/chapitre3/img/sprint1_access_account_management/08_conception_sequence_diagrams/account_activation_deactivation_backend_conception_sequence.png>]
<sections/chapitre3/img/sprint1_access_account_management/09_ui_screenshots/secure_login_ui.png, id=1440, 1141.866pt x 516.7305pt>
File: sections/chapitre3/img/sprint1_access_account_management/09_ui_screenshots/secure_login_ui.png Graphic file (type png)
<use sections/chapitre3/img/sprint1_access_account_management/09_ui_screenshots/secure_login_ui.png>
Package pdftex.def Info: sections/chapitre3/img/sprint1_access_account_management/09_ui_screenshots/secure_login_ui.png  used on input line 675.
(pdftex.def)             Requested size: 432.48051pt x 195.71309pt.
<sections/chapitre3/img/sprint1_access_account_management/09_ui_screenshots/registration_pending_access_ui.png, id=1441, 1137.048pt x 507.0945pt>
File: sections/chapitre3/img/sprint1_access_account_management/09_ui_screenshots/registration_pending_access_ui.png Graphic file (type png)
<use sections/chapitre3/img/sprint1_access_account_management/09_ui_screenshots/registration_pending_access_ui.png>
Package pdftex.def Info: sections/chapitre3/img/sprint1_access_account_management/09_ui_screenshots/registration_pending_access_ui.png  used on input line 683.
(pdftex.def)             Requested size: 432.48051pt x 192.87587pt.
<sections/chapitre3/img/sprint1_access_account_management/09_ui_screenshots/password_reset_ui.png, id=1442, 1144.275pt x 523.9575pt>
File: sections/chapitre3/img/sprint1_access_account_management/09_ui_screenshots/password_reset_ui.png Graphic file (type png)
<use sections/chapitre3/img/sprint1_access_account_management/09_ui_screenshots/password_reset_ui.png>
Package pdftex.def Info: sections/chapitre3/img/sprint1_access_account_management/09_ui_screenshots/password_reset_ui.png  used on input line 691.
(pdftex.def)             Requested size: 432.48051pt x 198.0266pt.
 [60 <./sections/chapitre3/img/sprint1_access_account_management/09_ui_screenshots/secure_login_ui.png> <./sections/chapitre3/img/sprint1_access_account_management/09_ui_screenshots/registration_pending_access_ui.png> <./sections/chapitre3/img/sprint1_access_account_management/09_ui_screenshots/password_reset_ui.png>]
<sections/chapitre3/img/sprint1_access_account_management/09_ui_screenshots/profile_update_ui.png, id=1450, 1141.866pt x 548.64975pt>
File: sections/chapitre3/img/sprint1_access_account_management/09_ui_screenshots/profile_update_ui.png Graphic file (type png)
<use sections/chapitre3/img/sprint1_access_account_management/09_ui_screenshots/profile_update_ui.png>
Package pdftex.def Info: sections/chapitre3/img/sprint1_access_account_management/09_ui_screenshots/profile_update_ui.png  used on input line 699.
(pdftex.def)             Requested size: 355.08984pt x 170.61545pt.
<sections/chapitre3/img/sprint1_access_account_management/09_ui_screenshots/authenticated_password_change_ui.png, id=1451, 1136.44576pt x 537.207pt>
File: sections/chapitre3/img/sprint1_access_account_management/09_ui_screenshots/authenticated_password_change_ui.png Graphic file (type png)
<use sections/chapitre3/img/sprint1_access_account_management/09_ui_screenshots/authenticated_password_change_ui.png>
Package pdftex.def Info: sections/chapitre3/img/sprint1_access_account_management/09_ui_screenshots/authenticated_password_change_ui.png  used on input line 708.
(pdftex.def)             Requested size: 355.08984pt x 167.85217pt.
<sections/chapitre3/img/sprint1_access_account_management/09_ui_screenshots/hr_user_account_setup_ui.png, id=1452, 1136.44576pt x 525.162pt>
File: sections/chapitre3/img/sprint1_access_account_management/09_ui_screenshots/hr_user_account_setup_ui.png Graphic file (type png)
<use sections/chapitre3/img/sprint1_access_account_management/09_ui_screenshots/hr_user_account_setup_ui.png>
Package pdftex.def Info: sections/chapitre3/img/sprint1_access_account_management/09_ui_screenshots/hr_user_account_setup_ui.png  used on input line 717.
(pdftex.def)             Requested size: 355.08984pt x 164.08868pt.
 [61 <./sections/chapitre3/img/sprint1_access_account_management/09_ui_screenshots/profile_update_ui.png> <./sections/chapitre3/img/sprint1_access_account_management/09_ui_screenshots/authenticated_password_change_ui.png> <./sections/chapitre3/img/sprint1_access_account_management/09_ui_screenshots/hr_user_account_setup_ui.png>]
<sections/chapitre3/img/sprint1_access_account_management/09_ui_screenshots/account_activation_deactivation_ui.png, id=1460, 1133.4345pt x 507.0945pt>
File: sections/chapitre3/img/sprint1_access_account_management/09_ui_screenshots/account_activation_deactivation_ui.png Graphic file (type png)
<use sections/chapitre3/img/sprint1_access_account_management/09_ui_screenshots/account_activation_deactivation_ui.png>
Package pdftex.def Info: sections/chapitre3/img/sprint1_access_account_management/09_ui_screenshots/account_activation_deactivation_ui.png  used on input line 726.
(pdftex.def)             Requested size: 355.09674pt x 153.64609pt.
 [62 <./sections/chapitre3/img/sprint1_access_account_management/09_ui_screenshots/account_activation_deactivation_ui.png>]
<sections/chapitre3/img/sprint2_leave_management/01_jira/sprint2_jira_journal.png, id=1466, 928.06725pt x 364.36125pt>
File: sections/chapitre3/img/sprint2_leave_management/01_jira/sprint2_jira_journal.png Graphic file (type png)
<use sections/chapitre3/img/sprint2_leave_management/01_jira/sprint2_jira_journal.png>
Package pdftex.def Info: sections/chapitre3/img/sprint2_leave_management/01_jira/sprint2_jira_journal.png  used on input line 797.
(pdftex.def)             Requested size: 432.48051pt x 169.79317pt.
 [63

 <./sections/chapitre3/img/sprint2_leave_management/01_jira/sprint2_jira_journal.png>] [64]
<sections/chapitre3/img/sprint2_leave_management/02_use_case_diagrams/sprint2_leave_management_use_case.png, id=1479, 1009.7725pt x 839.135pt>
File: sections/chapitre3/img/sprint2_leave_management/02_use_case_diagrams/sprint2_leave_management_use_case.png Graphic file (type png)
<use sections/chapitre3/img/sprint2_leave_management/02_use_case_diagrams/sprint2_leave_management_use_case.png>
Package pdftex.def Info: sections/chapitre3/img/sprint2_leave_management/02_use_case_diagrams/sprint2_leave_management_use_case.png  used on input line 893.
(pdftex.def)             Requested size: 432.48051pt x 359.39975pt.
 [65

 <./sections/chapitre3/img/sprint2_leave_management/02_use_case_diagrams/sprint2_leave_management_use_case.png>]
<sections/chapitre3/img/sprint2_leave_management/02_use_case_diagrams/employee_leave_request_management_use_case.png, id=1485, 814.04124pt x 483.8075pt>
File: sections/chapitre3/img/sprint2_leave_management/02_use_case_diagrams/employee_leave_request_management_use_case.png Graphic file (type png)
<use sections/chapitre3/img/sprint2_leave_management/02_use_case_diagrams/employee_leave_request_management_use_case.png>
Package pdftex.def Info: sections/chapitre3/img/sprint2_leave_management/02_use_case_diagrams/employee_leave_request_management_use_case.png  used on input line 905.
(pdftex.def)             Requested size: 432.48051pt x 257.03687pt.

Overfull \hbox (12.09485pt too wide) in paragraph at lines 913--914
[]\T1/ptm/m/n/12 These di-a-grams sum-ma-rize the main user-system ex-changes for Sprint 2 leave-management
 []

<sections/chapitre3/img/sprint2_leave_management/03_system_sequence_diagrams/ssd_submit_leave_request.png, id=1486, 914.41624pt x 568.1225pt>
File: sections/chapitre3/img/sprint2_leave_management/03_system_sequence_diagrams/ssd_submit_leave_request.png Graphic file (type png)
<use sections/chapitre3/img/sprint2_leave_management/03_system_sequence_diagrams/ssd_submit_leave_request.png>
Package pdftex.def Info: sections/chapitre3/img/sprint2_leave_management/03_system_sequence_diagrams/ssd_submit_leave_request.png  used on input line 925.
(pdftex.def)             Requested size: 409.71692pt x 254.5518pt.
[66 <./sections/chapitre3/img/sprint2_leave_management/02_use_case_diagrams/employee_leave_request_management_use_case.png>]
<sections/chapitre3/img/sprint2_leave_management/03_system_sequence_diagrams/ssd_edit_cancel_pending_leave.png, id=1492, 910.40125pt x 667.49374pt>
File: sections/chapitre3/img/sprint2_leave_management/03_system_sequence_diagrams/ssd_edit_cancel_pending_leave.png Graphic file (type png)
<use sections/chapitre3/img/sprint2_leave_management/03_system_sequence_diagrams/ssd_edit_cancel_pending_leave.png>
Package pdftex.def Info: sections/chapitre3/img/sprint2_leave_management/03_system_sequence_diagrams/ssd_edit_cancel_pending_leave.png  used on input line 936.
(pdftex.def)             Requested size: 409.71692pt x 300.39996pt.
 [67 <./sections/chapitre3/img/sprint2_leave_management/03_system_sequence_diagrams/ssd_submit_leave_request.png> <./sections/chapitre3/img/sprint2_leave_management/03_system_sequence_diagrams/ssd_edit_cancel_pending_leave.png>]
<sections/chapitre3/img/sprint2_leave_management/02_use_case_diagrams/leave_approval_workflow_use_case.png, id=1499, 743.77875pt x 512.91624pt>
File: sections/chapitre3/img/sprint2_leave_management/02_use_case_diagrams/leave_approval_workflow_use_case.png Graphic file (type png)
<use sections/chapitre3/img/sprint2_leave_management/02_use_case_diagrams/leave_approval_workflow_use_case.png>
Package pdftex.def Info: sections/chapitre3/img/sprint2_leave_management/02_use_case_diagrams/leave_approval_workflow_use_case.png  used on input line 946.
(pdftex.def)             Requested size: 432.48051pt x 298.2508pt.
<sections/chapitre3/img/sprint2_leave_management/03_system_sequence_diagrams/ssd_team_leader_leave_decision.png, id=1500, 920.43875pt x 679.53876pt>
File: sections/chapitre3/img/sprint2_leave_management/03_system_sequence_diagrams/ssd_team_leader_leave_decision.png Graphic file (type png)
<use sections/chapitre3/img/sprint2_leave_management/03_system_sequence_diagrams/ssd_team_leader_leave_decision.png>
Package pdftex.def Info: sections/chapitre3/img/sprint2_leave_management/03_system_sequence_diagrams/ssd_team_leader_leave_decision.png  used on input line 957.
(pdftex.def)             Requested size: 409.71692pt x 302.49231pt.
 [68 <./sections/chapitre3/img/sprint2_leave_management/02_use_case_diagrams/leave_approval_workflow_use_case.png>]
<sections/chapitre3/img/sprint2_leave_management/03_system_sequence_diagrams/ssd_hr_final_leave_decision.png, id=1506, 919.435pt x 640.3925pt>
File: sections/chapitre3/img/sprint2_leave_management/03_system_sequence_diagrams/ssd_hr_final_leave_decision.png Graphic file (type png)
<use sections/chapitre3/img/sprint2_leave_management/03_system_sequence_diagrams/ssd_hr_final_leave_decision.png>
Package pdftex.def Info: sections/chapitre3/img/sprint2_leave_management/03_system_sequence_diagrams/ssd_hr_final_leave_decision.png  used on input line 968.
(pdftex.def)             Requested size: 409.71692pt x 285.3695pt.
 [69 <./sections/chapitre3/img/sprint2_leave_management/03_system_sequence_diagrams/ssd_team_leader_leave_decision.png>] [70 <./sections/chapitre3/img/sprint2_leave_management/03_system_sequence_diagrams/ssd_hr_final_leave_decision.png>]
<sections/chapitre3/img/sprint2_leave_management/05_domain_model/domain_model_sprint2_leave_management.png, id=1518, 1076.02pt x 740.7675pt>
File: sections/chapitre3/img/sprint2_leave_management/05_domain_model/domain_model_sprint2_leave_management.png Graphic file (type png)
<use sections/chapitre3/img/sprint2_leave_management/05_domain_model/domain_model_sprint2_leave_management.png>
Package pdftex.def Info: sections/chapitre3/img/sprint2_leave_management/05_domain_model/domain_model_sprint2_leave_management.png  used on input line 993.
(pdftex.def)             Requested size: 455.24191pt x 313.40347pt.
 [71

 <./sections/chapitre3/img/sprint2_leave_management/05_domain_model/domain_model_sprint2_leave_management.png>]
<sections/chapitre3/img/sprint2_leave_management/06_participant_class_diagrams/participant_employee_leave_request_management.png, id=1524, 1125.20375pt x 483.8075pt>
File: sections/chapitre3/img/sprint2_leave_management/06_participant_class_diagrams/participant_employee_leave_request_management.png Graphic file (type png)
<use sections/chapitre3/img/sprint2_leave_management/06_participant_class_diagrams/participant_employee_leave_request_management.png>
Package pdftex.def Info: sections/chapitre3/img/sprint2_leave_management/06_participant_class_diagrams/participant_employee_leave_request_management.png  used on input line 1017.
(pdftex.def)             Requested size: 432.48051pt x 185.95271pt.
<sections/chapitre3/img/sprint2_leave_management/06_participant_class_diagrams/participant_team_leader_leave_review.png, id=1525, 1200.485pt x 503.8825pt>
File: sections/chapitre3/img/sprint2_leave_management/06_participant_class_diagrams/participant_team_leader_leave_review.png Graphic file (type png)
<use sections/chapitre3/img/sprint2_leave_management/06_participant_class_diagrams/participant_team_leader_leave_review.png>
Package pdftex.def Info: sections/chapitre3/img/sprint2_leave_management/06_participant_class_diagrams/participant_team_leader_leave_review.png  used on input line 1027.
(pdftex.def)             Requested size: 432.48051pt x 181.52057pt.
 [72

 <./sections/chapitre3/img/sprint2_leave_management/06_participant_class_diagrams/participant_employee_leave_request_management.png> <./sections/chapitre3/img/sprint2_leave_management/06_participant_class_diagrams/participant_team_leader_leave_review.png>]
<sections/chapitre3/img/sprint2_leave_management/06_participant_class_diagrams/participant_hr_final_leave_decision.png, id=1532, 1210.5225pt x 503.8825pt>
File: sections/chapitre3/img/sprint2_leave_management/06_participant_class_diagrams/participant_hr_final_leave_decision.png Graphic file (type png)
<use sections/chapitre3/img/sprint2_leave_management/06_participant_class_diagrams/participant_hr_final_leave_decision.png>
Package pdftex.def Info: sections/chapitre3/img/sprint2_leave_management/06_participant_class_diagrams/participant_hr_final_leave_decision.png  used on input line 1037.
(pdftex.def)             Requested size: 432.48051pt x 180.0213pt.
<sections/chapitre3/img/sprint2_leave_management/04_state_diagrams/leave_request_lifecycle_state.png, id=1533, 874.26625pt x 676.5275pt>
File: sections/chapitre3/img/sprint2_leave_management/04_state_diagrams/leave_request_lifecycle_state.png Graphic file (type png)
<use sections/chapitre3/img/sprint2_leave_management/04_state_diagrams/leave_request_lifecycle_state.png>
Package pdftex.def Info: sections/chapitre3/img/sprint2_leave_management/04_state_diagrams/leave_request_lifecycle_state.png  used on input line 1058.
(pdftex.def)             Requested size: 432.48051pt x 334.66019pt.
 [73 <./sections/chapitre3/img/sprint2_leave_management/06_participant_class_diagrams/participant_hr_final_leave_decision.png>]
<sections/chapitre3/img/sprint2_leave_management/07_design_class_diagrams/design_leave_request_creation_validation.png, id=1539, 1006.76125pt x 675.52374pt>
File: sections/chapitre3/img/sprint2_leave_management/07_design_class_diagrams/design_leave_request_creation_validation.png Graphic file (type png)
<use sections/chapitre3/img/sprint2_leave_management/07_design_class_diagrams/design_leave_request_creation_validation.png>
Package pdftex.def Info: sections/chapitre3/img/sprint2_leave_management/07_design_class_diagrams/design_leave_request_creation_validation.png  used on input line 1078.
(pdftex.def)             Requested size: 432.48051pt x 290.19124pt.
 [74 <./sections/chapitre3/img/sprint2_leave_management/04_state_diagrams/leave_request_lifecycle_state.png>]
<sections/chapitre3/img/sprint2_leave_management/07_design_class_diagrams/design_team_leader_leave_review.png, id=1545, 1388.18625pt x 529.98pt>
File: sections/chapitre3/img/sprint2_leave_management/07_design_class_diagrams/design_team_leader_leave_review.png Graphic file (type png)
<use sections/chapitre3/img/sprint2_leave_management/07_design_class_diagrams/design_team_leader_leave_review.png>
Package pdftex.def Info: sections/chapitre3/img/sprint2_leave_management/07_design_class_diagrams/design_team_leader_leave_review.png  used on input line 1088.
(pdftex.def)             Requested size: 432.48051pt x 165.10886pt.
 [75 <./sections/chapitre3/img/sprint2_leave_management/07_design_class_diagrams/design_leave_request_creation_validation.png> <./sections/chapitre3/img/sprint2_leave_management/07_design_class_diagrams/design_team_leader_leave_review.png>]
<sections/chapitre3/img/sprint2_leave_management/07_design_class_diagrams/design_hr_final_leave_decision.png, id=1552, 1194.4625pt x 565.11125pt>
File: sections/chapitre3/img/sprint2_leave_management/07_design_class_diagrams/design_hr_final_leave_decision.png Graphic file (type png)
<use sections/chapitre3/img/sprint2_leave_management/07_design_class_diagrams/design_hr_final_leave_decision.png>
Package pdftex.def Info: sections/chapitre3/img/sprint2_leave_management/07_design_class_diagrams/design_hr_final_leave_decision.png  used on input line 1098.
(pdftex.def)             Requested size: 432.48051pt x 204.6126pt.
<sections/chapitre3/img/sprint2_leave_management/07_design_class_diagrams/design_working_day_holiday_balance_management.png, id=1553, 1197.47375pt x 669.50125pt>
File: sections/chapitre3/img/sprint2_leave_management/07_design_class_diagrams/design_working_day_holiday_balance_management.png Graphic file (type png)
<use sections/chapitre3/img/sprint2_leave_management/07_design_class_diagrams/design_working_day_holiday_balance_management.png>
Package pdftex.def Info: sections/chapitre3/img/sprint2_leave_management/07_design_class_diagrams/design_working_day_holiday_balance_management.png  used on input line 1108.
(pdftex.def)             Requested size: 432.48051pt x 241.79666pt.
 [76 <./sections/chapitre3/img/sprint2_leave_management/07_design_class_diagrams/design_hr_final_leave_decision.png> <./sections/chapitre3/img/sprint2_leave_management/07_design_class_diagrams/design_working_day_holiday_balance_management.png>]
<sections/chapitre3/img/sprint2_leave_management/08_conception_sequence_diagrams/csd_submit_leave_request_frontend.png, id=1561, 1305.87875pt x 864.22874pt>
File: sections/chapitre3/img/sprint2_leave_management/08_conception_sequence_diagrams/csd_submit_leave_request_frontend.png Graphic file (type png)
<use sections/chapitre3/img/sprint2_leave_management/08_conception_sequence_diagrams/csd_submit_leave_request_frontend.png>
Package pdftex.def Info: sections/chapitre3/img/sprint2_leave_management/08_conception_sequence_diagrams/csd_submit_leave_request_frontend.png  used on input line 1122.
(pdftex.def)             Requested size: 455.23122pt x 562.24313pt.
 [77 <./sections/chapitre3/img/sprint2_leave_management/08_conception_sequence_diagrams/csd_submit_leave_request_frontend.png>]
<sections/chapitre3/img/sprint2_leave_management/08_conception_sequence_diagrams/csd_submit_leave_request_backend.png, id=1567, 1365.1pt x 679.53876pt>
File: sections/chapitre3/img/sprint2_leave_management/08_conception_sequence_diagrams/csd_submit_leave_request_backend.png Graphic file (type png)
<use sections/chapitre3/img/sprint2_leave_management/08_conception_sequence_diagrams/csd_submit_leave_request_backend.png>
Package pdftex.def Info: sections/chapitre3/img/sprint2_leave_management/08_conception_sequence_diagrams/csd_submit_leave_request_backend.png  used on input line 1131.
(pdftex.def)             Requested size: 455.23357pt x 562.25432pt.
 [78

 <./sections/chapitre3/img/sprint2_leave_management/08_conception_sequence_diagrams/csd_submit_leave_request_backend.png>]
<sections/chapitre3/img/sprint2_leave_management/08_conception_sequence_diagrams/csd_edit_cancel_pending_leave_frontend.png, id=1573, 1312.905pt x 991.705pt>
File: sections/chapitre3/img/sprint2_leave_management/08_conception_sequence_diagrams/csd_edit_cancel_pending_leave_frontend.png Graphic file (type png)
<use sections/chapitre3/img/sprint2_leave_management/08_conception_sequence_diagrams/csd_edit_cancel_pending_leave_frontend.png>
Package pdftex.def Info: sections/chapitre3/img/sprint2_leave_management/08_conception_sequence_diagrams/csd_edit_cancel_pending_leave_frontend.png  used on input line 1140.
(pdftex.def)             Requested size: 455.23651pt x 562.23616pt.
 [79

 <./sections/chapitre3/img/sprint2_leave_management/08_conception_sequence_diagrams/csd_edit_cancel_pending_leave_frontend.png>]
<sections/chapitre3/img/sprint2_leave_management/08_conception_sequence_diagrams/csd_edit_cancel_pending_leave_backend.png, id=1579, 1467.4825pt x 1001.7425pt>
File: sections/chapitre3/img/sprint2_leave_management/08_conception_sequence_diagrams/csd_edit_cancel_pending_leave_backend.png Graphic file (type png)
<use sections/chapitre3/img/sprint2_leave_management/08_conception_sequence_diagrams/csd_edit_cancel_pending_leave_backend.png>
Package pdftex.def Info: sections/chapitre3/img/sprint2_leave_management/08_conception_sequence_diagrams/csd_edit_cancel_pending_leave_backend.png  used on input line 1149.
(pdftex.def)             Requested size: 455.22836pt x 562.25595pt.
 [80

 <./sections/chapitre3/img/sprint2_leave_management/08_conception_sequence_diagrams/csd_edit_cancel_pending_leave_backend.png>]
<sections/chapitre3/img/sprint2_leave_management/08_conception_sequence_diagrams/csd_team_leader_review_frontend.png, id=1585, 1317.92375pt x 1008.76875pt>
File: sections/chapitre3/img/sprint2_leave_management/08_conception_sequence_diagrams/csd_team_leader_review_frontend.png Graphic file (type png)
<use sections/chapitre3/img/sprint2_leave_management/08_conception_sequence_diagrams/csd_team_leader_review_frontend.png>
Package pdftex.def Info: sections/chapitre3/img/sprint2_leave_management/08_conception_sequence_diagrams/csd_team_leader_review_frontend.png  used on input line 1158.
(pdftex.def)             Requested size: 455.24727pt x 562.22835pt.
 [81

 <./sections/chapitre3/img/sprint2_leave_management/08_conception_sequence_diagrams/csd_team_leader_review_frontend.png>]
<sections/chapitre3/img/sprint2_leave_management/08_conception_sequence_diagrams/csd_team_leader_review_backend.png, id=1591, 1334.9875pt x 971.63pt>
File: sections/chapitre3/img/sprint2_leave_management/08_conception_sequence_diagrams/csd_team_leader_review_backend.png Graphic file (type png)
<use sections/chapitre3/img/sprint2_leave_management/08_conception_sequence_diagrams/csd_team_leader_review_backend.png>
Package pdftex.def Info: sections/chapitre3/img/sprint2_leave_management/08_conception_sequence_diagrams/csd_team_leader_review_backend.png  used on input line 1167.
(pdftex.def)             Requested size: 455.23419pt x 562.2263pt.
 [82

 <./sections/chapitre3/img/sprint2_leave_management/08_conception_sequence_diagrams/csd_team_leader_review_backend.png>]
<sections/chapitre3/img/sprint2_leave_management/08_conception_sequence_diagrams/csd_hr_final_review_frontend.png, id=1598, 1317.92375pt x 975.645pt>
File: sections/chapitre3/img/sprint2_leave_management/08_conception_sequence_diagrams/csd_hr_final_review_frontend.png Graphic file (type png)
<use sections/chapitre3/img/sprint2_leave_management/08_conception_sequence_diagrams/csd_hr_final_review_frontend.png>
Package pdftex.def Info: sections/chapitre3/img/sprint2_leave_management/08_conception_sequence_diagrams/csd_hr_final_review_frontend.png  used on input line 1176.
(pdftex.def)             Requested size: 455.24727pt x 562.22716pt.
 [83

 <./sections/chapitre3/img/sprint2_leave_management/08_conception_sequence_diagrams/csd_hr_final_review_frontend.png>]
<sections/chapitre3/img/sprint2_leave_management/08_conception_sequence_diagrams/csd_hr_final_review_backend.png, id=1604, 1350.04375pt x 991.705pt>
File: sections/chapitre3/img/sprint2_leave_management/08_conception_sequence_diagrams/csd_hr_final_review_backend.png Graphic file (type png)
<use sections/chapitre3/img/sprint2_leave_management/08_conception_sequence_diagrams/csd_hr_final_review_backend.png>
Package pdftex.def Info: sections/chapitre3/img/sprint2_leave_management/08_conception_sequence_diagrams/csd_hr_final_review_backend.png  used on input line 1185.
(pdftex.def)             Requested size: 455.23901pt x 562.23616pt.
 [84

 <./sections/chapitre3/img/sprint2_leave_management/08_conception_sequence_diagrams/csd_hr_final_review_backend.png>]
<sections/chapitre3/img/sprint2_leave_management/09_ui_screenshots/sprint2_employee_leave_requests.png, id=1610, 1155.1155pt x 546.24075pt>
File: sections/chapitre3/img/sprint2_leave_management/09_ui_screenshots/sprint2_employee_leave_requests.png Graphic file (type png)
<use sections/chapitre3/img/sprint2_leave_management/09_ui_screenshots/sprint2_employee_leave_requests.png>
Package pdftex.def Info: sections/chapitre3/img/sprint2_leave_management/09_ui_screenshots/sprint2_employee_leave_requests.png  used on input line 1205.
(pdftex.def)             Requested size: 432.48051pt x 204.51471pt.
<sections/chapitre3/img/sprint2_leave_management/09_ui_screenshots/sprint2_employee_leave_details.png, id=1611, 1150.89975pt x 534.798pt>
File: sections/chapitre3/img/sprint2_leave_management/09_ui_screenshots/sprint2_employee_leave_details.png Graphic file (type png)
<use sections/chapitre3/img/sprint2_leave_management/09_ui_screenshots/sprint2_employee_leave_details.png>
Package pdftex.def Info: sections/chapitre3/img/sprint2_leave_management/09_ui_screenshots/sprint2_employee_leave_details.png  used on input line 1213.
(pdftex.def)             Requested size: 432.48051pt x 200.96494pt.
 [85

 <./sections/chapitre3/img/sprint2_leave_management/09_ui_screenshots/sprint2_employee_leave_requests.png> <./sections/chapitre3/img/sprint2_leave_management/09_ui_screenshots/sprint2_employee_leave_details.png>]
<sections/chapitre3/img/sprint2_leave_management/09_ui_screenshots/sprint2_team_leader_leave_review.png, id=1618, 1150.89975pt x 555.87675pt>
File: sections/chapitre3/img/sprint2_leave_management/09_ui_screenshots/sprint2_team_leader_leave_review.png Graphic file (type png)
<use sections/chapitre3/img/sprint2_leave_management/09_ui_screenshots/sprint2_team_leader_leave_review.png>
Package pdftex.def Info: sections/chapitre3/img/sprint2_leave_management/09_ui_screenshots/sprint2_team_leader_leave_review.png  used on input line 1221.
(pdftex.def)             Requested size: 432.48051pt x 208.88585pt.
<sections/chapitre3/img/sprint2_leave_management/09_ui_screenshots/sprint2_hr_final_leave_decision.png, id=1619, 1151.502pt x 519.1395pt>
File: sections/chapitre3/img/sprint2_leave_management/09_ui_screenshots/sprint2_hr_final_leave_decision.png Graphic file (type png)
<use sections/chapitre3/img/sprint2_leave_management/09_ui_screenshots/sprint2_hr_final_leave_decision.png>
Package pdftex.def Info: sections/chapitre3/img/sprint2_leave_management/09_ui_screenshots/sprint2_hr_final_leave_decision.png  used on input line 1229.
(pdftex.def)             Requested size: 432.48051pt x 194.97784pt.
<sections/chapitre3/img/sprint2_leave_management/09_ui_screenshots/sprint2_leave_calendar.png, id=1620, 1145.4795pt x 536.60475pt>
File: sections/chapitre3/img/sprint2_leave_management/09_ui_screenshots/sprint2_leave_calendar.png Graphic file (type png)
<use sections/chapitre3/img/sprint2_leave_management/09_ui_screenshots/sprint2_leave_calendar.png>
Package pdftex.def Info: sections/chapitre3/img/sprint2_leave_management/09_ui_screenshots/sprint2_leave_calendar.png  used on input line 1237.
(pdftex.def)             Requested size: 432.48051pt x 202.59366pt.
 [86 <./sections/chapitre3/img/sprint2_leave_management/09_ui_screenshots/sprint2_team_leader_leave_review.png> <./sections/chapitre3/img/sprint2_leave_management/09_ui_screenshots/sprint2_hr_final_leave_decision.png>] [87 <./sections/chapitre3/img/sprint2_leave_management/09_ui_screenshots/sprint2_leave_calendar.png>]) [88] (sections/chapitre4/chapitre4.tex
<sections/chapitre4/img/other/release2_organization.png, id=1637, 280.04625pt x 187.70125pt>
File: sections/chapitre4/img/other/release2_organization.png Graphic file (type png)
<use sections/chapitre4/img/other/release2_organization.png>
Package pdftex.def Info: sections/chapitre4/img/other/release2_organization.png  used on input line 93.
(pdftex.def)             Requested size: 254.93558pt x 170.87714pt.
 [89

 <./sections/chapitre4/img/other/release2_organization.png>]
<sections/chapitre4/img/sprint3_administrative_requests/01_jira/sprint3_jira_journal.png, id=1643, 916.6245pt x 364.9635pt>
File: sections/chapitre4/img/sprint3_administrative_requests/01_jira/sprint3_jira_journal.png Graphic file (type png)
<use sections/chapitre4/img/sprint3_administrative_requests/01_jira/sprint3_jira_journal.png>
Package pdftex.def Info: sections/chapitre4/img/sprint3_administrative_requests/01_jira/sprint3_jira_journal.png  used on input line 124.
(pdftex.def)             Requested size: 432.48051pt x 172.20113pt.
 [90 <./sections/chapitre4/img/sprint3_administrative_requests/01_jira/sprint3_jira_journal.png>] [91] [92

]
<sections/chapitre4/img/sprint3_administrative_requests/02_use_case_diagrams/use_case_sprint3_administrative_requests.png, id=1659, 887.315pt x 703.62875pt>
File: sections/chapitre4/img/sprint3_administrative_requests/02_use_case_diagrams/use_case_sprint3_administrative_requests.png Graphic file (type png)
<use sections/chapitre4/img/sprint3_administrative_requests/02_use_case_diagrams/use_case_sprint3_administrative_requests.png>
Package pdftex.def Info: sections/chapitre4/img/sprint3_administrative_requests/02_use_case_diagrams/use_case_sprint3_administrative_requests.png  used on input line 245.
(pdftex.def)             Requested size: 418.82375pt x 332.11203pt.
<sections/chapitre4/img/sprint3_administrative_requests/02_use_case_diagrams/use_case_hr_administrative_request_processing.png, id=1660, 955.57pt x 412.54124pt>
File: sections/chapitre4/img/sprint3_administrative_requests/02_use_case_diagrams/use_case_hr_administrative_request_processing.png Graphic file (type png)
<use sections/chapitre4/img/sprint3_administrative_requests/02_use_case_diagrams/use_case_hr_administrative_request_processing.png>
Package pdftex.def Info: sections/chapitre4/img/sprint3_administrative_requests/02_use_case_diagrams/use_case_hr_administrative_request_processing.png  used on input line 256.
(pdftex.def)             Requested size: 418.82375pt x 180.81367pt.
 [93 <./sections/chapitre4/img/sprint3_administrative_requests/02_use_case_diagrams/use_case_sprint3_administrative_requests.png> <./sections/chapitre4/img/sprint3_administrative_requests/02_use_case_diagrams/use_case_hr_administrative_request_processing.png>]
Overfull \hbox (4.86989pt too wide) in paragraph at lines 264--265
[]\T1/ptm/m/n/12 These di-a-grams de-scribe the main re-quest sub-mis-sions, HR pro-cess-ing steps, and schedul-
 []

<sections/chapitre4/img/sprint3_administrative_requests/03_system_sequence_diagrams/ssd_submit_document_request.png, id=1667, 905.3825pt x 615.29875pt>
File: sections/chapitre4/img/sprint3_administrative_requests/03_system_sequence_diagrams/ssd_submit_document_request.png Graphic file (type png)
<use sections/chapitre4/img/sprint3_administrative_requests/03_system_sequence_diagrams/ssd_submit_document_request.png>
Package pdftex.def Info: sections/chapitre4/img/sprint3_administrative_requests/03_system_sequence_diagrams/ssd_submit_document_request.png  used on input line 277.
(pdftex.def)             Requested size: 418.82375pt x 284.62755pt.
<sections/chapitre4/img/sprint3_administrative_requests/03_system_sequence_diagrams/ssd_process_document_request.png, id=1668, 1107.13625pt x 865.2325pt>
File: sections/chapitre4/img/sprint3_administrative_requests/03_system_sequence_diagrams/ssd_process_document_request.png Graphic file (type png)
<use sections/chapitre4/img/sprint3_administrative_requests/03_system_sequence_diagrams/ssd_process_document_request.png>
Package pdftex.def Info: sections/chapitre4/img/sprint3_administrative_requests/03_system_sequence_diagrams/ssd_process_document_request.png  used on input line 288.
(pdftex.def)             Requested size: 400.61703pt x 313.08095pt.
[94 <./sections/chapitre4/img/sprint3_administrative_requests/03_system_sequence_diagrams/ssd_submit_document_request.png>]
<sections/chapitre4/img/sprint3_administrative_requests/03_system_sequence_diagrams/ssd_submit_loan_request.png, id=1675, 985.6825pt x 614.295pt>
File: sections/chapitre4/img/sprint3_administrative_requests/03_system_sequence_diagrams/ssd_submit_loan_request.png Graphic file (type png)
<use sections/chapitre4/img/sprint3_administrative_requests/03_system_sequence_diagrams/ssd_submit_loan_request.png>
Package pdftex.def Info: sections/chapitre4/img/sprint3_administrative_requests/03_system_sequence_diagrams/ssd_submit_loan_request.png  used on input line 300.
(pdftex.def)             Requested size: 373.3035pt x 232.64716pt.
<sections/chapitre4/img/sprint3_administrative_requests/03_system_sequence_diagrams/ssd_schedule_loan_meeting.png, id=1676, 2073.7475pt x 1589.94pt>
File: sections/chapitre4/img/sprint3_administrative_requests/03_system_sequence_diagrams/ssd_schedule_loan_meeting.png Graphic file (type png)
<use sections/chapitre4/img/sprint3_administrative_requests/03_system_sequence_diagrams/ssd_schedule_loan_meeting.png>
Package pdftex.def Info: sections/chapitre4/img/sprint3_administrative_requests/03_system_sequence_diagrams/ssd_schedule_loan_meeting.png  used on input line 315.
(pdftex.def)             Requested size: 418.82375pt x 321.11197pt.
 [95 <./sections/chapitre4/img/sprint3_administrative_requests/03_system_sequence_diagrams/ssd_process_document_request.png> <./sections/chapitre4/img/sprint3_administrative_requests/03_system_sequence_diagrams/ssd_submit_loan_request.png>]
<sections/chapitre4/img/sprint3_administrative_requests/03_system_sequence_diagrams/ssd_submit_authorization_request.png, id=1683, 2073.7475pt x 1369.115pt>
File: sections/chapitre4/img/sprint3_administrative_requests/03_system_sequence_diagrams/ssd_submit_authorization_request.png Graphic file (type png)
<use sections/chapitre4/img/sprint3_administrative_requests/03_system_sequence_diagrams/ssd_submit_authorization_request.png>
Package pdftex.def Info: sections/chapitre4/img/sprint3_administrative_requests/03_system_sequence_diagrams/ssd_submit_authorization_request.png  used on input line 326.
(pdftex.def)             Requested size: 418.82375pt x 276.51308pt.
 [96 <./sections/chapitre4/img/sprint3_administrative_requests/03_system_sequence_diagrams/ssd_schedule_loan_meeting.png>]
<sections/chapitre4/img/sprint3_administrative_requests/03_system_sequence_diagrams/ssd_hr_administrative_request_decision.png, id=1689, 2200.22pt x 1872.9975pt>
File: sections/chapitre4/img/sprint3_administrative_requests/03_system_sequence_diagrams/ssd_hr_administrative_request_decision.png Graphic file (type png)
<use sections/chapitre4/img/sprint3_administrative_requests/03_system_sequence_diagrams/ssd_hr_administrative_request_decision.png>
Package pdftex.def Info: sections/chapitre4/img/sprint3_administrative_requests/03_system_sequence_diagrams/ssd_hr_administrative_request_decision.png  used on input line 337.
(pdftex.def)             Requested size: 418.82375pt x 356.53056pt.
 [97 <./sections/chapitre4/img/sprint3_administrative_requests/03_system_sequence_diagrams/ssd_submit_authorization_request.png>] [98 <./sections/chapitre4/img/sprint3_administrative_requests/03_system_sequence_diagrams/ssd_hr_administrative_request_decision.png>]
<sections/chapitre4/img/sprint3_administrative_requests/05_domain_model/domain_model_sprint3_administrative_requests.png, id=1700, 1247.66125pt x 1064.97874pt>
File: sections/chapitre4/img/sprint3_administrative_requests/05_domain_model/domain_model_sprint3_administrative_requests.png Graphic file (type png)
<use sections/chapitre4/img/sprint3_administrative_requests/05_domain_model/domain_model_sprint3_administrative_requests.png>
Package pdftex.def Info: sections/chapitre4/img/sprint3_administrative_requests/05_domain_model/domain_model_sprint3_administrative_requests.png  used on input line 354.
(pdftex.def)             Requested size: 509.8691pt x 435.2141pt.
 [99

 <./sections/chapitre4/img/sprint3_administrative_requests/05_domain_model/domain_model_sprint3_administrative_requests.png>]
<sections/chapitre4/img/sprint3_administrative_requests/06_participant_class_diagrams/participant_document_request_management.png, id=1706, 1127.21124pt x 606.265pt>
File: sections/chapitre4/img/sprint3_administrative_requests/06_participant_class_diagrams/participant_document_request_management.png Graphic file (type png)
<use sections/chapitre4/img/sprint3_administrative_requests/06_participant_class_diagrams/participant_document_request_management.png>
Package pdftex.def Info: sections/chapitre4/img/sprint3_administrative_requests/06_participant_class_diagrams/participant_document_request_management.png  used on input line 380.
(pdftex.def)             Requested size: 409.71692pt x 220.36443pt.
<sections/chapitre4/img/sprint3_administrative_requests/06_participant_class_diagrams/participant_loan_request_management.png, id=1707, 1468.48625pt x 706.64pt>
File: sections/chapitre4/img/sprint3_administrative_requests/06_participant_class_diagrams/participant_loan_request_management.png Graphic file (type png)
<use sections/chapitre4/img/sprint3_administrative_requests/06_participant_class_diagrams/participant_loan_request_management.png>
Package pdftex.def Info: sections/chapitre4/img/sprint3_administrative_requests/06_participant_class_diagrams/participant_loan_request_management.png  used on input line 395.
(pdftex.def)             Requested size: 409.71692pt x 197.15698pt.
 [100

 <./sections/chapitre4/img/sprint3_administrative_requests/06_participant_class_diagrams/participant_document_request_management.png> <./sections/chapitre4/img/sprint3_administrative_requests/06_participant_class_diagrams/participant_loan_request_management.png>]
<sections/chapitre4/img/sprint3_administrative_requests/06_participant_class_diagrams/participant_authorization_request_management.png, id=1715, 1398.22375pt x 695.59875pt>
File: sections/chapitre4/img/sprint3_administrative_requests/06_participant_class_diagrams/participant_authorization_request_management.png Graphic file (type png)
<use sections/chapitre4/img/sprint3_administrative_requests/06_participant_class_diagrams/participant_authorization_request_management.png>
Package pdftex.def Info: sections/chapitre4/img/sprint3_administrative_requests/06_participant_class_diagrams/participant_authorization_request_management.png  used on input line 409.
(pdftex.def)             Requested size: 432.48051pt x 215.14514pt.
<sections/chapitre4/img/sprint3_administrative_requests/06_participant_class_diagrams/participant_hr_request_processing.png, id=1716, 1548.78625pt x 566.115pt>
File: sections/chapitre4/img/sprint3_administrative_requests/06_participant_class_diagrams/participant_hr_request_processing.png Graphic file (type png)
<use sections/chapitre4/img/sprint3_administrative_requests/06_participant_class_diagrams/participant_hr_request_processing.png>
Package pdftex.def Info: sections/chapitre4/img/sprint3_administrative_requests/06_participant_class_diagrams/participant_hr_request_processing.png  used on input line 420.
(pdftex.def)             Requested size: 432.48051pt x 158.07921pt.
 [101 <./sections/chapitre4/img/sprint3_administrative_requests/06_participant_class_diagrams/participant_authorization_request_management.png> <./sections/chapitre4/img/sprint3_administrative_requests/06_participant_class_diagrams/participant_hr_request_processing.png>]
<sections/chapitre4/img/sprint3_administrative_requests/04_state_diagrams/state_document_request_lifecycle.png, id=1723, 789.95125pt x 714.67pt>
File: sections/chapitre4/img/sprint3_administrative_requests/04_state_diagrams/state_document_request_lifecycle.png Graphic file (type png)
<use sections/chapitre4/img/sprint3_administrative_requests/04_state_diagrams/state_document_request_lifecycle.png>
Package pdftex.def Info: sections/chapitre4/img/sprint3_administrative_requests/04_state_diagrams/state_document_request_lifecycle.png  used on input line 440.
(pdftex.def)             Requested size: 409.71692pt x 370.6709pt.
<sections/chapitre4/img/sprint3_administrative_requests/04_state_diagrams/state_loan_request_lifecycle.png, id=1724, 774.895pt x 548.0475pt>
File: sections/chapitre4/img/sprint3_administrative_requests/04_state_diagrams/state_loan_request_lifecycle.png Graphic file (type png)
<use sections/chapitre4/img/sprint3_administrative_requests/04_state_diagrams/state_loan_request_lifecycle.png>
Package pdftex.def Info: sections/chapitre4/img/sprint3_administrative_requests/04_state_diagrams/state_loan_request_lifecycle.png  used on input line 451.
(pdftex.def)             Requested size: 409.71692pt x 289.77806pt.
 [102 <./sections/chapitre4/img/sprint3_administrative_requests/04_state_diagrams/state_document_request_lifecycle.png>]
<sections/chapitre4/img/sprint3_administrative_requests/04_state_diagrams/state_authorization_request_lifecycle.png, id=1730, 573.14125pt x 453.695pt>
File: sections/chapitre4/img/sprint3_administrative_requests/04_state_diagrams/state_authorization_request_lifecycle.png Graphic file (type png)
<use sections/chapitre4/img/sprint3_administrative_requests/04_state_diagrams/state_authorization_request_lifecycle.png>
Package pdftex.def Info: sections/chapitre4/img/sprint3_administrative_requests/04_state_diagrams/state_authorization_request_lifecycle.png  used on input line 462.
(pdftex.def)             Requested size: 409.71692pt x 324.33408pt.
 [103 <./sections/chapitre4/img/sprint3_administrative_requests/04_state_diagrams/state_loan_request_lifecycle.png>]
<sections/chapitre4/img/sprint3_administrative_requests/07_design_class_diagrams/design_document_request_final_file_management.png, id=1736, 1196.47pt x 725.71124pt>
File: sections/chapitre4/img/sprint3_administrative_requests/07_design_class_diagrams/design_document_request_final_file_management.png Graphic file (type png)
<use sections/chapitre4/img/sprint3_administrative_requests/07_design_class_diagrams/design_document_request_final_file_management.png>
Package pdftex.def Info: sections/chapitre4/img/sprint3_administrative_requests/07_design_class_diagrams/design_document_request_final_file_management.png  used on input line 483.
(pdftex.def)             Requested size: 432.48051pt x 262.3189pt.
 [104 <./sections/chapitre4/img/sprint3_administrative_requests/04_state_diagrams/state_authorization_request_lifecycle.png>]
<sections/chapitre4/img/sprint3_administrative_requests/07_design_class_diagrams/design_loan_request_review_management.png, id=1742, 1106.1325pt x 1014.79124pt>
File: sections/chapitre4/img/sprint3_administrative_requests/07_design_class_diagrams/design_loan_request_review_management.png Graphic file (type png)
<use sections/chapitre4/img/sprint3_administrative_requests/07_design_class_diagrams/design_loan_request_review_management.png>
Package pdftex.def Info: sections/chapitre4/img/sprint3_administrative_requests/07_design_class_diagrams/design_loan_request_review_management.png  used on input line 494.
(pdftex.def)             Requested size: 432.48051pt x 396.758pt.
 [105 <./sections/chapitre4/img/sprint3_administrative_requests/07_design_class_diagrams/design_document_request_final_file_management.png>]
<sections/chapitre4/img/sprint3_administrative_requests/07_design_class_diagrams/design_authorization_request_management.png, id=1748, 1106.1325pt x 666.49pt>
File: sections/chapitre4/img/sprint3_administrative_requests/07_design_class_diagrams/design_authorization_request_management.png Graphic file (type png)
<use sections/chapitre4/img/sprint3_administrative_requests/07_design_class_diagrams/design_authorization_request_management.png>
Package pdftex.def Info: sections/chapitre4/img/sprint3_administrative_requests/07_design_class_diagrams/design_authorization_request_management.png  used on input line 505.
(pdftex.def)             Requested size: 432.48051pt x 260.58092pt.
 [106 <./sections/chapitre4/img/sprint3_administrative_requests/07_design_class_diagrams/design_loan_request_review_management.png>]
<sections/chapitre4/img/sprint3_administrative_requests/07_design_class_diagrams/design_hr_request_processing.png, id=1755, 1086.0575pt x 625.33624pt>
File: sections/chapitre4/img/sprint3_administrative_requests/07_design_class_diagrams/design_hr_request_processing.png Graphic file (type png)
<use sections/chapitre4/img/sprint3_administrative_requests/07_design_class_diagrams/design_hr_request_processing.png>
Package pdftex.def Info: sections/chapitre4/img/sprint3_administrative_requests/07_design_class_diagrams/design_hr_request_processing.png  used on input line 516.
(pdftex.def)             Requested size: 432.48051pt x 249.01367pt.
 [107 <./sections/chapitre4/img/sprint3_administrative_requests/07_design_class_diagrams/design_authorization_request_management.png> <./sections/chapitre4/img/sprint3_administrative_requests/07_design_class_diagrams/design_hr_request_processing.png>]
<sections/chapitre4/img/sprint3_administrative_requests/08_conception_sequence_diagrams/csd_document_request_hr_decision_frontend.png, id=1762, 1147.28625pt x 1033.8625pt>
File: sections/chapitre4/img/sprint3_administrative_requests/08_conception_sequence_diagrams/csd_document_request_hr_decision_frontend.png Graphic file (type png)
<use sections/chapitre4/img/sprint3_administrative_requests/08_conception_sequence_diagrams/csd_document_request_hr_decision_frontend.png>
Package pdftex.def Info: sections/chapitre4/img/sprint3_administrative_requests/08_conception_sequence_diagrams/csd_document_request_hr_decision_frontend.png  used on input line 535.
(pdftex.def)             Requested size: 432.48051pt x 389.71675pt.
 [108 <./sections/chapitre4/img/sprint3_administrative_requests/08_conception_sequence_diagrams/csd_document_request_hr_decision_frontend.png>]
<sections/chapitre4/img/sprint3_administrative_requests/08_conception_sequence_diagrams/csd_document_request_decision_backend.png, id=1768, 1061.9675pt x 1035.87pt>
File: sections/chapitre4/img/sprint3_administrative_requests/08_conception_sequence_diagrams/csd_document_request_decision_backend.png Graphic file (type png)
<use sections/chapitre4/img/sprint3_administrative_requests/08_conception_sequence_diagrams/csd_document_request_decision_backend.png>
Package pdftex.def Info: sections/chapitre4/img/sprint3_administrative_requests/08_conception_sequence_diagrams/csd_document_request_decision_backend.png  used on input line 544.
(pdftex.def)             Requested size: 432.48051pt x 421.84854pt.
<sections/chapitre4/img/sprint3_administrative_requests/08_conception_sequence_diagrams/csd_document_request_final_file_frontend.png, id=1769, 1343.0175pt x 1126.2075pt>
File: sections/chapitre4/img/sprint3_administrative_requests/08_conception_sequence_diagrams/csd_document_request_final_file_frontend.png Graphic file (type png)
<use sections/chapitre4/img/sprint3_administrative_requests/08_conception_sequence_diagrams/csd_document_request_final_file_frontend.png>
Package pdftex.def Info: sections/chapitre4/img/sprint3_administrative_requests/08_conception_sequence_diagrams/csd_document_request_final_file_frontend.png  used on input line 553.
(pdftex.def)             Requested size: 432.48051pt x 362.66212pt.
 [109 <./sections/chapitre4/img/sprint3_administrative_requests/08_conception_sequence_diagrams/csd_document_request_decision_backend.png>]
<sections/chapitre4/img/sprint3_administrative_requests/08_conception_sequence_diagrams/csd_document_request_final_file_backend.png, id=1775, 1578.89874pt x 1278.7775pt>
File: sections/chapitre4/img/sprint3_administrative_requests/08_conception_sequence_diagrams/csd_document_request_final_file_backend.png Graphic file (type png)
<use sections/chapitre4/img/sprint3_administrative_requests/08_conception_sequence_diagrams/csd_document_request_final_file_backend.png>
Package pdftex.def Info: sections/chapitre4/img/sprint3_administrative_requests/08_conception_sequence_diagrams/csd_document_request_final_file_backend.png  used on input line 562.
(pdftex.def)             Requested size: 446.13727pt x 361.33337pt.
 [110 <./sections/chapitre4/img/sprint3_administrative_requests/08_conception_sequence_diagrams/csd_document_request_final_file_frontend.png>]
<sections/chapitre4/img/sprint3_administrative_requests/08_conception_sequence_diagrams/csd_loan_request_submission_frontend.png, id=1781, 1122.1925pt x 1020.81375pt>
File: sections/chapitre4/img/sprint3_administrative_requests/08_conception_sequence_diagrams/csd_loan_request_submission_frontend.png Graphic file (type png)
<use sections/chapitre4/img/sprint3_administrative_requests/08_conception_sequence_diagrams/csd_loan_request_submission_frontend.png>
Package pdftex.def Info: sections/chapitre4/img/sprint3_administrative_requests/08_conception_sequence_diagrams/csd_loan_request_submission_frontend.png  used on input line 571.
(pdftex.def)             Requested size: 432.48051pt x 393.39613pt.
 [111 <./sections/chapitre4/img/sprint3_administrative_requests/08_conception_sequence_diagrams/csd_document_request_final_file_backend.png>]
<sections/chapitre4/img/sprint3_administrative_requests/08_conception_sequence_diagrams/csd_loan_request_submission_backend.png, id=1787, 1091.07625pt x 1236.62pt>
File: sections/chapitre4/img/sprint3_administrative_requests/08_conception_sequence_diagrams/csd_loan_request_submission_backend.png Graphic file (type png)
<use sections/chapitre4/img/sprint3_administrative_requests/08_conception_sequence_diagrams/csd_loan_request_submission_backend.png>
Package pdftex.def Info: sections/chapitre4/img/sprint3_administrative_requests/08_conception_sequence_diagrams/csd_loan_request_submission_backend.png  used on input line 580.
(pdftex.def)             Requested size: 446.13727pt x 505.64003pt.
 [112 <./sections/chapitre4/img/sprint3_administrative_requests/08_conception_sequence_diagrams/csd_loan_request_submission_frontend.png>] [113 <./sections/chapitre4/img/sprint3_administrative_requests/08_conception_sequence_diagrams/csd_loan_request_submission_backend.png>]
<sections/chapitre4/img/sprint3_administrative_requests/08_conception_sequence_diagrams/csd_loan_request_meeting_frontend.png, id=1799, 1064.97874pt x 912.40875pt>
File: sections/chapitre4/img/sprint3_administrative_requests/08_conception_sequence_diagrams/csd_loan_request_meeting_frontend.png Graphic file (type png)
<use sections/chapitre4/img/sprint3_administrative_requests/08_conception_sequence_diagrams/csd_loan_request_meeting_frontend.png>
Package pdftex.def Info: sections/chapitre4/img/sprint3_administrative_requests/08_conception_sequence_diagrams/csd_loan_request_meeting_frontend.png  used on input line 589.
(pdftex.def)             Requested size: 432.48051pt x 370.512pt.
<sections/chapitre4/img/sprint3_administrative_requests/08_conception_sequence_diagrams/csd_loan_request_meeting_backend.png, id=1800, 1039.885pt x 714.67pt>
File: sections/chapitre4/img/sprint3_administrative_requests/08_conception_sequence_diagrams/csd_loan_request_meeting_backend.png Graphic file (type png)
<use sections/chapitre4/img/sprint3_administrative_requests/08_conception_sequence_diagrams/csd_loan_request_meeting_backend.png>
Package pdftex.def Info: sections/chapitre4/img/sprint3_administrative_requests/08_conception_sequence_diagrams/csd_loan_request_meeting_backend.png  used on input line 598.
(pdftex.def)             Requested size: 432.48051pt x 297.2259pt.
 [114 <./sections/chapitre4/img/sprint3_administrative_requests/08_conception_sequence_diagrams/csd_loan_request_meeting_frontend.png>]
<sections/chapitre4/img/sprint3_administrative_requests/08_conception_sequence_diagrams/csd_loan_request_decision_frontend.png, id=1806, 1097.09875pt x 1407.2575pt>
File: sections/chapitre4/img/sprint3_administrative_requests/08_conception_sequence_diagrams/csd_loan_request_decision_frontend.png Graphic file (type png)
<use sections/chapitre4/img/sprint3_administrative_requests/08_conception_sequence_diagrams/csd_loan_request_decision_frontend.png>
Package pdftex.def Info: sections/chapitre4/img/sprint3_administrative_requests/08_conception_sequence_diagrams/csd_loan_request_decision_frontend.png  used on input line 607.
(pdftex.def)             Requested size: 432.48051pt x 554.73329pt.
 [115 <./sections/chapitre4/img/sprint3_administrative_requests/08_conception_sequence_diagrams/csd_loan_request_meeting_backend.png>] [116 <./sections/chapitre4/img/sprint3_administrative_requests/08_conception_sequence_diagrams/csd_loan_request_decision_frontend.png>]
<sections/chapitre4/img/sprint3_administrative_requests/08_conception_sequence_diagrams/csd_loan_request_decision_backend.png, id=1817, 1081.03876pt x 1728.4575pt>
File: sections/chapitre4/img/sprint3_administrative_requests/08_conception_sequence_diagrams/csd_loan_request_decision_backend.png Graphic file (type png)
<use sections/chapitre4/img/sprint3_administrative_requests/08_conception_sequence_diagrams/csd_loan_request_decision_backend.png>
Package pdftex.def Info: sections/chapitre4/img/sprint3_administrative_requests/08_conception_sequence_diagrams/csd_loan_request_decision_backend.png  used on input line 616.
(pdftex.def)             Requested size: 373.3035pt x 596.84598pt.
 [117

 <./sections/chapitre4/img/sprint3_administrative_requests/08_conception_sequence_diagrams/csd_loan_request_decision_backend.png (PNG copy)>]
<sections/chapitre4/img/sprint3_administrative_requests/08_conception_sequence_diagrams/csd_loan_request_final_file_frontend.png, id=1822, 1297.84875pt x 972.63374pt>
File: sections/chapitre4/img/sprint3_administrative_requests/08_conception_sequence_diagrams/csd_loan_request_final_file_frontend.png Graphic file (type png)
<use sections/chapitre4/img/sprint3_administrative_requests/08_conception_sequence_diagrams/csd_loan_request_final_file_frontend.png>
Package pdftex.def Info: sections/chapitre4/img/sprint3_administrative_requests/08_conception_sequence_diagrams/csd_loan_request_final_file_frontend.png  used on input line 625.
(pdftex.def)             Requested size: 432.48051pt x 324.10161pt.
<sections/chapitre4/img/sprint3_administrative_requests/08_conception_sequence_diagrams/csd_loan_request_final_file_backend.png, id=1823, 1295.84125pt x 1226.5825pt>
File: sections/chapitre4/img/sprint3_administrative_requests/08_conception_sequence_diagrams/csd_loan_request_final_file_backend.png Graphic file (type png)
<use sections/chapitre4/img/sprint3_administrative_requests/08_conception_sequence_diagrams/csd_loan_request_final_file_backend.png>
Package pdftex.def Info: sections/chapitre4/img/sprint3_administrative_requests/08_conception_sequence_diagrams/csd_loan_request_final_file_backend.png  used on input line 634.
(pdftex.def)             Requested size: 432.48051pt x 409.35893pt.
 [118 <./sections/chapitre4/img/sprint3_administrative_requests/08_conception_sequence_diagrams/csd_loan_request_final_file_frontend.png (PNG copy)>]
<sections/chapitre4/img/sprint3_administrative_requests/08_conception_sequence_diagrams/csd_authorization_request_submission_frontend.png, id=1829, 1026.83624pt x 1076.02pt>
File: sections/chapitre4/img/sprint3_administrative_requests/08_conception_sequence_diagrams/csd_authorization_request_submission_frontend.png Graphic file (type png)
<use sections/chapitre4/img/sprint3_administrative_requests/08_conception_sequence_diagrams/csd_authorization_request_submission_frontend.png>
Package pdftex.def Info: sections/chapitre4/img/sprint3_administrative_requests/08_conception_sequence_diagrams/csd_authorization_request_submission_frontend.png  used on input line 643.
(pdftex.def)             Requested size: 432.48051pt x 453.18958pt.
 [119 <./sections/chapitre4/img/sprint3_administrative_requests/08_conception_sequence_diagrams/csd_loan_request_final_file_backend.png>]
<sections/chapitre4/img/sprint3_administrative_requests/08_conception_sequence_diagrams/csd_authorization_request_submission_backend.png, id=1835, 1162.3425pt x 1025.8325pt>
File: sections/chapitre4/img/sprint3_administrative_requests/08_conception_sequence_diagrams/csd_authorization_request_submission_backend.png Graphic file (type png)
<use sections/chapitre4/img/sprint3_administrative_requests/08_conception_sequence_diagrams/csd_authorization_request_submission_backend.png>
Package pdftex.def Info: sections/chapitre4/img/sprint3_administrative_requests/08_conception_sequence_diagrams/csd_authorization_request_submission_backend.png  used on input line 652.
(pdftex.def)             Requested size: 446.13727pt x 393.7493pt.
 [120 <./sections/chapitre4/img/sprint3_administrative_requests/08_conception_sequence_diagrams/csd_authorization_request_submission_frontend.png>]
<sections/chapitre4/img/sprint3_administrative_requests/08_conception_sequence_diagrams/csd_authorization_request_decision_frontend.png, id=1841, 1113.15875pt x 1136.245pt>
File: sections/chapitre4/img/sprint3_administrative_requests/08_conception_sequence_diagrams/csd_authorization_request_decision_frontend.png Graphic file (type png)
<use sections/chapitre4/img/sprint3_administrative_requests/08_conception_sequence_diagrams/csd_authorization_request_decision_frontend.png>
Package pdftex.def Info: sections/chapitre4/img/sprint3_administrative_requests/08_conception_sequence_diagrams/csd_authorization_request_decision_frontend.png  used on input line 661.
(pdftex.def)             Requested size: 432.48051pt x 441.45201pt.
 [121 <./sections/chapitre4/img/sprint3_administrative_requests/08_conception_sequence_diagrams/csd_authorization_request_submission_backend.png>]
<sections/chapitre4/img/sprint3_administrative_requests/08_conception_sequence_diagrams/csd_authorization_request_decision_backend.png, id=1847, 1207.51125pt x 1527.7075pt>
File: sections/chapitre4/img/sprint3_administrative_requests/08_conception_sequence_diagrams/csd_authorization_request_decision_backend.png Graphic file (type png)
<use sections/chapitre4/img/sprint3_administrative_requests/08_conception_sequence_diagrams/csd_authorization_request_decision_backend.png>
Package pdftex.def Info: sections/chapitre4/img/sprint3_administrative_requests/08_conception_sequence_diagrams/csd_authorization_request_decision_backend.png  used on input line 670.
(pdftex.def)             Requested size: 446.13727pt x 564.42705pt.
 [122 <./sections/chapitre4/img/sprint3_administrative_requests/08_conception_sequence_diagrams/csd_authorization_request_decision_frontend.png>] [123 <./sections/chapitre4/img/sprint3_administrative_requests/08_conception_sequence_diagrams/csd_authorization_request_decision_backend.png>]
<sections/chapitre4/img/sprint3_administrative_requests/09_ui_screenshots/ui_employee_documents_page.png, id=1858, 1155.1155pt x 531.1845pt>
File: sections/chapitre4/img/sprint3_administrative_requests/09_ui_screenshots/ui_employee_documents_page.png Graphic file (type png)
<use sections/chapitre4/img/sprint3_administrative_requests/09_ui_screenshots/ui_employee_documents_page.png>
Package pdftex.def Info: sections/chapitre4/img/sprint3_administrative_requests/09_ui_screenshots/ui_employee_documents_page.png  used on input line 685.
(pdftex.def)             Requested size: 432.48051pt x 198.87758pt.
<sections/chapitre4/img/sprint3_administrative_requests/09_ui_screenshots/ui_employee_loans_page.png, id=1859, 1149.093pt x 533.5935pt>
File: sections/chapitre4/img/sprint3_administrative_requests/09_ui_screenshots/ui_employee_loans_page.png Graphic file (type png)
<use sections/chapitre4/img/sprint3_administrative_requests/09_ui_screenshots/ui_employee_loans_page.png>
Package pdftex.def Info: sections/chapitre4/img/sprint3_administrative_requests/09_ui_screenshots/ui_employee_loans_page.png  used on input line 693.
(pdftex.def)             Requested size: 432.48051pt x 200.82985pt.
<sections/chapitre4/img/sprint3_administrative_requests/09_ui_screenshots/ui_employee_authorizations_page.png, id=1860, 1145.4795pt x 510.10574pt>
File: sections/chapitre4/img/sprint3_administrative_requests/09_ui_screenshots/ui_employee_authorizations_page.png Graphic file (type png)
<use sections/chapitre4/img/sprint3_administrative_requests/09_ui_screenshots/ui_employee_authorizations_page.png>
Package pdftex.def Info: sections/chapitre4/img/sprint3_administrative_requests/09_ui_screenshots/ui_employee_authorizations_page.png  used on input line 701.
(pdftex.def)             Requested size: 432.48051pt x 192.58904pt.
 [124 <./sections/chapitre4/img/sprint3_administrative_requests/09_ui_screenshots/ui_employee_documents_page.png> <./sections/chapitre4/img/sprint3_administrative_requests/09_ui_screenshots/ui_employee_loans_page.png>]
<sections/chapitre4/img/sprint3_administrative_requests/09_ui_screenshots/ui_hr_requests_page.png, id=1868, 1135.24126pt x 523.9575pt>
File: sections/chapitre4/img/sprint3_administrative_requests/09_ui_screenshots/ui_hr_requests_page.png Graphic file (type png)
<use sections/chapitre4/img/sprint3_administrative_requests/09_ui_screenshots/ui_hr_requests_page.png>
Package pdftex.def Info: sections/chapitre4/img/sprint3_administrative_requests/09_ui_screenshots/ui_hr_requests_page.png  used on input line 709.
(pdftex.def)             Requested size: 432.48051pt x 199.6096pt.
<sections/chapitre4/img/sprint3_administrative_requests/09_ui_screenshots/ui_request_detail_history.png, id=1869, 1147.28625pt x 525.76425pt>
File: sections/chapitre4/img/sprint3_administrative_requests/09_ui_screenshots/ui_request_detail_history.png Graphic file (type png)
<use sections/chapitre4/img/sprint3_administrative_requests/09_ui_screenshots/ui_request_detail_history.png>
Package pdftex.def Info: sections/chapitre4/img/sprint3_administrative_requests/09_ui_screenshots/ui_request_detail_history.png  used on input line 717.
(pdftex.def)             Requested size: 432.48051pt x 198.18799pt.
 [125 <./sections/chapitre4/img/sprint3_administrative_requests/09_ui_screenshots/ui_employee_authorizations_page.png> <./sections/chapitre4/img/sprint3_administrative_requests/09_ui_screenshots/ui_hr_requests_page.png>] [126 <./sections/chapitre4/img/sprint3_administrative_requests/09_ui_screenshots/ui_request_detail_history.png>]
<sections/chapitre4/img/sprint4_hr_management_calendar/01_jira/sprint4_jira_journal.png, id=1881, 922.647pt x 368.577pt>
File: sections/chapitre4/img/sprint4_hr_management_calendar/01_jira/sprint4_jira_journal.png Graphic file (type png)
<use sections/chapitre4/img/sprint4_hr_management_calendar/01_jira/sprint4_jira_journal.png>
Package pdftex.def Info: sections/chapitre4/img/sprint4_hr_management_calendar/01_jira/sprint4_jira_journal.png  used on input line 791.
(pdftex.def)             Requested size: 432.48051pt x 172.77003pt.
 [127

 <./sections/chapitre4/img/sprint4_hr_management_calendar/01_jira/sprint4_jira_journal.png>] [128]
<sections/chapitre4/img/sprint4_hr_management_calendar/02_use_case_diagrams/use_case_sprint4_hr_management_calendar.png, id=1893, 744.7825pt x 442.65375pt>
File: sections/chapitre4/img/sprint4_hr_management_calendar/02_use_case_diagrams/use_case_sprint4_hr_management_calendar.png Graphic file (type png)
<use sections/chapitre4/img/sprint4_hr_management_calendar/02_use_case_diagrams/use_case_sprint4_hr_management_calendar.png>
Package pdftex.def Info: sections/chapitre4/img/sprint4_hr_management_calendar/02_use_case_diagrams/use_case_sprint4_hr_management_calendar.png  used on input line 888.
(pdftex.def)             Requested size: 418.82375pt x 248.93132pt.
<sections/chapitre4/img/sprint4_hr_management_calendar/02_use_case_diagrams/use_case_sprint4_hr_employee_account_supervision.png, id=1894, 935.495pt x 573.14125pt>
File: sections/chapitre4/img/sprint4_hr_management_calendar/02_use_case_diagrams/use_case_sprint4_hr_employee_account_supervision.png Graphic file (type png)
<use sections/chapitre4/img/sprint4_hr_management_calendar/02_use_case_diagrams/use_case_sprint4_hr_employee_account_supervision.png>
Package pdftex.def Info: sections/chapitre4/img/sprint4_hr_management_calendar/02_use_case_diagrams/use_case_sprint4_hr_employee_account_supervision.png  used on input line 894.
(pdftex.def)             Requested size: 418.82375pt x 256.59937pt.
 [129

 <./sections/chapitre4/img/sprint4_hr_management_calendar/02_use_case_diagrams/use_case_sprint4_hr_management_calendar.png>]
<sections/chapitre4/img/sprint4_hr_management_calendar/02_use_case_diagrams/use_case_sprint4_organization_team_management.png, id=1900, 728.7225pt x 533.995pt>
File: sections/chapitre4/img/sprint4_hr_management_calendar/02_use_case_diagrams/use_case_sprint4_organization_team_management.png Graphic file (type png)
<use sections/chapitre4/img/sprint4_hr_management_calendar/02_use_case_diagrams/use_case_sprint4_organization_team_management.png>
Package pdftex.def Info: sections/chapitre4/img/sprint4_hr_management_calendar/02_use_case_diagrams/use_case_sprint4_organization_team_management.png  used on input line 900.
(pdftex.def)             Requested size: 418.82375pt x 306.90622pt.
<sections/chapitre4/img/sprint4_hr_management_calendar/02_use_case_diagrams/use_case_sprint4_calendar_supervision.png, id=1901, 683.55376pt x 574.145pt>
File: sections/chapitre4/img/sprint4_hr_management_calendar/02_use_case_diagrams/use_case_sprint4_calendar_supervision.png Graphic file (type png)
<use sections/chapitre4/img/sprint4_hr_management_calendar/02_use_case_diagrams/use_case_sprint4_calendar_supervision.png>
Package pdftex.def Info: sections/chapitre4/img/sprint4_hr_management_calendar/02_use_case_diagrams/use_case_sprint4_calendar_supervision.png  used on input line 906.
(pdftex.def)             Requested size: 418.82375pt x 351.79611pt.
 [130 <./sections/chapitre4/img/sprint4_hr_management_calendar/02_use_case_diagrams/use_case_sprint4_hr_employee_account_supervision.png> <./sections/chapitre4/img/sprint4_hr_management_calendar/02_use_case_diagrams/use_case_sprint4_organization_team_management.png>]
<sections/chapitre4/img/sprint4_hr_management_calendar/03_system_sequence_diagrams/ssd_sprint4_consult_hr_dashboard.png, id=1909, 815.045pt x 452.69125pt>
File: sections/chapitre4/img/sprint4_hr_management_calendar/03_system_sequence_diagrams/ssd_sprint4_consult_hr_dashboard.png Graphic file (type png)
<use sections/chapitre4/img/sprint4_hr_management_calendar/03_system_sequence_diagrams/ssd_sprint4_consult_hr_dashboard.png>
Package pdftex.def Info: sections/chapitre4/img/sprint4_hr_management_calendar/03_system_sequence_diagrams/ssd_sprint4_consult_hr_dashboard.png  used on input line 922.
(pdftex.def)             Requested size: 432.48051pt x 240.20842pt.
 [131 <./sections/chapitre4/img/sprint4_hr_management_calendar/02_use_case_diagrams/use_case_sprint4_calendar_supervision.png>]
<sections/chapitre4/img/sprint4_hr_management_calendar/03_system_sequence_diagrams/ssd_sprint4_supervise_employee_account.png, id=1915, 1096.095pt x 806.01125pt>
File: sections/chapitre4/img/sprint4_hr_management_calendar/03_system_sequence_diagrams/ssd_sprint4_supervise_employee_account.png Graphic file (type png)
<use sections/chapitre4/img/sprint4_hr_management_calendar/03_system_sequence_diagrams/ssd_sprint4_supervise_employee_account.png>
Package pdftex.def Info: sections/chapitre4/img/sprint4_hr_management_calendar/03_system_sequence_diagrams/ssd_sprint4_supervise_employee_account.png  used on input line 928.
(pdftex.def)             Requested size: 432.48051pt x 318.02043pt.
<sections/chapitre4/img/sprint4_hr_management_calendar/03_system_sequence_diagrams/ssd_sprint4_manage_organization_reference_data.png, id=1916, 1096.095pt x 614.295pt>
File: sections/chapitre4/img/sprint4_hr_management_calendar/03_system_sequence_diagrams/ssd_sprint4_manage_organization_reference_data.png Graphic file (type png)
<use sections/chapitre4/img/sprint4_hr_management_calendar/03_system_sequence_diagrams/ssd_sprint4_manage_organization_reference_data.png>
Package pdftex.def Info: sections/chapitre4/img/sprint4_hr_management_calendar/03_system_sequence_diagrams/ssd_sprint4_manage_organization_reference_data.png  used on input line 934.
(pdftex.def)             Requested size: 432.48051pt x 242.37672pt.
 [132 <./sections/chapitre4/img/sprint4_hr_management_calendar/03_system_sequence_diagrams/ssd_sprint4_consult_hr_dashboard.png> <./sections/chapitre4/img/sprint4_hr_management_calendar/03_system_sequence_diagrams/ssd_sprint4_supervise_employee_account.png>]
<sections/chapitre4/img/sprint4_hr_management_calendar/03_system_sequence_diagrams/ssd_sprint4_manage_team_structure.png, id=1923, 1096.095pt x 784.9325pt>
File: sections/chapitre4/img/sprint4_hr_management_calendar/03_system_sequence_diagrams/ssd_sprint4_manage_team_structure.png Graphic file (type png)
<use sections/chapitre4/img/sprint4_hr_management_calendar/03_system_sequence_diagrams/ssd_sprint4_manage_team_structure.png>
Package pdftex.def Info: sections/chapitre4/img/sprint4_hr_management_calendar/03_system_sequence_diagrams/ssd_sprint4_manage_team_structure.png  used on input line 940.
(pdftex.def)             Requested size: 432.48051pt x 309.70358pt.
<sections/chapitre4/img/sprint4_hr_management_calendar/03_system_sequence_diagrams/ssd_sprint4_consult_hr_leave_calendar.png, id=1924, 1096.095pt x 733.74126pt>
File: sections/chapitre4/img/sprint4_hr_management_calendar/03_system_sequence_diagrams/ssd_sprint4_consult_hr_leave_calendar.png Graphic file (type png)
<use sections/chapitre4/img/sprint4_hr_management_calendar/03_system_sequence_diagrams/ssd_sprint4_consult_hr_leave_calendar.png>
Package pdftex.def Info: sections/chapitre4/img/sprint4_hr_management_calendar/03_system_sequence_diagrams/ssd_sprint4_consult_hr_leave_calendar.png  used on input line 946.
(pdftex.def)             Requested size: 432.48051pt x 289.50554pt.
 [133 <./sections/chapitre4/img/sprint4_hr_management_calendar/03_system_sequence_diagrams/ssd_sprint4_manage_organization_reference_data.png> <./sections/chapitre4/img/sprint4_hr_management_calendar/03_system_sequence_diagrams/ssd_sprint4_manage_team_structure.png>]
<sections/chapitre4/img/sprint4_hr_management_calendar/03_system_sequence_diagrams/ssd_sprint4_consult_team_leave_calendar.png, id=1931, 1096.095pt x 703.62875pt>
File: sections/chapitre4/img/sprint4_hr_management_calendar/03_system_sequence_diagrams/ssd_sprint4_consult_team_leave_calendar.png Graphic file (type png)
<use sections/chapitre4/img/sprint4_hr_management_calendar/03_system_sequence_diagrams/ssd_sprint4_consult_team_leave_calendar.png>
Package pdftex.def Info: sections/chapitre4/img/sprint4_hr_management_calendar/03_system_sequence_diagrams/ssd_sprint4_consult_team_leave_calendar.png  used on input line 952.
(pdftex.def)             Requested size: 432.48051pt x 277.62431pt.
 [134 <./sections/chapitre4/img/sprint4_hr_management_calendar/03_system_sequence_diagrams/ssd_sprint4_consult_hr_leave_calendar.png> <./sections/chapitre4/img/sprint4_hr_management_calendar/03_system_sequence_diagrams/ssd_sprint4_consult_team_leave_calendar.png>]
<sections/chapitre4/img/sprint4_hr_management_calendar/05_domain_model/domain_model_sprint4_hr_management_calendar.png, id=1938, 844.15375pt x 675.52374pt>
File: sections/chapitre4/img/sprint4_hr_management_calendar/05_domain_model/domain_model_sprint4_hr_management_calendar.png Graphic file (type png)
<use sections/chapitre4/img/sprint4_hr_management_calendar/05_domain_model/domain_model_sprint4_hr_management_calendar.png>
Package pdftex.def Info: sections/chapitre4/img/sprint4_hr_management_calendar/05_domain_model/domain_model_sprint4_hr_management_calendar.png  used on input line 968.
(pdftex.def)             Requested size: 418.82375pt x 335.16351pt.
<sections/chapitre4/img/sprint4_hr_management_calendar/06_participant_class_diagrams/participant_sprint4_hr_employee_account_supervision.png, id=1939, 1147.28625pt x 766.865pt>
File: sections/chapitre4/img/sprint4_hr_management_calendar/06_participant_class_diagrams/participant_sprint4_hr_employee_account_supervision.png Graphic file (type png)
<use sections/chapitre4/img/sprint4_hr_management_calendar/06_participant_class_diagrams/participant_sprint4_hr_employee_account_supervision.png>
Package pdftex.def Info: sections/chapitre4/img/sprint4_hr_management_calendar/06_participant_class_diagrams/participant_sprint4_hr_employee_account_supervision.png  used on input line 984.
(pdftex.def)             Requested size: 432.48051pt x 289.07146pt.
 [135 <./sections/chapitre4/img/sprint4_hr_management_calendar/05_domain_model/domain_model_sprint4_hr_management_calendar.png>]
<sections/chapitre4/img/sprint4_hr_management_calendar/06_participant_class_diagrams/participant_sprint4_organization_reference_data_management.png, id=1945, 1167.36125pt x 606.265pt>
File: sections/chapitre4/img/sprint4_hr_management_calendar/06_participant_class_diagrams/participant_sprint4_organization_reference_data_management.png Graphic file (type png)
<use sections/chapitre4/img/sprint4_hr_management_calendar/06_participant_class_diagrams/participant_sprint4_organization_reference_data_management.png>
Package pdftex.def Info: sections/chapitre4/img/sprint4_hr_management_calendar/06_participant_class_diagrams/participant_sprint4_organization_reference_data_management.png  used on input line 990.
(pdftex.def)             Requested size: 432.48051pt x 224.6013pt.
<sections/chapitre4/img/sprint4_hr_management_calendar/06_participant_class_diagrams/participant_sprint4_team_structure_management.png, id=1946, 1388.18625pt x 626.34pt>
File: sections/chapitre4/img/sprint4_hr_management_calendar/06_participant_class_diagrams/participant_sprint4_team_structure_management.png Graphic file (type png)
<use sections/chapitre4/img/sprint4_hr_management_calendar/06_participant_class_diagrams/participant_sprint4_team_structure_management.png>
Package pdftex.def Info: sections/chapitre4/img/sprint4_hr_management_calendar/06_participant_class_diagrams/participant_sprint4_team_structure_management.png  used on input line 996.
(pdftex.def)             Requested size: 432.48051pt x 195.12866pt.
 [136 <./sections/chapitre4/img/sprint4_hr_management_calendar/06_participant_class_diagrams/participant_sprint4_hr_employee_account_supervision.png> <./sections/chapitre4/img/sprint4_hr_management_calendar/06_participant_class_diagrams/participant_sprint4_organization_reference_data_management.png>]
<sections/chapitre4/img/sprint4_hr_management_calendar/06_participant_class_diagrams/participant_sprint4_hr_leave_calendar_consultation.png, id=1954, 1165.35374pt x 549.05125pt>
File: sections/chapitre4/img/sprint4_hr_management_calendar/06_participant_class_diagrams/participant_sprint4_hr_leave_calendar_consultation.png Graphic file (type png)
<use sections/chapitre4/img/sprint4_hr_management_calendar/06_participant_class_diagrams/participant_sprint4_hr_leave_calendar_consultation.png>
Package pdftex.def Info: sections/chapitre4/img/sprint4_hr_management_calendar/06_participant_class_diagrams/participant_sprint4_hr_leave_calendar_consultation.png  used on input line 1002.
(pdftex.def)             Requested size: 432.48051pt x 203.75735pt.
<sections/chapitre4/img/sprint4_hr_management_calendar/06_participant_class_diagrams/participant_sprint4_team_leave_calendar_consultation.png, id=1955, 1280.785pt x 565.11125pt>
File: sections/chapitre4/img/sprint4_hr_management_calendar/06_participant_class_diagrams/participant_sprint4_team_leave_calendar_consultation.png Graphic file (type png)
<use sections/chapitre4/img/sprint4_hr_management_calendar/06_participant_class_diagrams/participant_sprint4_team_leave_calendar_consultation.png>
Package pdftex.def Info: sections/chapitre4/img/sprint4_hr_management_calendar/06_participant_class_diagrams/participant_sprint4_team_leave_calendar_consultation.png  used on input line 1008.
(pdftex.def)             Requested size: 432.48051pt x 190.81598pt.
 [137 <./sections/chapitre4/img/sprint4_hr_management_calendar/06_participant_class_diagrams/participant_sprint4_team_structure_management.png> <./sections/chapitre4/img/sprint4_hr_management_calendar/06_participant_class_diagrams/participant_sprint4_hr_leave_calendar_consultation.png>]
<sections/chapitre4/img/sprint4_hr_management_calendar/07_design_class_diagrams/design_sprint4_hr_user_management.png, id=1962, 1225.57875pt x 725.71124pt>
File: sections/chapitre4/img/sprint4_hr_management_calendar/07_design_class_diagrams/design_sprint4_hr_user_management.png Graphic file (type png)
<use sections/chapitre4/img/sprint4_hr_management_calendar/07_design_class_diagrams/design_sprint4_hr_user_management.png>
Package pdftex.def Info: sections/chapitre4/img/sprint4_hr_management_calendar/07_design_class_diagrams/design_sprint4_hr_user_management.png  used on input line 1024.
(pdftex.def)             Requested size: 432.48051pt x 256.08455pt.
<sections/chapitre4/img/sprint4_hr_management_calendar/07_design_class_diagrams/design_sprint4_hr_organization_setup.png, id=1963, 1276.77pt x 816.04875pt>
File: sections/chapitre4/img/sprint4_hr_management_calendar/07_design_class_diagrams/design_sprint4_hr_organization_setup.png Graphic file (type png)
<use sections/chapitre4/img/sprint4_hr_management_calendar/07_design_class_diagrams/design_sprint4_hr_organization_setup.png>
Package pdftex.def Info: sections/chapitre4/img/sprint4_hr_management_calendar/07_design_class_diagrams/design_sprint4_hr_organization_setup.png  used on input line 1030.
(pdftex.def)             Requested size: 432.48051pt x 276.4194pt.
 [138 <./sections/chapitre4/img/sprint4_hr_management_calendar/06_participant_class_diagrams/participant_sprint4_team_leave_calendar_consultation.png> <./sections/chapitre4/img/sprint4_hr_management_calendar/07_design_class_diagrams/design_sprint4_hr_user_management.png>]
<sections/chapitre4/img/sprint4_hr_management_calendar/07_design_class_diagrams/design_sprint4_hr_team_management.png, id=1970, 1335.99126pt x 905.3825pt>
File: sections/chapitre4/img/sprint4_hr_management_calendar/07_design_class_diagrams/design_sprint4_hr_team_management.png Graphic file (type png)
<use sections/chapitre4/img/sprint4_hr_management_calendar/07_design_class_diagrams/design_sprint4_hr_team_management.png>
Package pdftex.def Info: sections/chapitre4/img/sprint4_hr_management_calendar/07_design_class_diagrams/design_sprint4_hr_team_management.png  used on input line 1036.
(pdftex.def)             Requested size: 432.48051pt x 293.08536pt.
<sections/chapitre4/img/sprint4_hr_management_calendar/07_design_class_diagrams/design_sprint4_hr_leave_calendar.png, id=1971, 1256.695pt x 735.74875pt>
File: sections/chapitre4/img/sprint4_hr_management_calendar/07_design_class_diagrams/design_sprint4_hr_leave_calendar.png Graphic file (type png)
<use sections/chapitre4/img/sprint4_hr_management_calendar/07_design_class_diagrams/design_sprint4_hr_leave_calendar.png>
Package pdftex.def Info: sections/chapitre4/img/sprint4_hr_management_calendar/07_design_class_diagrams/design_sprint4_hr_leave_calendar.png  used on input line 1042.
(pdftex.def)             Requested size: 432.48051pt x 253.19366pt.
 [139 <./sections/chapitre4/img/sprint4_hr_management_calendar/07_design_class_diagrams/design_sprint4_hr_organization_setup.png> <./sections/chapitre4/img/sprint4_hr_management_calendar/07_design_class_diagrams/design_sprint4_hr_team_management.png>]
<sections/chapitre4/img/sprint4_hr_management_calendar/07_design_class_diagrams/design_sprint4_team_leave_calendar.png, id=1978, 1125.20375pt x 704.6325pt>
File: sections/chapitre4/img/sprint4_hr_management_calendar/07_design_class_diagrams/design_sprint4_team_leave_calendar.png Graphic file (type png)
<use sections/chapitre4/img/sprint4_hr_management_calendar/07_design_class_diagrams/design_sprint4_team_leave_calendar.png>
Package pdftex.def Info: sections/chapitre4/img/sprint4_hr_management_calendar/07_design_class_diagrams/design_sprint4_team_leave_calendar.png  used on input line 1048.
(pdftex.def)             Requested size: 432.48051pt x 270.82741pt.
<sections/chapitre4/img/sprint4_hr_management_calendar/08_conception_sequence_diagrams/csd_sprint4_hr_user_management_frontend.png, id=1979, 1006.76125pt x 1010.77625pt>
File: sections/chapitre4/img/sprint4_hr_management_calendar/08_conception_sequence_diagrams/csd_sprint4_hr_user_management_frontend.png Graphic file (type png)
<use sections/chapitre4/img/sprint4_hr_management_calendar/08_conception_sequence_diagrams/csd_sprint4_hr_user_management_frontend.png>
Package pdftex.def Info: sections/chapitre4/img/sprint4_hr_management_calendar/08_conception_sequence_diagrams/csd_sprint4_hr_user_management_frontend.png  used on input line 1064.
(pdftex.def)             Requested size: 432.48051pt x 434.2089pt.
 [140 <./sections/chapitre4/img/sprint4_hr_management_calendar/07_design_class_diagrams/design_sprint4_hr_leave_calendar.png> <./sections/chapitre4/img/sprint4_hr_management_calendar/07_design_class_diagrams/design_sprint4_team_leave_calendar.png>]
<sections/chapitre4/img/sprint4_hr_management_calendar/08_conception_sequence_diagrams/csd_sprint4_hr_user_management_backend.png, id=1986, 1147.28625pt x 870.25125pt>
File: sections/chapitre4/img/sprint4_hr_management_calendar/08_conception_sequence_diagrams/csd_sprint4_hr_user_management_backend.png Graphic file (type png)
<use sections/chapitre4/img/sprint4_hr_management_calendar/08_conception_sequence_diagrams/csd_sprint4_hr_user_management_backend.png>
Package pdftex.def Info: sections/chapitre4/img/sprint4_hr_management_calendar/08_conception_sequence_diagrams/csd_sprint4_hr_user_management_backend.png  used on input line 1070.
(pdftex.def)             Requested size: 432.48051pt x 328.04312pt.
 [141 <./sections/chapitre4/img/sprint4_hr_management_calendar/08_conception_sequence_diagrams/csd_sprint4_hr_user_management_frontend.png>]
<sections/chapitre4/img/sprint4_hr_management_calendar/08_conception_sequence_diagrams/csd_sprint4_hr_organization_setup_frontend.png, id=1992, 1105.12875pt x 998.73125pt>
File: sections/chapitre4/img/sprint4_hr_management_calendar/08_conception_sequence_diagrams/csd_sprint4_hr_organization_setup_frontend.png Graphic file (type png)
<use sections/chapitre4/img/sprint4_hr_management_calendar/08_conception_sequence_diagrams/csd_sprint4_hr_organization_setup_frontend.png>
Package pdftex.def Info: sections/chapitre4/img/sprint4_hr_management_calendar/08_conception_sequence_diagrams/csd_sprint4_hr_organization_setup_frontend.png  used on input line 1076.
(pdftex.def)             Requested size: 432.48051pt x 390.82944pt.
 [142 <./sections/chapitre4/img/sprint4_hr_management_calendar/08_conception_sequence_diagrams/csd_sprint4_hr_user_management_backend.png>]
<sections/chapitre4/img/sprint4_hr_management_calendar/08_conception_sequence_diagrams/csd_sprint4_hr_organization_setup_backend.png, id=1999, 1133.23375pt x 877.2775pt>
File: sections/chapitre4/img/sprint4_hr_management_calendar/08_conception_sequence_diagrams/csd_sprint4_hr_organization_setup_backend.png Graphic file (type png)
<use sections/chapitre4/img/sprint4_hr_management_calendar/08_conception_sequence_diagrams/csd_sprint4_hr_organization_setup_backend.png>
Package pdftex.def Info: sections/chapitre4/img/sprint4_hr_management_calendar/08_conception_sequence_diagrams/csd_sprint4_hr_organization_setup_backend.png  used on input line 1082.
(pdftex.def)             Requested size: 432.48051pt x 334.80124pt.
 [143 <./sections/chapitre4/img/sprint4_hr_management_calendar/08_conception_sequence_diagrams/csd_sprint4_hr_organization_setup_frontend.png>]
<sections/chapitre4/img/sprint4_hr_management_calendar/08_conception_sequence_diagrams/csd_sprint4_hr_team_management_frontend.png, id=2005, 1030.85126pt x 1045.9075pt>
File: sections/chapitre4/img/sprint4_hr_management_calendar/08_conception_sequence_diagrams/csd_sprint4_hr_team_management_frontend.png Graphic file (type png)
<use sections/chapitre4/img/sprint4_hr_management_calendar/08_conception_sequence_diagrams/csd_sprint4_hr_team_management_frontend.png>
Package pdftex.def Info: sections/chapitre4/img/sprint4_hr_management_calendar/08_conception_sequence_diagrams/csd_sprint4_hr_team_management_frontend.png  used on input line 1088.
(pdftex.def)             Requested size: 432.48051pt x 438.78342pt.
 [144 <./sections/chapitre4/img/sprint4_hr_management_calendar/08_conception_sequence_diagrams/csd_sprint4_hr_organization_setup_backend.png>]
<sections/chapitre4/img/sprint4_hr_management_calendar/08_conception_sequence_diagrams/csd_sprint4_hr_team_management_backend.png, id=2011, 1164.35pt x 955.57pt>
File: sections/chapitre4/img/sprint4_hr_management_calendar/08_conception_sequence_diagrams/csd_sprint4_hr_team_management_backend.png Graphic file (type png)
<use sections/chapitre4/img/sprint4_hr_management_calendar/08_conception_sequence_diagrams/csd_sprint4_hr_team_management_backend.png>
Package pdftex.def Info: sections/chapitre4/img/sprint4_hr_management_calendar/08_conception_sequence_diagrams/csd_sprint4_hr_team_management_backend.png  used on input line 1094.
(pdftex.def)             Requested size: 432.48051pt x 354.92596pt.
 [145 <./sections/chapitre4/img/sprint4_hr_management_calendar/08_conception_sequence_diagrams/csd_sprint4_hr_team_management_frontend.png>]
<sections/chapitre4/img/sprint4_hr_management_calendar/08_conception_sequence_diagrams/csd_sprint4_hr_leave_calendar_frontend.png, id=2017, 1060.96375pt x 830.10126pt>
File: sections/chapitre4/img/sprint4_hr_management_calendar/08_conception_sequence_diagrams/csd_sprint4_hr_leave_calendar_frontend.png Graphic file (type png)
<use sections/chapitre4/img/sprint4_hr_management_calendar/08_conception_sequence_diagrams/csd_sprint4_hr_leave_calendar_frontend.png>
Package pdftex.def Info: sections/chapitre4/img/sprint4_hr_management_calendar/08_conception_sequence_diagrams/csd_sprint4_hr_leave_calendar_frontend.png  used on input line 1100.
(pdftex.def)             Requested size: 432.48051pt x 338.38045pt.
 [146 <./sections/chapitre4/img/sprint4_hr_management_calendar/08_conception_sequence_diagrams/csd_sprint4_hr_team_management_backend.png>]
<sections/chapitre4/img/sprint4_hr_management_calendar/08_conception_sequence_diagrams/csd_sprint4_hr_leave_calendar_backend.png, id=2023, 1087.06125pt x 655.44875pt>
File: sections/chapitre4/img/sprint4_hr_management_calendar/08_conception_sequence_diagrams/csd_sprint4_hr_leave_calendar_backend.png Graphic file (type png)
<use sections/chapitre4/img/sprint4_hr_management_calendar/08_conception_sequence_diagrams/csd_sprint4_hr_leave_calendar_backend.png>
Package pdftex.def Info: sections/chapitre4/img/sprint4_hr_management_calendar/08_conception_sequence_diagrams/csd_sprint4_hr_leave_calendar_backend.png  used on input line 1106.
(pdftex.def)             Requested size: 432.48051pt x 260.76466pt.
<sections/chapitre4/img/sprint4_hr_management_calendar/08_conception_sequence_diagrams/csd_sprint4_team_leave_calendar_frontend.png, id=2024, 1086.0575pt x 842.14626pt>
File: sections/chapitre4/img/sprint4_hr_management_calendar/08_conception_sequence_diagrams/csd_sprint4_team_leave_calendar_frontend.png Graphic file (type png)
<use sections/chapitre4/img/sprint4_hr_management_calendar/08_conception_sequence_diagrams/csd_sprint4_team_leave_calendar_frontend.png>
Package pdftex.def Info: sections/chapitre4/img/sprint4_hr_management_calendar/08_conception_sequence_diagrams/csd_sprint4_team_leave_calendar_frontend.png  used on input line 1112.
(pdftex.def)             Requested size: 432.48051pt x 335.34908pt.
 [147 <./sections/chapitre4/img/sprint4_hr_management_calendar/08_conception_sequence_diagrams/csd_sprint4_hr_leave_calendar_frontend.png> <./sections/chapitre4/img/sprint4_hr_management_calendar/08_conception_sequence_diagrams/csd_sprint4_hr_leave_calendar_backend.png>]
<sections/chapitre4/img/sprint4_hr_management_calendar/08_conception_sequence_diagrams/csd_sprint4_team_leave_decision_backend.png, id=2031, 1125.20375pt x 828.09375pt>
File: sections/chapitre4/img/sprint4_hr_management_calendar/08_conception_sequence_diagrams/csd_sprint4_team_leave_decision_backend.png Graphic file (type png)
<use sections/chapitre4/img/sprint4_hr_management_calendar/08_conception_sequence_diagrams/csd_sprint4_team_leave_decision_backend.png>
Package pdftex.def Info: sections/chapitre4/img/sprint4_hr_management_calendar/08_conception_sequence_diagrams/csd_sprint4_team_leave_decision_backend.png  used on input line 1118.
(pdftex.def)             Requested size: 432.48051pt x 318.28006pt.
 [148 <./sections/chapitre4/img/sprint4_hr_management_calendar/08_conception_sequence_diagrams/csd_sprint4_team_leave_calendar_frontend.png>]
<sections/chapitre4/img/sprint4_hr_management_calendar/09_ui_screenshots/sprint4_hr_dashboard.png, id=2038, 1149.093pt x 528.17325pt>
File: sections/chapitre4/img/sprint4_hr_management_calendar/09_ui_screenshots/sprint4_hr_dashboard.png Graphic file (type png)
<use sections/chapitre4/img/sprint4_hr_management_calendar/09_ui_screenshots/sprint4_hr_dashboard.png>
Package pdftex.def Info: sections/chapitre4/img/sprint4_hr_management_calendar/09_ui_screenshots/sprint4_hr_dashboard.png  used on input line 1135.
(pdftex.def)             Requested size: 432.48051pt x 198.78981pt.
 [149 <./sections/chapitre4/img/sprint4_hr_management_calendar/08_conception_sequence_diagrams/csd_sprint4_team_leave_decision_backend.png>]
<sections/chapitre4/img/sprint4_hr_management_calendar/09_ui_screenshots/sprint4_hr_user_management.png, id=2044, 1142.46825pt x 506.49225pt>
File: sections/chapitre4/img/sprint4_hr_management_calendar/09_ui_screenshots/sprint4_hr_user_management.png Graphic file (type png)
<use sections/chapitre4/img/sprint4_hr_management_calendar/09_ui_screenshots/sprint4_hr_user_management.png>
Package pdftex.def Info: sections/chapitre4/img/sprint4_hr_management_calendar/09_ui_screenshots/sprint4_hr_user_management.png  used on input line 1143.
(pdftex.def)             Requested size: 432.48051pt x 191.73485pt.
<sections/chapitre4/img/sprint4_hr_management_calendar/09_ui_screenshots/sprint4_organization_reference_data.png, id=2045, 1140.05925pt x 516.7305pt>
File: sections/chapitre4/img/sprint4_hr_management_calendar/09_ui_screenshots/sprint4_organization_reference_data.png Graphic file (type png)
<use sections/chapitre4/img/sprint4_hr_management_calendar/09_ui_screenshots/sprint4_organization_reference_data.png>
Package pdftex.def Info: sections/chapitre4/img/sprint4_hr_management_calendar/09_ui_screenshots/sprint4_organization_reference_data.png  used on input line 1151.
(pdftex.def)             Requested size: 432.48051pt x 196.02058pt.
 [150 <./sections/chapitre4/img/sprint4_hr_management_calendar/09_ui_screenshots/sprint4_hr_dashboard.png> <./sections/chapitre4/img/sprint4_hr_management_calendar/09_ui_screenshots/sprint4_hr_user_management.png> <./sections/chapitre4/img/sprint4_hr_management_calendar/09_ui_screenshots/sprint4_organization_reference_data.png>]
<sections/chapitre4/img/sprint4_hr_management_calendar/09_ui_screenshots/sprint4_team_management.png, id=2053, 1132.23pt x 515.526pt>
File: sections/chapitre4/img/sprint4_hr_management_calendar/09_ui_screenshots/sprint4_team_management.png Graphic file (type png)
<use sections/chapitre4/img/sprint4_hr_management_calendar/09_ui_screenshots/sprint4_team_management.png>
Package pdftex.def Info: sections/chapitre4/img/sprint4_hr_management_calendar/09_ui_screenshots/sprint4_team_management.png  used on input line 1159.
(pdftex.def)             Requested size: 432.48051pt x 196.91667pt.
<sections/chapitre4/img/sprint4_hr_management_calendar/09_ui_screenshots/sprint4_hr_leave_calendar1.png, id=2054, 1140.05925pt x 511.9125pt>
File: sections/chapitre4/img/sprint4_hr_management_calendar/09_ui_screenshots/sprint4_hr_leave_calendar1.png Graphic file (type png)
<use sections/chapitre4/img/sprint4_hr_management_calendar/09_ui_screenshots/sprint4_hr_leave_calendar1.png>
Package pdftex.def Info: sections/chapitre4/img/sprint4_hr_management_calendar/09_ui_screenshots/sprint4_hr_leave_calendar1.png  used on input line 1167.
(pdftex.def)             Requested size: 432.48051pt x 194.19289pt.
<sections/chapitre4/img/sprint4_hr_management_calendar/09_ui_screenshots/sprint4_hr_leave_calendar2.png, id=2055, 1141.26375pt x 513.117pt>
File: sections/chapitre4/img/sprint4_hr_management_calendar/09_ui_screenshots/sprint4_hr_leave_calendar2.png Graphic file (type png)
<use sections/chapitre4/img/sprint4_hr_management_calendar/09_ui_screenshots/sprint4_hr_leave_calendar2.png>
Package pdftex.def Info: sections/chapitre4/img/sprint4_hr_management_calendar/09_ui_screenshots/sprint4_hr_leave_calendar2.png  used on input line 1168.
(pdftex.def)             Requested size: 432.48051pt x 194.44624pt.
 [151 <./sections/chapitre4/img/sprint4_hr_management_calendar/09_ui_screenshots/sprint4_team_management.png> <./sections/chapitre4/img/sprint4_hr_management_calendar/09_ui_screenshots/sprint4_hr_leave_calendar1.png> <./sections/chapitre4/img/sprint4_hr_management_calendar/09_ui_screenshots/sprint4_hr_leave_calendar2.png>] [152]) [153

] (sections/chapitre5/chapitre5.tex
<sections/chapitre5/img/other/release3_organization.png, id=2071, 250.9375pt x 187.70125pt>
File: sections/chapitre5/img/other/release3_organization.png Graphic file (type png)
<use sections/chapitre5/img/other/release3_organization.png>
Package pdftex.def Info: sections/chapitre5/img/other/release3_organization.png  used on input line 59.
(pdftex.def)             Requested size: 282.24911pt x 211.1462pt.
 [154

 <./sections/chapitre5/img/other/release3_organization.png>]
<sections/chapitre5/img/sprint5_projects_tasks_reports/01_jira/sprint5_jira_journal.png, id=2078, 933.4875pt x 319.79475pt>
File: sections/chapitre5/img/sprint5_projects_tasks_reports/01_jira/sprint5_jira_journal.png Graphic file (type png)
<use sections/chapitre5/img/sprint5_projects_tasks_reports/01_jira/sprint5_jira_journal.png>
Package pdftex.def Info: sections/chapitre5/img/sprint5_projects_tasks_reports/01_jira/sprint5_jira_journal.png  used on input line 94.
(pdftex.def)             Requested size: 432.48051pt x 148.16138pt.

Overfull \hbox (1.14297pt too wide) in paragraph at lines 118--119
 []|\T1/ptm/b/n/12 Duration| 
 []

[155 <./sections/chapitre5/img/sprint5_projects_tasks_reports/01_jira/sprint5_jira_journal.png>] [156]
<sections/chapitre5/img/sprint5_projects_tasks_reports/02_use_case_diagrams/use_case_sprint5_projects_tasks_reports.png, id=2092, 679.53876pt x 679.53876pt>
File: sections/chapitre5/img/sprint5_projects_tasks_reports/02_use_case_diagrams/use_case_sprint5_projects_tasks_reports.png Graphic file (type png)
<use sections/chapitre5/img/sprint5_projects_tasks_reports/02_use_case_diagrams/use_case_sprint5_projects_tasks_reports.png>
Package pdftex.def Info: sections/chapitre5/img/sprint5_projects_tasks_reports/02_use_case_diagrams/use_case_sprint5_projects_tasks_reports.png  used on input line 180.
(pdftex.def)             Requested size: 432.48051pt x 432.477pt.
 [157

 <./sections/chapitre5/img/sprint5_projects_tasks_reports/02_use_case_diagrams/use_case_sprint5_projects_tasks_reports.png (PNG copy)>]
<sections/chapitre5/img/sprint5_projects_tasks_reports/02_use_case_diagrams/use_case_team_leader_project_task_management.png, id=2097, 829.0975pt x 502.87875pt>
File: sections/chapitre5/img/sprint5_projects_tasks_reports/02_use_case_diagrams/use_case_team_leader_project_task_management.png Graphic file (type png)
<use sections/chapitre5/img/sprint5_projects_tasks_reports/02_use_case_diagrams/use_case_team_leader_project_task_management.png>
Package pdftex.def Info: sections/chapitre5/img/sprint5_projects_tasks_reports/02_use_case_diagrams/use_case_team_leader_project_task_management.png  used on input line 188.
(pdftex.def)             Requested size: 432.48051pt x 262.31181pt.
<sections/chapitre5/img/sprint5_projects_tasks_reports/03_system_sequence_diagrams/ssd_create_project.png, id=2098, 949.5475pt x 659.46375pt>
File: sections/chapitre5/img/sprint5_projects_tasks_reports/03_system_sequence_diagrams/ssd_create_project.png Graphic file (type png)
<use sections/chapitre5/img/sprint5_projects_tasks_reports/03_system_sequence_diagrams/ssd_create_project.png>
Package pdftex.def Info: sections/chapitre5/img/sprint5_projects_tasks_reports/03_system_sequence_diagrams/ssd_create_project.png  used on input line 208.
(pdftex.def)             Requested size: 432.48051pt x 300.35835pt.
 [158 <./sections/chapitre5/img/sprint5_projects_tasks_reports/02_use_case_diagrams/use_case_team_leader_project_task_management.png> <./sections/chapitre5/img/sprint5_projects_tasks_reports/03_system_sequence_diagrams/ssd_create_project.png>]
<sections/chapitre5/img/sprint5_projects_tasks_reports/03_system_sequence_diagrams/ssd_create_and_assign_task.png, id=2105, 940.51375pt x 633.36626pt>
File: sections/chapitre5/img/sprint5_projects_tasks_reports/03_system_sequence_diagrams/ssd_create_and_assign_task.png Graphic file (type png)
<use sections/chapitre5/img/sprint5_projects_tasks_reports/03_system_sequence_diagrams/ssd_create_and_assign_task.png>
Package pdftex.def Info: sections/chapitre5/img/sprint5_projects_tasks_reports/03_system_sequence_diagrams/ssd_create_and_assign_task.png  used on input line 216.
(pdftex.def)             Requested size: 432.48051pt x 291.24571pt.
<sections/chapitre5/img/sprint5_projects_tasks_reports/03_system_sequence_diagrams/ssd_update_task_status.png, id=2106, 959.585pt x 698.61pt>
File: sections/chapitre5/img/sprint5_projects_tasks_reports/03_system_sequence_diagrams/ssd_update_task_status.png Graphic file (type png)
<use sections/chapitre5/img/sprint5_projects_tasks_reports/03_system_sequence_diagrams/ssd_update_task_status.png>
Package pdftex.def Info: sections/chapitre5/img/sprint5_projects_tasks_reports/03_system_sequence_diagrams/ssd_update_task_status.png  used on input line 224.
(pdftex.def)             Requested size: 432.48051pt x 314.86195pt.
 [159 <./sections/chapitre5/img/sprint5_projects_tasks_reports/03_system_sequence_diagrams/ssd_create_and_assign_task.png> <./sections/chapitre5/img/sprint5_projects_tasks_reports/03_system_sequence_diagrams/ssd_update_task_status.png>]
<sections/chapitre5/img/sprint5_projects_tasks_reports/03_system_sequence_diagrams/ssd_consult_hr_reports.png, id=2113, 959.585pt x 703.62875pt>
File: sections/chapitre5/img/sprint5_projects_tasks_reports/03_system_sequence_diagrams/ssd_consult_hr_reports.png Graphic file (type png)
<use sections/chapitre5/img/sprint5_projects_tasks_reports/03_system_sequence_diagrams/ssd_consult_hr_reports.png>
Package pdftex.def Info: sections/chapitre5/img/sprint5_projects_tasks_reports/03_system_sequence_diagrams/ssd_consult_hr_reports.png  used on input line 232.
(pdftex.def)             Requested size: 432.48051pt x 317.12389pt.
<sections/chapitre5/img/sprint5_projects_tasks_reports/05_domain_model/domain_model_sprint5_projects_tasks_reports.png, id=2114, 1009.7725pt x 733.74126pt>
File: sections/chapitre5/img/sprint5_projects_tasks_reports/05_domain_model/domain_model_sprint5_projects_tasks_reports.png Graphic file (type png)
<use sections/chapitre5/img/sprint5_projects_tasks_reports/05_domain_model/domain_model_sprint5_projects_tasks_reports.png>
Package pdftex.def Info: sections/chapitre5/img/sprint5_projects_tasks_reports/05_domain_model/domain_model_sprint5_projects_tasks_reports.png  used on input line 254.
(pdftex.def)             Requested size: 432.48051pt x 314.25984pt.
 [160 <./sections/chapitre5/img/sprint5_projects_tasks_reports/03_system_sequence_diagrams/ssd_consult_hr_reports.png (PNG copy)>]
<sections/chapitre5/img/sprint5_projects_tasks_reports/04_state_diagrams/state_task_lifecycle.png, id=2120, 200.75pt x 351.3125pt>
File: sections/chapitre5/img/sprint5_projects_tasks_reports/04_state_diagrams/state_task_lifecycle.png Graphic file (type png)
<use sections/chapitre5/img/sprint5_projects_tasks_reports/04_state_diagrams/state_task_lifecycle.png>
Package pdftex.def Info: sections/chapitre5/img/sprint5_projects_tasks_reports/04_state_diagrams/state_task_lifecycle.png  used on input line 272.
(pdftex.def)             Requested size: 110.56293pt x 193.47882pt.
 [161 <./sections/chapitre5/img/sprint5_projects_tasks_reports/05_domain_model/domain_model_sprint5_projects_tasks_reports.png (PNG copy)> <./sections/chapitre5/img/sprint5_projects_tasks_reports/04_state_diagrams/state_task_lifecycle.png>]
<sections/chapitre5/img/sprint5_projects_tasks_reports/06_participant_class_diagrams/participant_team_leader_project_management.png, id=2126, 1155.31625pt x 660.4675pt>
File: sections/chapitre5/img/sprint5_projects_tasks_reports/06_participant_class_diagrams/participant_team_leader_project_management.png Graphic file (type png)
<use sections/chapitre5/img/sprint5_projects_tasks_reports/06_participant_class_diagrams/participant_team_leader_project_management.png>
Package pdftex.def Info: sections/chapitre5/img/sprint5_projects_tasks_reports/06_participant_class_diagrams/participant_team_leader_project_management.png  used on input line 293.
(pdftex.def)             Requested size: 432.48051pt x 247.23128pt.
<sections/chapitre5/img/sprint5_projects_tasks_reports/06_participant_class_diagrams/participant_task_status_update.png, id=2127, 874.26625pt x 394.47375pt>
File: sections/chapitre5/img/sprint5_projects_tasks_reports/06_participant_class_diagrams/participant_task_status_update.png Graphic file (type png)
<use sections/chapitre5/img/sprint5_projects_tasks_reports/06_participant_class_diagrams/participant_task_status_update.png>
Package pdftex.def Info: sections/chapitre5/img/sprint5_projects_tasks_reports/06_participant_class_diagrams/participant_task_status_update.png  used on input line 301.
(pdftex.def)             Requested size: 432.48051pt x 195.1357pt.
 [162 <./sections/chapitre5/img/sprint5_projects_tasks_reports/06_participant_class_diagrams/participant_team_leader_project_management.png> <./sections/chapitre5/img/sprint5_projects_tasks_reports/06_participant_class_diagrams/participant_task_status_update.png>]
<sections/chapitre5/img/sprint5_projects_tasks_reports/06_participant_class_diagrams/participant_hr_reports_export.png, id=2134, 1335.99126pt x 815.045pt>
File: sections/chapitre5/img/sprint5_projects_tasks_reports/06_participant_class_diagrams/participant_hr_reports_export.png Graphic file (type png)
<use sections/chapitre5/img/sprint5_projects_tasks_reports/06_participant_class_diagrams/participant_hr_reports_export.png>
Package pdftex.def Info: sections/chapitre5/img/sprint5_projects_tasks_reports/06_participant_class_diagrams/participant_hr_reports_export.png  used on input line 309.
(pdftex.def)             Requested size: 432.48051pt x 263.84181pt.
<sections/chapitre5/img/sprint5_projects_tasks_reports/07_design_class_diagrams/design_class_diagram_team_leader_project_task_management.png, id=2135, 1276.77pt x 693.59125pt>
File: sections/chapitre5/img/sprint5_projects_tasks_reports/07_design_class_diagrams/design_class_diagram_team_leader_project_task_management.png Graphic file (type png)
<use sections/chapitre5/img/sprint5_projects_tasks_reports/07_design_class_diagrams/design_class_diagram_team_leader_project_task_management.png>
Package pdftex.def Info: sections/chapitre5/img/sprint5_projects_tasks_reports/07_design_class_diagrams/design_class_diagram_team_leader_project_task_management.png  used on input line 329.
(pdftex.def)             Requested size: 432.48051pt x 234.93948pt.
 [163 <./sections/chapitre5/img/sprint5_projects_tasks_reports/06_participant_class_diagrams/participant_hr_reports_export.png> <./sections/chapitre5/img/sprint5_projects_tasks_reports/07_design_class_diagrams/design_class_diagram_team_leader_project_task_management.png>]
<sections/chapitre5/img/sprint5_projects_tasks_reports/07_design_class_diagrams/design_class_diagram_task_status_update.png, id=2142, 1260.71pt x 620.3175pt>
File: sections/chapitre5/img/sprint5_projects_tasks_reports/07_design_class_diagrams/design_class_diagram_task_status_update.png Graphic file (type png)
<use sections/chapitre5/img/sprint5_projects_tasks_reports/07_design_class_diagrams/design_class_diagram_task_status_update.png>
Package pdftex.def Info: sections/chapitre5/img/sprint5_projects_tasks_reports/07_design_class_diagrams/design_class_diagram_task_status_update.png  used on input line 337.
(pdftex.def)             Requested size: 432.48051pt x 212.79822pt.
<sections/chapitre5/img/sprint5_projects_tasks_reports/07_design_class_diagrams/design_class_diagram_hr_reports_excel_export.png, id=2143, 1621.05624pt x 945.5325pt>
File: sections/chapitre5/img/sprint5_projects_tasks_reports/07_design_class_diagrams/design_class_diagram_hr_reports_excel_export.png Graphic file (type png)
<use sections/chapitre5/img/sprint5_projects_tasks_reports/07_design_class_diagrams/design_class_diagram_hr_reports_excel_export.png>
Package pdftex.def Info: sections/chapitre5/img/sprint5_projects_tasks_reports/07_design_class_diagrams/design_class_diagram_hr_reports_excel_export.png  used on input line 345.
(pdftex.def)             Requested size: 432.48051pt x 252.25294pt.
 [164 <./sections/chapitre5/img/sprint5_projects_tasks_reports/07_design_class_diagrams/design_class_diagram_task_status_update.png> <./sections/chapitre5/img/sprint5_projects_tasks_reports/07_design_class_diagrams/design_class_diagram_hr_reports_excel_export.png>]
<sections/chapitre5/img/sprint5_projects_tasks_reports/08_conception_sequence_diagrams/csd_project_management_frontend.png, id=2150, 1138.2525pt x 836.12375pt>
File: sections/chapitre5/img/sprint5_projects_tasks_reports/08_conception_sequence_diagrams/csd_project_management_frontend.png Graphic file (type png)
<use sections/chapitre5/img/sprint5_projects_tasks_reports/08_conception_sequence_diagrams/csd_project_management_frontend.png>
Package pdftex.def Info: sections/chapitre5/img/sprint5_projects_tasks_reports/08_conception_sequence_diagrams/csd_project_management_frontend.png  used on input line 367.
(pdftex.def)             Requested size: 500.78055pt x 534.14775pt.
 [165 <./sections/chapitre5/img/sprint5_projects_tasks_reports/08_conception_sequence_diagrams/csd_project_management_frontend.png>]
<sections/chapitre5/img/sprint5_projects_tasks_reports/08_conception_sequence_diagrams/csd_project_management_backend.png, id=2156, 837.1275pt x 673.76718pt>
File: sections/chapitre5/img/sprint5_projects_tasks_reports/08_conception_sequence_diagrams/csd_project_management_backend.png Graphic file (type png)
<use sections/chapitre5/img/sprint5_projects_tasks_reports/08_conception_sequence_diagrams/csd_project_management_backend.png>
Package pdftex.def Info: sections/chapitre5/img/sprint5_projects_tasks_reports/08_conception_sequence_diagrams/csd_project_management_backend.png  used on input line 377.
(pdftex.def)             Requested size: 500.76033pt x 534.12079pt.
 [166 <./sections/chapitre5/img/sprint5_projects_tasks_reports/08_conception_sequence_diagrams/csd_project_management_backend.png>]
<sections/chapitre5/img/sprint5_projects_tasks_reports/08_conception_sequence_diagrams/csd_task_assignment_frontend.png, id=2163, 856.70062pt x 677.53125pt>
File: sections/chapitre5/img/sprint5_projects_tasks_reports/08_conception_sequence_diagrams/csd_task_assignment_frontend.png Graphic file (type png)
<use sections/chapitre5/img/sprint5_projects_tasks_reports/08_conception_sequence_diagrams/csd_task_assignment_frontend.png>
Package pdftex.def Info: sections/chapitre5/img/sprint5_projects_tasks_reports/08_conception_sequence_diagrams/csd_task_assignment_frontend.png  used on input line 387.
(pdftex.def)             Requested size: 500.76915pt x 534.12729pt.
 [167 <./sections/chapitre5/img/sprint5_projects_tasks_reports/08_conception_sequence_diagrams/csd_task_assignment_frontend.png>]
<sections/chapitre5/img/sprint5_projects_tasks_reports/08_conception_sequence_diagrams/csd_task_assignment_backend.png, id=2169, 1548.53531pt x 1052.43187pt>
File: sections/chapitre5/img/sprint5_projects_tasks_reports/08_conception_sequence_diagrams/csd_task_assignment_backend.png Graphic file (type png)
<use sections/chapitre5/img/sprint5_projects_tasks_reports/08_conception_sequence_diagrams/csd_task_assignment_backend.png>
Package pdftex.def Info: sections/chapitre5/img/sprint5_projects_tasks_reports/08_conception_sequence_diagrams/csd_task_assignment_backend.png  used on input line 397.
(pdftex.def)             Requested size: 500.76337pt x 534.13164pt.
 [168 <./sections/chapitre5/img/sprint5_projects_tasks_reports/08_conception_sequence_diagrams/csd_task_assignment_backend.png>]
<sections/chapitre5/img/sprint5_projects_tasks_reports/08_conception_sequence_diagrams/csd_task_status_update_frontend.png, id=2175, 833.36343pt x 694.84593pt>
File: sections/chapitre5/img/sprint5_projects_tasks_reports/08_conception_sequence_diagrams/csd_task_status_update_frontend.png Graphic file (type png)
<use sections/chapitre5/img/sprint5_projects_tasks_reports/08_conception_sequence_diagrams/csd_task_status_update_frontend.png>
Package pdftex.def Info: sections/chapitre5/img/sprint5_projects_tasks_reports/08_conception_sequence_diagrams/csd_task_status_update_frontend.png  used on input line 405.
(pdftex.def)             Requested size: 432.48679pt x 360.60098pt.
<sections/chapitre5/img/sprint5_projects_tasks_reports/08_conception_sequence_diagrams/csd_task_status_update_backend.png, id=2176, 1135.24126pt x 694.595pt>
File: sections/chapitre5/img/sprint5_projects_tasks_reports/08_conception_sequence_diagrams/csd_task_status_update_backend.png Graphic file (type png)
<use sections/chapitre5/img/sprint5_projects_tasks_reports/08_conception_sequence_diagrams/csd_task_status_update_backend.png>
Package pdftex.def Info: sections/chapitre5/img/sprint5_projects_tasks_reports/08_conception_sequence_diagrams/csd_task_status_update_backend.png  used on input line 413.
(pdftex.def)             Requested size: 432.48747pt x 264.61656pt.
 [169 <./sections/chapitre5/img/sprint5_projects_tasks_reports/08_conception_sequence_diagrams/csd_task_status_update_frontend.png> <./sections/chapitre5/img/sprint5_projects_tasks_reports/08_conception_sequence_diagrams/csd_task_status_update_backend.png>]
<sections/chapitre5/img/sprint5_projects_tasks_reports/09_ui_screenshots/sprint5_team_projects_page.png, id=2183, 1155.1155pt x 540.21825pt>
File: sections/chapitre5/img/sprint5_projects_tasks_reports/09_ui_screenshots/sprint5_team_projects_page.png Graphic file (type png)
<use sections/chapitre5/img/sprint5_projects_tasks_reports/09_ui_screenshots/sprint5_team_projects_page.png>
Package pdftex.def Info: sections/chapitre5/img/sprint5_projects_tasks_reports/09_ui_screenshots/sprint5_team_projects_page.png  used on input line 431.
(pdftex.def)             Requested size: 432.48051pt x 202.25986pt.
<sections/chapitre5/img/sprint5_projects_tasks_reports/09_ui_screenshots/sprint5_task_assignment_modal1.png, id=2184, 691.383pt x 533.5935pt>
File: sections/chapitre5/img/sprint5_projects_tasks_reports/09_ui_screenshots/sprint5_task_assignment_modal1.png Graphic file (type png)
<use sections/chapitre5/img/sprint5_projects_tasks_reports/09_ui_screenshots/sprint5_task_assignment_modal1.png>
Package pdftex.def Info: sections/chapitre5/img/sprint5_projects_tasks_reports/09_ui_screenshots/sprint5_task_assignment_modal1.png  used on input line 439.
(pdftex.def)             Requested size: 432.48051pt x 333.78008pt.
<sections/chapitre5/img/sprint5_projects_tasks_reports/09_ui_screenshots/sprint5_task_assignment_modal2.png, id=2185, 681.747pt x 533.5935pt>
File: sections/chapitre5/img/sprint5_projects_tasks_reports/09_ui_screenshots/sprint5_task_assignment_modal2.png Graphic file (type png)
<use sections/chapitre5/img/sprint5_projects_tasks_reports/09_ui_screenshots/sprint5_task_assignment_modal2.png>
Package pdftex.def Info: sections/chapitre5/img/sprint5_projects_tasks_reports/09_ui_screenshots/sprint5_task_assignment_modal2.png  used on input line 441.
(pdftex.def)             Requested size: 432.48051pt x 338.50243pt.
 [170 <./sections/chapitre5/img/sprint5_projects_tasks_reports/09_ui_screenshots/sprint5_team_projects_page.png>] [171 <./sections/chapitre5/img/sprint5_projects_tasks_reports/09_ui_screenshots/sprint5_task_assignment_modal1.png> <./sections/chapitre5/img/sprint5_projects_tasks_reports/09_ui_screenshots/sprint5_task_assignment_modal2.png>]
<sections/chapitre5/img/sprint5_projects_tasks_reports/09_ui_screenshots/sprint5_employee_tasks_page.png, id=2197, 920.238pt x 388.45125pt>
File: sections/chapitre5/img/sprint5_projects_tasks_reports/09_ui_screenshots/sprint5_employee_tasks_page.png Graphic file (type png)
<use sections/chapitre5/img/sprint5_projects_tasks_reports/09_ui_screenshots/sprint5_employee_tasks_page.png>
Package pdftex.def Info: sections/chapitre5/img/sprint5_projects_tasks_reports/09_ui_screenshots/sprint5_employee_tasks_page.png  used on input line 449.
(pdftex.def)             Requested size: 432.48051pt x 182.56024pt.
<sections/chapitre5/img/sprint5_projects_tasks_reports/09_ui_screenshots/sprint5_employee_tasks_page emp side.png, id=2198, 1151.502pt x 513.117pt>
File: sections/chapitre5/img/sprint5_projects_tasks_reports/09_ui_screenshots/sprint5_employee_tasks_page emp side.png Graphic file (type png)
<use sections/chapitre5/img/sprint5_projects_tasks_reports/09_ui_screenshots/sprint5_employee_tasks_page emp side.png>
Package pdftex.def Info: sections/chapitre5/img/sprint5_projects_tasks_reports/09_ui_screenshots/sprint5_employee_tasks_page emp side.png  used on input line 451.
(pdftex.def)             Requested size: 432.48051pt x 192.71593pt.
<sections/chapitre5/img/sprint5_projects_tasks_reports/09_ui_screenshots/sprint5_hr_reports_page1.png, id=2199, 1144.275pt x 513.117pt>
File: sections/chapitre5/img/sprint5_projects_tasks_reports/09_ui_screenshots/sprint5_hr_reports_page1.png Graphic file (type png)
<use sections/chapitre5/img/sprint5_projects_tasks_reports/09_ui_screenshots/sprint5_hr_reports_page1.png>
Package pdftex.def Info: sections/chapitre5/img/sprint5_projects_tasks_reports/09_ui_screenshots/sprint5_hr_reports_page1.png  used on input line 459.
(pdftex.def)             Requested size: 432.48051pt x 193.9295pt.
 [172 <./sections/chapitre5/img/sprint5_projects_tasks_reports/09_ui_screenshots/sprint5_employee_tasks_page.png> <./sections/chapitre5/img/sprint5_projects_tasks_reports/09_ui_screenshots/sprint5_employee_tasks_page emp side.png> <./sections/chapitre5/img/sprint5_projects_tasks_reports/09_ui_screenshots/sprint5_hr_reports_page1.png>]
<sections/chapitre5/img/sprint5_projects_tasks_reports/09_ui_screenshots/res 1.png, id=2208, 621.522pt x 342.078pt>
File: sections/chapitre5/img/sprint5_projects_tasks_reports/09_ui_screenshots/res 1.png Graphic file (type png)
<use sections/chapitre5/img/sprint5_projects_tasks_reports/09_ui_screenshots/res 1.png>
Package pdftex.def Info: sections/chapitre5/img/sprint5_projects_tasks_reports/09_ui_screenshots/res 1.png  used on input line 467.
(pdftex.def)             Requested size: 432.48051pt x 238.03842pt.
<sections/chapitre5/img/sprint5_projects_tasks_reports/09_ui_screenshots/res 2.png, id=2209, 584.1825pt x 413.74574pt>
File: sections/chapitre5/img/sprint5_projects_tasks_reports/09_ui_screenshots/res 2.png Graphic file (type png)
<use sections/chapitre5/img/sprint5_projects_tasks_reports/09_ui_screenshots/res 2.png>
Package pdftex.def Info: sections/chapitre5/img/sprint5_projects_tasks_reports/09_ui_screenshots/res 2.png  used on input line 469.
(pdftex.def)             Requested size: 432.48051pt x 306.31226pt.
 [173 <./sections/chapitre5/img/sprint5_projects_tasks_reports/09_ui_screenshots/res 1.png> <./sections/chapitre5/img/sprint5_projects_tasks_reports/09_ui_screenshots/res 2.png>]
Overfull \hbox (1.14297pt too wide) in paragraph at lines 554--555
 []|\T1/ptm/b/n/12 Duration| 
 []


Overfull \vbox (3.52496pt too high) detected at line 557
 []

[174] [175]
<sections/chapitre5/img/sprint6_ai_deployment_stabilization/02_use_case_diagrams/use_case_sprint6_ai_assistant_decision_support.png, id=2229, 1126.2075pt x 814.04124pt>
File: sections/chapitre5/img/sprint6_ai_deployment_stabilization/02_use_case_diagrams/use_case_sprint6_ai_assistant_decision_support.png Graphic file (type png)
<use sections/chapitre5/img/sprint6_ai_deployment_stabilization/02_use_case_diagrams/use_case_sprint6_ai_assistant_decision_support.png>
Package pdftex.def Info: sections/chapitre5/img/sprint6_ai_deployment_stabilization/02_use_case_diagrams/use_case_sprint6_ai_assistant_decision_support.png  used on input line 614.
(pdftex.def)             Requested size: 432.48051pt x 312.60567pt.
 [176

 <./sections/chapitre5/img/sprint6_ai_deployment_stabilization/02_use_case_diagrams/use_case_sprint6_ai_assistant_decision_support.png>]
<sections/chapitre5/img/sprint6_ai_deployment_stabilization/03_system_sequence_diagrams/ssd_assistant_platform_question.png, id=2235, 1059.96pt x 727.71875pt>
File: sections/chapitre5/img/sprint6_ai_deployment_stabilization/03_system_sequence_diagrams/ssd_assistant_platform_question.png Graphic file (type png)
<use sections/chapitre5/img/sprint6_ai_deployment_stabilization/03_system_sequence_diagrams/ssd_assistant_platform_question.png>
Package pdftex.def Info: sections/chapitre5/img/sprint6_ai_deployment_stabilization/03_system_sequence_diagrams/ssd_assistant_platform_question.png  used on input line 640.
(pdftex.def)             Requested size: 432.48051pt x 296.92308pt.
<sections/chapitre5/img/sprint6_ai_deployment_stabilization/03_system_sequence_diagrams/ssd_assistant_request_drafting.png, id=2236, 1011.78pt x 739.76375pt>
File: sections/chapitre5/img/sprint6_ai_deployment_stabilization/03_system_sequence_diagrams/ssd_assistant_request_drafting.png Graphic file (type png)
<use sections/chapitre5/img/sprint6_ai_deployment_stabilization/03_system_sequence_diagrams/ssd_assistant_request_drafting.png>
Package pdftex.def Info: sections/chapitre5/img/sprint6_ai_deployment_stabilization/03_system_sequence_diagrams/ssd_assistant_request_drafting.png  used on input line 648.
(pdftex.def)             Requested size: 432.48051pt x 316.20714pt.
 [177 <./sections/chapitre5/img/sprint6_ai_deployment_stabilization/03_system_sequence_diagrams/ssd_assistant_platform_question.png>]
<sections/chapitre5/img/sprint6_ai_deployment_stabilization/03_system_sequence_diagrams/ssd_team_leader_decision_support.png, id=2242, 966.61125pt x 675.52374pt>
File: sections/chapitre5/img/sprint6_ai_deployment_stabilization/03_system_sequence_diagrams/ssd_team_leader_decision_support.png Graphic file (type png)
<use sections/chapitre5/img/sprint6_ai_deployment_stabilization/03_system_sequence_diagrams/ssd_team_leader_decision_support.png>
Package pdftex.def Info: sections/chapitre5/img/sprint6_ai_deployment_stabilization/03_system_sequence_diagrams/ssd_team_leader_decision_support.png  used on input line 656.
(pdftex.def)             Requested size: 432.48051pt x 302.24088pt.
 [178 <./sections/chapitre5/img/sprint6_ai_deployment_stabilization/03_system_sequence_diagrams/ssd_assistant_request_drafting.png> <./sections/chapitre5/img/sprint6_ai_deployment_stabilization/03_system_sequence_diagrams/ssd_team_leader_decision_support.png>]
<sections/chapitre5/img/sprint6_ai_deployment_stabilization/05_domain_model/domain_model_sprint6_ai_assistant_context_data.png, id=2250, 1044.90375pt x 704.6325pt>
File: sections/chapitre5/img/sprint6_ai_deployment_stabilization/05_domain_model/domain_model_sprint6_ai_assistant_context_data.png Graphic file (type png)
<use sections/chapitre5/img/sprint6_ai_deployment_stabilization/05_domain_model/domain_model_sprint6_ai_assistant_context_data.png>
Package pdftex.def Info: sections/chapitre5/img/sprint6_ai_deployment_stabilization/05_domain_model/domain_model_sprint6_ai_assistant_context_data.png  used on input line 684.
(pdftex.def)             Requested size: 432.48051pt x 291.64291pt.
 [179 <./sections/chapitre5/img/sprint6_ai_deployment_stabilization/05_domain_model/domain_model_sprint6_ai_assistant_context_data.png>]
<sections/chapitre5/img/sprint6_ai_deployment_stabilization/06_participant_class_diagrams/participant_ai_assistant_gateway_safe_context.png, id=2256, 1235.61626pt x 719.68875pt>
File: sections/chapitre5/img/sprint6_ai_deployment_stabilization/06_participant_class_diagrams/participant_ai_assistant_gateway_safe_context.png Graphic file (type png)
<use sections/chapitre5/img/sprint6_ai_deployment_stabilization/06_participant_class_diagrams/participant_ai_assistant_gateway_safe_context.png>
Package pdftex.def Info: sections/chapitre5/img/sprint6_ai_deployment_stabilization/06_participant_class_diagrams/participant_ai_assistant_gateway_safe_context.png  used on input line 702.
(pdftex.def)             Requested size: 432.48051pt x 251.89484pt.
<sections/chapitre5/img/sprint6_ai_deployment_stabilization/07_design_class_diagrams/design_ai_assistant_gateway_safe_context.png, id=2257, 1245.65375pt x 724.7075pt>
File: sections/chapitre5/img/sprint6_ai_deployment_stabilization/07_design_class_diagrams/design_ai_assistant_gateway_safe_context.png Graphic file (type png)
<use sections/chapitre5/img/sprint6_ai_deployment_stabilization/07_design_class_diagrams/design_ai_assistant_gateway_safe_context.png>
Package pdftex.def Info: sections/chapitre5/img/sprint6_ai_deployment_stabilization/07_design_class_diagrams/design_ai_assistant_gateway_safe_context.png  used on input line 720.
(pdftex.def)             Requested size: 432.48051pt x 251.61673pt.
 [180 <./sections/chapitre5/img/sprint6_ai_deployment_stabilization/06_participant_class_diagrams/participant_ai_assistant_gateway_safe_context.png> <./sections/chapitre5/img/sprint6_ai_deployment_stabilization/07_design_class_diagrams/design_ai_assistant_gateway_safe_context.png>]
<sections/chapitre5/img/sprint6_ai_deployment_stabilization/08_conception_sequence_diagrams/csd_sprint6_assistant_platform_question_frontend.png, id=2264, 935.74594pt x 539.76656pt>
File: sections/chapitre5/img/sprint6_ai_deployment_stabilization/08_conception_sequence_diagrams/csd_sprint6_assistant_platform_question_frontend.png Graphic file (type png)
<use sections/chapitre5/img/sprint6_ai_deployment_stabilization/08_conception_sequence_diagrams/csd_sprint6_assistant_platform_question_frontend.png>
Package pdftex.def Info: sections/chapitre5/img/sprint6_ai_deployment_stabilization/08_conception_sequence_diagrams/csd_sprint6_assistant_platform_question_frontend.png  used on input line 738.
(pdftex.def)             Requested size: 455.2498pt x 262.60185pt.
<sections/chapitre5/img/sprint6_ai_deployment_stabilization/08_conception_sequence_diagrams/csd_sprint6_assistant_platform_question_backend.png, id=2265, 1049.42062pt x 435.12563pt>
File: sections/chapitre5/img/sprint6_ai_deployment_stabilization/08_conception_sequence_diagrams/csd_sprint6_assistant_platform_question_backend.png Graphic file (type png)
<use sections/chapitre5/img/sprint6_ai_deployment_stabilization/08_conception_sequence_diagrams/csd_sprint6_assistant_platform_question_backend.png>
Package pdftex.def Info: sections/chapitre5/img/sprint6_ai_deployment_stabilization/08_conception_sequence_diagrams/csd_sprint6_assistant_platform_question_backend.png  used on input line 746.
(pdftex.def)             Requested size: 455.24529pt x 188.76024pt.
 [181 <./sections/chapitre5/img/sprint6_ai_deployment_stabilization/08_conception_sequence_diagrams/csd_sprint6_assistant_platform_question_frontend.png> <./sections/chapitre5/img/sprint6_ai_deployment_stabilization/08_conception_sequence_diagrams/csd_sprint6_assistant_platform_question_backend.png>]
<sections/chapitre5/img/sprint6_ai_deployment_stabilization/08_conception_sequence_diagrams/csd_sprint6_assistant_request_drafting_frontend.png, id=2272, 1123.19624pt x 678.28406pt>
File: sections/chapitre5/img/sprint6_ai_deployment_stabilization/08_conception_sequence_diagrams/csd_sprint6_assistant_request_drafting_frontend.png Graphic file (type png)
<use sections/chapitre5/img/sprint6_ai_deployment_stabilization/08_conception_sequence_diagrams/csd_sprint6_assistant_request_drafting_frontend.png>
Package pdftex.def Info: sections/chapitre5/img/sprint6_ai_deployment_stabilization/08_conception_sequence_diagrams/csd_sprint6_assistant_request_drafting_frontend.png  used on input line 754.
(pdftex.def)             Requested size: 455.23476pt x 274.91052pt.
<sections/chapitre5/img/sprint6_ai_deployment_stabilization/08_conception_sequence_diagrams/csd_sprint6_assistant_request_drafting_backend.png, id=2273, 1199.23032pt x 548.80031pt>
File: sections/chapitre5/img/sprint6_ai_deployment_stabilization/08_conception_sequence_diagrams/csd_sprint6_assistant_request_drafting_backend.png Graphic file (type png)
<use sections/chapitre5/img/sprint6_ai_deployment_stabilization/08_conception_sequence_diagrams/csd_sprint6_assistant_request_drafting_backend.png>
Package pdftex.def Info: sections/chapitre5/img/sprint6_ai_deployment_stabilization/08_conception_sequence_diagrams/csd_sprint6_assistant_request_drafting_backend.png  used on input line 762.
(pdftex.def)             Requested size: 455.2365pt x 208.32855pt.
 [182 <./sections/chapitre5/img/sprint6_ai_deployment_stabilization/08_conception_sequence_diagrams/csd_sprint6_assistant_request_drafting_frontend.png> <./sections/chapitre5/img/sprint6_ai_deployment_stabilization/08_conception_sequence_diagrams/csd_sprint6_assistant_request_drafting_backend.png>]
<sections/chapitre5/img/sprint6_ai_deployment_stabilization/08_conception_sequence_diagrams/csd_sprint6_team_leader_decision_support_frontend.png, id=2280, 964.35281pt x 526.96875pt>
File: sections/chapitre5/img/sprint6_ai_deployment_stabilization/08_conception_sequence_diagrams/csd_sprint6_team_leader_decision_support_frontend.png Graphic file (type png)
<use sections/chapitre5/img/sprint6_ai_deployment_stabilization/08_conception_sequence_diagrams/csd_sprint6_team_leader_decision_support_frontend.png>
Package pdftex.def Info: sections/chapitre5/img/sprint6_ai_deployment_stabilization/08_conception_sequence_diagrams/csd_sprint6_team_leader_decision_support_frontend.png  used on input line 770.
(pdftex.def)             Requested size: 455.2471pt x 248.7689pt.
<sections/chapitre5/img/sprint6_ai_deployment_stabilization/08_conception_sequence_diagrams/csd_sprint6_team_leader_decision_support_backend.png, id=2281, 1130.72438pt x 559.33969pt>
File: sections/chapitre5/img/sprint6_ai_deployment_stabilization/08_conception_sequence_diagrams/csd_sprint6_team_leader_decision_support_backend.png Graphic file (type png)
<use sections/chapitre5/img/sprint6_ai_deployment_stabilization/08_conception_sequence_diagrams/csd_sprint6_team_leader_decision_support_backend.png>
Package pdftex.def Info: sections/chapitre5/img/sprint6_ai_deployment_stabilization/08_conception_sequence_diagrams/csd_sprint6_team_leader_decision_support_backend.png  used on input line 778.
(pdftex.def)             Requested size: 455.23207pt x 225.19136pt.

Overfull \hbox (4.63014pt too wide) in paragraph at lines 789--790
[]\T1/ptm/m/n/12 The re-al-iza-tion sec-tion presents the as-sis-tant wid-get, draft pre-view cards, decision-support
 []

[183 <./sections/chapitre5/img/sprint6_ai_deployment_stabilization/08_conception_sequence_diagrams/csd_sprint6_team_leader_decision_support_frontend.png> <./sections/chapitre5/img/sprint6_ai_deployment_stabilization/08_conception_sequence_diagrams/csd_sprint6_team_leader_decision_support_backend.png>]
<sections/chapitre5/img/sprint6_ai_deployment_stabilization/09_ui_screenshots/sprint6_assistant_platform_qa.png, id=2288, 1150.89975pt x 543.83176pt>
File: sections/chapitre5/img/sprint6_ai_deployment_stabilization/09_ui_screenshots/sprint6_assistant_platform_qa.png Graphic file (type png)
<use sections/chapitre5/img/sprint6_ai_deployment_stabilization/09_ui_screenshots/sprint6_assistant_platform_qa.png>
Package pdftex.def Info: sections/chapitre5/img/sprint6_ai_deployment_stabilization/09_ui_screenshots/sprint6_assistant_platform_qa.png  used on input line 806.
(pdftex.def)             Requested size: 432.48051pt x 204.3596pt.
<sections/chapitre5/img/sprint6_ai_deployment_stabilization/09_ui_screenshots/sprint6_personal_leave_draft.png, id=2289, 1130.42325pt x 497.4585pt>
File: sections/chapitre5/img/sprint6_ai_deployment_stabilization/09_ui_screenshots/sprint6_personal_leave_draft.png Graphic file (type png)
<use sections/chapitre5/img/sprint6_ai_deployment_stabilization/09_ui_screenshots/sprint6_personal_leave_draft.png>
Package pdftex.def Info: sections/chapitre5/img/sprint6_ai_deployment_stabilization/09_ui_screenshots/sprint6_personal_leave_draft.png  used on input line 814.
(pdftex.def)             Requested size: 432.48051pt x 190.319pt.
 [184 <./sections/chapitre5/img/sprint6_ai_deployment_stabilization/09_ui_screenshots/sprint6_assistant_platform_qa.png> <./sections/chapitre5/img/sprint6_ai_deployment_stabilization/09_ui_screenshots/sprint6_personal_leave_draft.png>]
<sections/chapitre5/img/sprint6_ai_deployment_stabilization/09_ui_screenshots/sprint6_team_leader_decision_support.png, id=2297, 1147.28625pt x 551.05875pt>
File: sections/chapitre5/img/sprint6_ai_deployment_stabilization/09_ui_screenshots/sprint6_team_leader_decision_support.png Graphic file (type png)
<use sections/chapitre5/img/sprint6_ai_deployment_stabilization/09_ui_screenshots/sprint6_team_leader_decision_support.png>
Package pdftex.def Info: sections/chapitre5/img/sprint6_ai_deployment_stabilization/09_ui_screenshots/sprint6_team_leader_decision_support.png  used on input line 822.
(pdftex.def)             Requested size: 432.48051pt x 207.7228pt.
 [185 <./sections/chapitre5/img/sprint6_ai_deployment_stabilization/09_ui_screenshots/sprint6_team_leader_decision_support.png>] [186]) (sections/bibliographie/bibliographie.tex [187

] [188

]) [189]
<sections/resume_sujet_pfe.pdf, id=2350, 597.51233pt x 845.0471pt>
File: sections/resume_sujet_pfe.pdf Graphic file (type pdf)
<use sections/resume_sujet_pfe.pdf>
Package pdftex.def Info: sections/resume_sujet_pfe.pdf  used on input line 201.
(pdftex.def)             Requested size: 597.51086pt x 845.04504pt.
<sections/resume_sujet_pfe.pdf, id=2352, page=1, 597.51233pt x 845.0471pt>
File: sections/resume_sujet_pfe.pdf Graphic file (type pdf)
<use sections/resume_sujet_pfe.pdf, page 1>
Package pdftex.def Info: sections/resume_sujet_pfe.pdf , page1 used on input line 201.
(pdftex.def)             Requested size: 597.51086pt x 845.04504pt.
File: sections/resume_sujet_pfe.pdf Graphic file (type pdf)
<use sections/resume_sujet_pfe.pdf, page 1>
Package pdftex.def Info: sections/resume_sujet_pfe.pdf , page1 used on input line 201.
(pdftex.def)             Requested size: 597.53821pt x 845.08372pt.
File: sections/resume_sujet_pfe.pdf Graphic file (type pdf)
<use sections/resume_sujet_pfe.pdf, page 1>
Package pdftex.def Info: sections/resume_sujet_pfe.pdf , page1 used on input line 201.
(pdftex.def)             Requested size: 597.53821pt x 845.08372pt.
File: sections/resume_sujet_pfe.pdf Graphic file (type pdf)
<use sections/resume_sujet_pfe.pdf, page 1>
Package pdftex.def Info: sections/resume_sujet_pfe.pdf , page1 used on input line 201.
(pdftex.def)             Requested size: 597.53821pt x 845.08372pt.
File: sections/resume_sujet_pfe.pdf Graphic file (type pdf)
<use sections/resume_sujet_pfe.pdf, page 1>
Package pdftex.def Info: sections/resume_sujet_pfe.pdf , page1 used on input line 201.
(pdftex.def)             Requested size: 597.53821pt x 845.08372pt.
 [190


 <./sections/resume_sujet_pfe.pdf>] (main.aux (sections/page_garde/page_garde.aux) (sections/dedicace/dedicace.aux) (sections/remerciements/remerciements.aux) (sections/table_matieres/table_matieres.aux) (sections/liste_figures/liste_figures.aux) (sections/liste_tableaux/liste_tableaux.aux) (sections/introduction_generale/introduction_generale.aux) (sections/chapitre1/chapitre1.aux))
 ***********
LaTeX2e <2025-11-01>
L3 programming layer <2026-01-19>
 ***********
Package rerunfilecheck Info: File `main.out' has not changed.
(rerunfilecheck)             Checksum: 5355C5475FEAAA547FE70D131F29C1D7;20082.
 ) 
Here is how much of TeX's memory you used:
 28163 strings out of 467867
 697342 string characters out of 5418334
 998075 words of memory out of 5000000
 55937 multiletter control sequences out of 15000+600000
 740498 words of font info for 176 fonts, out of 8000000 for 9000
 1141 hyphenation exceptions out of 8191
 88i,17n,94p,982b,788s stack positions out of 10000i,1000n,20000p,200000b,200000s
 <C:\Users\abdou\AppData\Local\MiKTeX\fonts/pk/ljfour/jknappen/ec/dpi600\ectt1200.pk><C:/Users/abdou/AppData/Local/Programs/MiKTeX/fonts/type1/public/amsfonts/cm/cmsy10.pfb><C:/Users/abdou/AppData/Local/Programs/MiKTeX/fonts/type1/urw/times/utmb8a.pfb><C:/Users/abdou/AppData/Local/Programs/MiKTeX/fonts/type1/urw/times/utmbi8a.pfb><C:/Users/abdou/AppData/Local/Programs/MiKTeX/fonts/type1/urw/times/utmr8a.pfb><C:/Users/abdou/AppData/Local/Programs/MiKTeX/fonts/type1/urw/times/utmri8a.pfb>
Output written on main.pdf (205 pages, 17614677 bytes).
PDF statistics:
 2564 PDF objects out of 2984 (max. 8388607)
 542 named destinations out of 1000 (max. 500000)
 2022 words of extra memory for PDF output out of 10000 (max. 10000000)

