This is pdfTeX, Version 3.141592653-2.6-1.40.29 (MiKTeX 26.2) (preloaded format=pdflatex 2026.2.28)  30 MAY 2026 09:26
entering extended mode
 restricted \write18 enabled.
 %&-line parsing enabled.
**./main.tex
(main.tex
LaTeX2e <2025-11-01>
L3 programming layer <2026-01-19>
(C:\Users\abdou\AppData\Local\Programs\MiKTeX\tex/latex/base\report.cls
Document Class: report 2025/01/22 v1.4n Standard LaTeX document class
(C:\Users\abdou\AppData\Local\Programs\MiKTeX\tex/latex/base\size12.clo
File: size12.clo 2025/01/22 v1.4n Standard LaTeX file (size option)
)
\c@part=\count275
\c@chapter=\count276
\c@section=\count277
\c@subsection=\count278
\c@subsubsection=\count279
\c@paragraph=\count280
\c@subparagraph=\count281
\c@figure=\count282
\c@table=\count283
\abovecaptionskip=\skip49
\belowcaptionskip=\skip50
\bibindent=\dimen148
)
(C:\Users\abdou\AppData\Local\Programs\MiKTeX\tex/latex/base\inputenc.sty
Package: inputenc 2024/02/08 v1.3d Input encoding file
\inpenc@prehook=\toks17
\inpenc@posthook=\toks18
)
(C:\Users\abdou\AppData\Local\Programs\MiKTeX\tex/latex/base\fontenc.sty
Package: fontenc 2025/07/18 v2.1d Standard LaTeX package
)
(C:\Users\abdou\AppData\Local\Programs\MiKTeX\tex/latex/float\float.sty
Package: float 2001/11/08 v1.3d Float enhancements (AL)
\c@float@type=\count284
\float@exts=\toks19
\float@box=\box53
\@float@everytoks=\toks20
\@floatcapt=\box54
)
(C:\Users\abdou\AppData\Local\Programs\MiKTeX\tex/latex/psnfss\mathptmx.sty
Package: mathptmx 2020/03/25 PSNFSS-v9.3 Times w/ Math, improved (SPQR, WaS) 
LaTeX Font Info:    Redeclaring symbol font `operators' on input line 28.
LaTeX Font Info:    Overwriting symbol font `operators' in version `normal'
(Font)                  OT1/cmr/m/n --> OT1/ztmcm/m/n on input line 28.
LaTeX Font Info:    Overwriting symbol font `operators' in version `bold'
(Font)                  OT1/cmr/bx/n --> OT1/ztmcm/m/n on input line 28.
LaTeX Font Info:    Redeclaring symbol font `letters' on input line 29.
LaTeX Font Info:    Overwriting symbol font `letters' in version `normal'
(Font)                  OML/cmm/m/it --> OML/ztmcm/m/it on input line 29.
LaTeX Font Info:    Overwriting symbol font `letters' in version `bold'
(Font)                  OML/cmm/b/it --> OML/ztmcm/m/it on input line 29.
LaTeX Font Info:    Redeclaring symbol font `symbols' on input line 30.
LaTeX Font Info:    Overwriting symbol font `symbols' in version `normal'
(Font)                  OMS/cmsy/m/n --> OMS/ztmcm/m/n on input line 30.
LaTeX Font Info:    Overwriting symbol font `symbols' in version `bold'
(Font)                  OMS/cmsy/b/n --> OMS/ztmcm/m/n on input line 30.
LaTeX Font Info:    Redeclaring symbol font `largesymbols' on input line 31.
LaTeX Font Info:    Overwriting symbol font `largesymbols' in version `normal'
(Font)                  OMX/cmex/m/n --> OMX/ztmcm/m/n on input line 31.
LaTeX Font Info:    Overwriting symbol font `largesymbols' in version `bold'
(Font)                  OMX/cmex/m/n --> OMX/ztmcm/m/n on input line 31.
\symbold=\mathgroup4
\symitalic=\mathgroup5
LaTeX Font Info:    Redeclaring math alphabet \mathbf on input line 34.
LaTeX Font Info:    Overwriting math alphabet `\mathbf' in version `normal'
(Font)                  OT1/cmr/bx/n --> OT1/ptm/bx/n on input line 34.
LaTeX Font Info:    Overwriting math alphabet `\mathbf' in version `bold'
(Font)                  OT1/cmr/bx/n --> OT1/ptm/bx/n on input line 34.
LaTeX Font Info:    Redeclaring math alphabet \mathit on input line 35.
LaTeX Font Info:    Overwriting math alphabet `\mathit' in version `normal'
(Font)                  OT1/cmr/m/it --> OT1/ptm/m/it on input line 35.
LaTeX Font Info:    Overwriting math alphabet `\mathit' in version `bold'
(Font)                  OT1/cmr/bx/it --> OT1/ptm/m/it on input line 35.
LaTeX Info: Redefining \hbar on input line 50.
)
(C:\Users\abdou\AppData\Local\Programs\MiKTeX\tex/latex/geometry\geometry.sty
Package: geometry 2020/01/02 v5.9 Page Geometry

(C:\Users\abdou\AppData\Local\Programs\MiKTeX\tex/latex/graphics\keyval.sty
Package: keyval 2022/05/29 v1.15 key=value parser (DPC)
\KV@toks@=\toks21
)
(C:\Users\abdou\AppData\Local\Programs\MiKTeX\tex/generic/iftex\ifvtex.sty
Package: ifvtex 2019/10/25 v1.7 ifvtex legacy package. Use iftex instead.

(C:\Users\abdou\AppData\Local\Programs\MiKTeX\tex/generic/iftex\iftex.sty
Package: iftex 2024/12/12 v1.0g TeX engine tests
))
\Gm@cnth=\count285
\Gm@cntv=\count286
\c@Gm@tempcnt=\count287
\Gm@bindingoffset=\dimen149
\Gm@wd@mp=\dimen150
\Gm@odd@mp=\dimen151
\Gm@even@mp=\dimen152
\Gm@layoutwidth=\dimen153
\Gm@layoutheight=\dimen154
\Gm@layouthoffset=\dimen155
\Gm@layoutvoffset=\dimen156
\Gm@dimlist=\toks22

(C:\Users\abdou\AppData\Local\Programs\MiKTeX\tex/latex/geometry\geometry.cfg))
(C:\Users\abdou\AppData\Local\Programs\MiKTeX\tex/latex/graphics\graphicx.sty
Package: graphicx 2024/12/31 v1.2e Enhanced LaTeX Graphics (DPC,SPQR)

(C:\Users\abdou\AppData\Local\Programs\MiKTeX\tex/latex/graphics\graphics.sty
Package: graphics 2024/08/06 v1.4g Standard LaTeX Graphics (DPC,SPQR)

(C:\Users\abdou\AppData\Local\Programs\MiKTeX\tex/latex/graphics\trig.sty
Package: trig 2023/12/02 v1.11 sin cos tan (DPC)
)
(C:\Users\abdou\AppData\Local\Programs\MiKTeX\tex/latex/graphics-cfg\graphics.c
fg
File: graphics.cfg 2016/06/04 v1.11 sample graphics configuration
)
Package graphics Info: Driver file: pdftex.def on input line 106.

(C:\Users\abdou\AppData\Local\Programs\MiKTeX\tex/latex/graphics-def\pdftex.def
File: pdftex.def 2025/09/29 v1.2d Graphics/color driver for pdftex
))
\Gin@req@height=\dimen157
\Gin@req@width=\dimen158
)
(C:\Users\abdou\AppData\Local\Programs\MiKTeX\tex/latex/multirow\multirow.sty
Package: multirow 2024/11/12 v2.9 Span multiple rows of a table
\multirow@colwidth=\skip51
\multirow@cntb=\count288
\multirow@dima=\skip52
\bigstrutjot=\dimen159
)
(C:\Users\abdou\AppData\Local\Programs\MiKTeX\tex/latex/tools\tabularx.sty
Package: tabularx 2023/12/11 v2.12a `tabularx' package (DPC)

(C:\Users\abdou\AppData\Local\Programs\MiKTeX\tex/latex/tools\array.sty
Package: array 2025/09/25 v2.6n Tabular extension package (FMi)
\col@sep=\dimen160
\ar@mcellbox=\box55
\extrarowheight=\dimen161
\NC@list=\toks23
\extratabsurround=\skip53
\backup@length=\skip54
\ar@cellbox=\box56
)
\TX@col@width=\dimen162
\TX@old@table=\dimen163
\TX@old@col=\dimen164
\TX@target=\dimen165
\TX@delta=\dimen166
\TX@cols=\count289
\TX@ftn=\toks24
)
(C:\Users\abdou\AppData\Local\Programs\MiKTeX\tex/latex/enumitem\enumitem.sty
Package: enumitem 2025/02/06 v3.11 Customized lists
\labelindent=\skip55
\enit@outerparindent=\dimen167
\enit@toks=\toks25
\enit@inbox=\box57
\enit@count@id=\count290
\enitdp@description=\count291
)
(C:\Users\abdou\AppData\Local\Programs\MiKTeX\tex/latex/needspace\needspace.sty
Package: needspace 2025/03/13 v1.3e reserve vertical space
) (C:\Users\abdou\AppData\Local\Programs\MiKTeX\tex/latex/setspace\setspace.sty
Package: setspace 2022/12/04 v6.7b set line spacing
) (C:\Users\abdou\AppData\Local\Programs\MiKTeX\tex/latex/ragged2e\ragged2e.sty
Package: ragged2e 2023/06/22 v3.6 ragged2e Package
\CenteringLeftskip=\skip56
\RaggedLeftLeftskip=\skip57
\RaggedRightLeftskip=\skip58
\CenteringRightskip=\skip59
\RaggedLeftRightskip=\skip60
\RaggedRightRightskip=\skip61
\CenteringParfillskip=\skip62
\RaggedLeftParfillskip=\skip63
\RaggedRightParfillskip=\skip64
\JustifyingParfillskip=\skip65
\CenteringParindent=\skip66
\RaggedLeftParindent=\skip67
\RaggedRightParindent=\skip68
\JustifyingParindent=\skip69
) (C:\Users\abdou\AppData\Local\Programs\MiKTeX\tex/latex/tocloft\tocloft.sty
Package: tocloft 2017/08/31 v2.3i parameterised ToC, etc., typesetting
Package tocloft Info: The document has chapter divisions on input line 51.
\cftparskip=\skip70
\cftbeforetoctitleskip=\skip71
\cftaftertoctitleskip=\skip72
\cftbeforepartskip=\skip73
\cftpartnumwidth=\skip74
\cftpartindent=\skip75
\cftbeforechapskip=\skip76
\cftchapindent=\skip77
\cftchapnumwidth=\skip78
\cftbeforesecskip=\skip79
\cftsecindent=\skip80
\cftsecnumwidth=\skip81
\cftbeforesubsecskip=\skip82
\cftsubsecindent=\skip83
\cftsubsecnumwidth=\skip84
\cftbeforesubsubsecskip=\skip85
\cftsubsubsecindent=\skip86
\cftsubsubsecnumwidth=\skip87
\cftbeforeparaskip=\skip88
\cftparaindent=\skip89
\cftparanumwidth=\skip90
\cftbeforesubparaskip=\skip91
\cftsubparaindent=\skip92
\cftsubparanumwidth=\skip93
\cftbeforeloftitleskip=\skip94
\cftafterloftitleskip=\skip95
\cftbeforefigskip=\skip96
\cftfigindent=\skip97
\cftfignumwidth=\skip98
\c@lofdepth=\count292
\c@lotdepth=\count293
\cftbeforelottitleskip=\skip99
\cftafterlottitleskip=\skip100
\cftbeforetabskip=\skip101
\cfttabindent=\skip102
\cfttabnumwidth=\skip103
)
(C:\Users\abdou\AppData\Local\Programs\MiKTeX\tex/latex/fancyhdr\fancyhdr.sty
Package: fancyhdr 2025/02/07 v5.2 Extensive control of page headers and footers

\f@nch@headwidth=\skip104
\f@nch@offset@elh=\skip105
\f@nch@offset@erh=\skip106
\f@nch@offset@olh=\skip107
\f@nch@offset@orh=\skip108
\f@nch@offset@elf=\skip109
\f@nch@offset@erf=\skip110
\f@nch@offset@olf=\skip111
\f@nch@offset@orf=\skip112
\f@nch@height=\skip113
\f@nch@footalignment=\skip114
\f@nch@widthL=\skip115
\f@nch@widthC=\skip116
\f@nch@widthR=\skip117
\@temptokenb=\toks26
)
(C:\Users\abdou\AppData\Local\Programs\MiKTeX\tex/latex/caption\caption.sty
Package: caption 2023/08/05 v3.6o Customizing captions (AR)

(C:\Users\abdou\AppData\Local\Programs\MiKTeX\tex/latex/caption\caption3.sty
Package: caption3 2023/07/31 v2.4d caption3 kernel (AR)
\caption@tempdima=\dimen168
\captionmargin=\dimen169
\caption@leftmargin=\dimen170
\caption@rightmargin=\dimen171
\caption@width=\dimen172
\caption@indent=\dimen173
\caption@parindent=\dimen174
\caption@hangindent=\dimen175
Package caption Info: Standard document class detected.
)
\c@caption@flags=\count294
\c@continuedfloat=\count295
Package caption Info: float package is loaded.
)
(C:\Users\abdou\AppData\Local\Programs\MiKTeX\tex/latex/etoolbox\etoolbox.sty
Package: etoolbox 2025/10/02 v2.5m e-TeX tools for LaTeX (JAW)
\etb@tempcnta=\count296
)
(C:\Users\abdou\AppData\Local\Programs\MiKTeX\tex/generic/babel\babel.sty
Package: babel 2026/02/14 v26.3 The multilingual framework for LuaLaTeX, pdfLaT
eX and XeLaTeX
\babel@savecnt=\count297
LaTeX Encoding Info:    Redeclaring text command \ij (encoding OT1) on input li
ne 2078.
LaTeX Encoding Info:    Redeclaring text command \IJ (encoding OT1) on input li
ne 2080.
LaTeX Encoding Info:    Redeclaring text command \ij (encoding T1) on input lin
e 2082.
LaTeX Encoding Info:    Redeclaring text command \IJ (encoding T1) on input lin
e 2083.
LaTeX Encoding Info:    Ignoring declaration for text command \ij (encoding ?) 
on input line 2084.
LaTeX Encoding Info:    Ignoring declaration for text command \IJ (encoding ?) 
on input line 2086.
LaTeX Encoding Info:    Ignoring declaration for text command \SS (encoding ?) 
on input line 2111.
\U@D=\dimen176
\l@unhyphenated=\language79

(C:\Users\abdou\AppData\Local\Programs\MiKTeX\tex/generic/babel\txtbabel.def)
\bbl@readstream=\read2
\bbl@dirlevel=\count298
Package babel Info: Configuration files are deprecated, as
(babel)             they can break document portability.
(babel)             Reported on input line 4206.

*************************************
* Local config file bblopts.cfg used
*
(C:\Users\abdou\AppData\Local\Programs\MiKTeX\tex/latex/arabi\bblopts.cfg
File: bblopts.cfg 2005/09/08 v0.1 add Arabic and Farsi to "declared" options of
 babel
)
(C:\Users\abdou\AppData\Local\Programs\MiKTeX\tex/generic/babel/locale/en\babel
-english.tex)
Package babel Info: Importing font and identification data for english
(babel)             from babel-en.ini. Reported on input line 4330.

(C:\Users\abdou\AppData\Local\Programs\MiKTeX\tex/latex/babel-english\english.l
df
Language: english 2017/06/06 v3.3r English support from the babel system
Package babel Info: Hyphen rules for 'canadian' set to \l@english
(babel)             (\language0). Reported on input line 102.
Package babel Info: Hyphen rules for 'australian' set to \l@ukenglish
(babel)             (\language73). Reported on input line 105.
Package babel Info: Hyphen rules for 'newzealand' set to \l@ukenglish
(babel)             (\language73). Reported on input line 108.
))
(C:\Users\abdou\AppData\Local\Programs\MiKTeX\tex/latex/pdfpages\pdfpages.sty
Package: pdfpages 2026/03/30 v0.6h Insert pages of external PDF documents (AM)

(C:\Users\abdou\AppData\Local\Programs\MiKTeX\tex/latex/base\ifthen.sty
Package: ifthen 2024/03/16 v1.1e Standard LaTeX ifthen package (DPC)
)
(C:\Users\abdou\AppData\Local\Programs\MiKTeX\tex/latex/tools\calc.sty
Package: calc 2025/03/01 v4.3b Infix arithmetic (KKT,FJ)
\calc@Acount=\count299
\calc@Bcount=\count300
\calc@Adimen=\dimen177
\calc@Bdimen=\dimen178
\calc@Askip=\skip118
\calc@Bskip=\skip119
LaTeX Info: Redefining \setlength on input line 86.
LaTeX Info: Redefining \addtolength on input line 87.
\calc@Ccount=\count301
\calc@Cskip=\skip120
)
(C:\Users\abdou\AppData\Local\Programs\MiKTeX\tex/latex/eso-pic\eso-pic.sty
Package: eso-pic 2025/12/10 v3.0d eso-pic (RN)
\ESO@tempdima=\dimen179
\ESO@tempdimb=\dimen180

(C:\Users\abdou\AppData\Local\Programs\MiKTeX\tex/latex/xcolor\xcolor.sty
Package: xcolor 2024/09/29 v3.02 LaTeX color extensions (UK)

(C:\Users\abdou\AppData\Local\Programs\MiKTeX\tex/latex/graphics-cfg\color.cfg
File: color.cfg 2016/01/02 v1.6 sample color configuration
)
Package xcolor Info: Driver file: pdftex.def on input line 274.
(C:\Users\abdou\AppData\Local\Programs\MiKTeX\tex/latex/graphics\mathcolor.ltx)
Package xcolor Info: Model `cmy' substituted by `cmy0' on input line 1349.
Package xcolor Info: Model `hsb' substituted by `rgb' on input line 1353.
Package xcolor Info: Model `RGB' extended on input line 1365.
Package xcolor Info: Model `HTML' substituted by `rgb' on input line 1367.
Package xcolor Info: Model `Hsb' substituted by `hsb' on input line 1368.
Package xcolor Info: Model `tHsb' substituted by `hsb' on input line 1369.
Package xcolor Info: Model `HSB' substituted by `hsb' on input line 1370.
Package xcolor Info: Model `Gray' substituted by `gray' on input line 1371.
Package xcolor Info: Model `wave' substituted by `hsb' on input line 1372.
))
\AM@pagewidth=\dimen181
\AM@pageheight=\dimen182
\AM@fboxrule=\dimen183

(C:\Users\abdou\AppData\Local\Programs\MiKTeX\tex/latex/pdfpages\pppdftex.def
File: pppdftex.def 2026/03/30 v0.6h Pdfpages driver for pdfTeX (AM)
)
\pdfpages@includegraphics@status=\count302
\AM@pagebox=\box58
\AM@global@opts=\toks27
\AM@pagecnt=\count303
\AM@toc@title=\toks28
\AM@lof@heading=\toks29
\c@AM@survey=\count304
\AM@templatesizebox=\box59
) (C:\Users\abdou\AppData\Local\Programs\MiKTeX\tex/latex/hyperref\hyperref.sty
Package: hyperref 2026-01-29 v7.01p Hypertext links for LaTeX

(C:\Users\abdou\AppData\Local\Programs\MiKTeX\tex/latex/kvsetkeys\kvsetkeys.sty
Package: kvsetkeys 2022-10-05 v1.19 Key value parser (HO)
)
(C:\Users\abdou\AppData\Local\Programs\MiKTeX\tex/generic/kvdefinekeys\kvdefine
keys.sty
Package: kvdefinekeys 2019-12-19 v1.6 Define keys (HO)
)
(C:\Users\abdou\AppData\Local\Programs\MiKTeX\tex/generic/pdfescape\pdfescape.s
ty
Package: pdfescape 2019/12/09 v1.15 Implements pdfTeX's escape features (HO)

(C:\Users\abdou\AppData\Local\Programs\MiKTeX\tex/generic/ltxcmds\ltxcmds.sty
Package: ltxcmds 2023-12-04 v1.26 LaTeX kernel commands for general use (HO)
)
(C:\Users\abdou\AppData\Local\Programs\MiKTeX\tex/generic/pdftexcmds\pdftexcmds
.sty
Package: pdftexcmds 2020-06-27 v0.33 Utility functions of pdfTeX for LuaTeX (HO
)

(C:\Users\abdou\AppData\Local\Programs\MiKTeX\tex/generic/infwarerr\infwarerr.s
ty
Package: infwarerr 2019/12/03 v1.5 Providing info/warning/error messages (HO)
)
Package pdftexcmds Info: \pdf@primitive is available.
Package pdftexcmds Info: \pdf@ifprimitive is available.
Package pdftexcmds Info: \pdfdraftmode found.
))
(C:\Users\abdou\AppData\Local\Programs\MiKTeX\tex/latex/hycolor\hycolor.sty
Package: hycolor 2020-01-27 v1.10 Color options for hyperref/bookmark (HO)
)
(C:\Users\abdou\AppData\Local\Programs\MiKTeX\tex/latex/hyperref\nameref.sty
Package: nameref 2026-01-29 v2.58 Cross-referencing by name of section

(C:\Users\abdou\AppData\Local\Programs\MiKTeX\tex/latex/refcount\refcount.sty
Package: refcount 2019/12/15 v3.6 Data extraction from label references (HO)
)
(C:\Users\abdou\AppData\Local\Programs\MiKTeX\tex/generic/gettitlestring\gettit
lestring.sty
Package: gettitlestring 2019/12/15 v1.6 Cleanup title references (HO)

(C:\Users\abdou\AppData\Local\Programs\MiKTeX\tex/latex/kvoptions\kvoptions.sty
Package: kvoptions 2022-06-15 v3.15 Key value format for package options (HO)
))
\c@section@level=\count305
)
(C:\Users\abdou\AppData\Local\Programs\MiKTeX\tex/generic/stringenc\stringenc.s
ty
Package: stringenc 2019/11/29 v1.12 Convert strings between diff. encodings (HO
)
)
\@linkdim=\dimen184
\Hy@linkcounter=\count306
\Hy@pagecounter=\count307
 (C:\Users\abdou\AppData\Local\Programs\MiKTeX\tex/latex/hyperref\pd1enc.def
File: pd1enc.def 2026-01-29 v7.01p Hyperref: PDFDocEncoding definition (HO)
Now handling font encoding PD1 ...
... no UTF-8 mapping file for font encoding PD1
) (C:\Users\abdou\AppData\Local\Programs\MiKTeX\tex/generic/intcalc\intcalc.sty
Package: intcalc 2019/12/15 v1.3 Expandable calculations with integers (HO)
)
\Hy@SavedSpaceFactor=\count308
 (C:\Users\abdou\AppData\Local\Programs\MiKTeX\tex/latex/hyperref\puenc.def
File: puenc.def 2026-01-29 v7.01p Hyperref: PDF Unicode definition (HO)
Now handling font encoding PU ...
... no UTF-8 mapping file for font encoding PU
)
Package hyperref Info: Hyper figures OFF on input line 4201.
Package hyperref Info: Link nesting OFF on input line 4206.
Package hyperref Info: Hyper index ON on input line 4209.
Package hyperref Info: Plain pages OFF on input line 4216.
Package hyperref Info: Backreferencing OFF on input line 4221.
Package hyperref Info: Implicit mode ON; LaTeX internals redefined.
Package hyperref Info: Bookmarks ON on input line 4468.
\c@Hy@tempcnt=\count309

(C:\Users\abdou\AppData\Local\Programs\MiKTeX\tex/latex/url\url.sty
\Urlmuskip=\muskip17
Package: url 2013/09/16  ver 3.4  Verb mode for urls, etc.
)
LaTeX Info: Redefining \url on input line 4807.
\XeTeXLinkMargin=\dimen185

(C:\Users\abdou\AppData\Local\Programs\MiKTeX\tex/generic/bitset\bitset.sty
Package: bitset 2019/12/09 v1.3 Handle bit-vector datatype (HO)

(C:\Users\abdou\AppData\Local\Programs\MiKTeX\tex/generic/bigintcalc\bigintcalc
.sty
Package: bigintcalc 2019/12/15 v1.5 Expandable calculations on big integers (HO
)
))
\Fld@menulength=\count310
\Field@Width=\dimen186
\Fld@charsize=\dimen187
Package hyperref Info: Hyper figures OFF on input line 6084.
Package hyperref Info: Link nesting OFF on input line 6089.
Package hyperref Info: Hyper index ON on input line 6092.
Package hyperref Info: backreferencing OFF on input line 6099.
Package hyperref Info: Link coloring OFF on input line 6104.
Package hyperref Info: Link coloring with OCG OFF on input line 6109.
Package hyperref Info: PDF/A mode OFF on input line 6114.
\Hy@abspage=\count311
\c@Item=\count312
\c@Hfootnote=\count313
)
Package hyperref Info: Driver (autodetected): hpdftex.

(C:\Users\abdou\AppData\Local\Programs\MiKTeX\tex/latex/hyperref\hpdftex.def
File: hpdftex.def 2026-01-29 v7.01p Hyperref driver for pdfTeX
\Fld@listcount=\count314
\c@bookmark@seq@number=\count315

(C:\Users\abdou\AppData\Local\Programs\MiKTeX\tex/latex/rerunfilecheck\rerunfil
echeck.sty
Package: rerunfilecheck 2025-06-21 v1.11 Rerun checks for auxiliary files (HO)

(C:\Users\abdou\AppData\Local\Programs\MiKTeX\tex/generic/uniquecounter\uniquec
ounter.sty
Package: uniquecounter 2019/12/15 v1.4 Provide unlimited unique counter (HO)
)
Package uniquecounter Info: New unique counter `rerunfilecheck' on input line 2
84.
)
\Hy@SectionHShift=\skip121
)
Package hyperref Info: Option `colorlinks' set `true' on input line 27.

(C:\Users\abdou\AppData\Local\Programs\MiKTeX\tex/latex/colortbl\colortbl.sty
Package: colortbl 2024/10/29 v1.0k Color table columns (DPC)
\everycr=\toks30
\minrowclearance=\skip122
\rownum=\count316
)
(C:\Users\abdou\AppData\Local\Programs\MiKTeX\tex/latex/tools\longtable.sty
Package: longtable 2025-10-13 v4.24 Multi-page Table package (DPC)
\LTleft=\skip123
\LTright=\skip124
\LTpre=\skip125
\LTpost=\skip126
\LTchunksize=\count317
\LTcapwidth=\dimen188
\LT@head=\box60
\LT@firsthead=\box61
\LT@foot=\box62
\LT@lastfoot=\box63
\LT@gbox=\box64
\LT@cols=\count318
\LT@rows=\count319
\c@LT@tables=\count320
\c@LT@chunks=\count321
\LT@p@ftn=\toks31
)
(C:\Users\abdou\AppData\Local\Programs\MiKTeX\tex/latex/booktabs\booktabs.sty
Package: booktabs 2020/01/12 v1.61803398 Publication quality tables
\heavyrulewidth=\dimen189
\lightrulewidth=\dimen190
\cmidrulewidth=\dimen191
\belowrulesep=\dimen192
\belowbottomsep=\dimen193
\aboverulesep=\dimen194
\abovetopsep=\dimen195
\cmidrulesep=\dimen196
\cmidrulekern=\dimen197
\defaultaddspace=\dimen198
\@cmidla=\count322
\@cmidlb=\count323
\@aboverulesep=\dimen199
\@belowrulesep=\dimen256
\@thisruleclass=\count324
\@lastruleclass=\count325
\@thisrulewidth=\dimen257
)
(C:\Users\abdou\AppData\Local\Programs\MiKTeX\tex/latex/pgf/frontendlayer\tikz.
sty
(C:\Users\abdou\AppData\Local\Programs\MiKTeX\tex/latex/pgf/basiclayer\pgf.sty
(C:\Users\abdou\AppData\Local\Programs\MiKTeX\tex/latex/pgf/utilities\pgfrcs.st
y
(C:\Users\abdou\AppData\Local\Programs\MiKTeX\tex/generic/pgf/utilities\pgfutil
-common.tex
\pgfutil@everybye=\toks32
\pgfutil@tempdima=\dimen258
\pgfutil@tempdimb=\dimen259
)
(C:\Users\abdou\AppData\Local\Programs\MiKTeX\tex/generic/pgf/utilities\pgfutil
-latex.def
\pgfutil@abb=\box65
)
(C:\Users\abdou\AppData\Local\Programs\MiKTeX\tex/generic/pgf/utilities\pgfrcs.
code.tex
(C:\Users\abdou\AppData\Local\Programs\MiKTeX\tex/generic/pgf\pgf.revision.tex)
Package: pgfrcs 2025-08-29 v3.1.11a (3.1.11a)
))
Package: pgf 2025-08-29 v3.1.11a (3.1.11a)

(C:\Users\abdou\AppData\Local\Programs\MiKTeX\tex/latex/pgf/basiclayer\pgfcore.
sty
(C:\Users\abdou\AppData\Local\Programs\MiKTeX\tex/latex/pgf/systemlayer\pgfsys.
sty
(C:\Users\abdou\AppData\Local\Programs\MiKTeX\tex/generic/pgf/systemlayer\pgfsy
s.code.tex
Package: pgfsys 2025-08-29 v3.1.11a (3.1.11a)

(C:\Users\abdou\AppData\Local\Programs\MiKTeX\tex/generic/pgf/utilities\pgfkeys
.code.tex
\pgfkeys@pathtoks=\toks33
\pgfkeys@temptoks=\toks34

(C:\Users\abdou\AppData\Local\Programs\MiKTeX\tex/generic/pgf/utilities\pgfkeys
libraryfiltered.code.tex
\pgfkeys@tmptoks=\toks35
))
\pgf@x=\dimen260
\pgf@y=\dimen261
\pgf@xa=\dimen262
\pgf@ya=\dimen263
\pgf@xb=\dimen264
\pgf@yb=\dimen265
\pgf@xc=\dimen266
\pgf@yc=\dimen267
\pgf@xd=\dimen268
\pgf@yd=\dimen269
\w@pgf@writea=\write3
\r@pgf@reada=\read3
\c@pgf@counta=\count326
\c@pgf@countb=\count327
\c@pgf@countc=\count328
\c@pgf@countd=\count329
\t@pgf@toka=\toks36
\t@pgf@tokb=\toks37
\t@pgf@tokc=\toks38
\pgf@sys@id@count=\count330

(C:\Users\abdou\AppData\Local\Programs\MiKTeX\tex/generic/pgf/systemlayer\pgf.c
fg
File: pgf.cfg 2025-08-29 v3.1.11a (3.1.11a)
)
Driver file for pgf: pgfsys-pdftex.def

(C:\Users\abdou\AppData\Local\Programs\MiKTeX\tex/generic/pgf/systemlayer\pgfsy
s-pdftex.def
File: pgfsys-pdftex.def 2025-08-29 v3.1.11a (3.1.11a)

(C:\Users\abdou\AppData\Local\Programs\MiKTeX\tex/generic/pgf/systemlayer\pgfsy
s-common-pdf.def
File: pgfsys-common-pdf.def 2025-08-29 v3.1.11a (3.1.11a)
)))
(C:\Users\abdou\AppData\Local\Programs\MiKTeX\tex/generic/pgf/systemlayer\pgfsy
ssoftpath.code.tex
File: pgfsyssoftpath.code.tex 2025-08-29 v3.1.11a (3.1.11a)
\pgfsyssoftpath@smallbuffer@items=\count331
\pgfsyssoftpath@bigbuffer@items=\count332
)
(C:\Users\abdou\AppData\Local\Programs\MiKTeX\tex/generic/pgf/systemlayer\pgfsy
sprotocol.code.tex
File: pgfsysprotocol.code.tex 2025-08-29 v3.1.11a (3.1.11a)
))
(C:\Users\abdou\AppData\Local\Programs\MiKTeX\tex/generic/pgf/basiclayer\pgfcor
e.code.tex
Package: pgfcore 2025-08-29 v3.1.11a (3.1.11a)

(C:\Users\abdou\AppData\Local\Programs\MiKTeX\tex/generic/pgf/math\pgfmath.code
.tex
(C:\Users\abdou\AppData\Local\Programs\MiKTeX\tex/generic/pgf/math\pgfmathutil.
code.tex)
(C:\Users\abdou\AppData\Local\Programs\MiKTeX\tex/generic/pgf/math\pgfmathparse
r.code.tex
\pgfmath@dimen=\dimen270
\pgfmath@count=\count333
\pgfmath@box=\box66
\pgfmath@toks=\toks39
\pgfmath@stack@operand=\toks40
\pgfmath@stack@operation=\toks41
)
(C:\Users\abdou\AppData\Local\Programs\MiKTeX\tex/generic/pgf/math\pgfmathfunct
ions.code.tex)
(C:\Users\abdou\AppData\Local\Programs\MiKTeX\tex/generic/pgf/math\pgfmathfunct
ions.basic.code.tex)
(C:\Users\abdou\AppData\Local\Programs\MiKTeX\tex/generic/pgf/math\pgfmathfunct
ions.trigonometric.code.tex)
(C:\Users\abdou\AppData\Local\Programs\MiKTeX\tex/generic/pgf/math\pgfmathfunct
ions.random.code.tex)
(C:\Users\abdou\AppData\Local\Programs\MiKTeX\tex/generic/pgf/math\pgfmathfunct
ions.comparison.code.tex)
(C:\Users\abdou\AppData\Local\Programs\MiKTeX\tex/generic/pgf/math\pgfmathfunct
ions.base.code.tex)
(C:\Users\abdou\AppData\Local\Programs\MiKTeX\tex/generic/pgf/math\pgfmathfunct
ions.round.code.tex)
(C:\Users\abdou\AppData\Local\Programs\MiKTeX\tex/generic/pgf/math\pgfmathfunct
ions.misc.code.tex)
(C:\Users\abdou\AppData\Local\Programs\MiKTeX\tex/generic/pgf/math\pgfmathfunct
ions.integerarithmetics.code.tex)
(C:\Users\abdou\AppData\Local\Programs\MiKTeX\tex/generic/pgf/math\pgfmathcalc.
code.tex)
(C:\Users\abdou\AppData\Local\Programs\MiKTeX\tex/generic/pgf/math\pgfmathfloat
.code.tex
\c@pgfmathroundto@lastzeros=\count334
))
(C:\Users\abdou\AppData\Local\Programs\MiKTeX\tex/generic/pgf/math\pgfint.code.
tex)
(C:\Users\abdou\AppData\Local\Programs\MiKTeX\tex/generic/pgf/basiclayer\pgfcor
epoints.code.tex
File: pgfcorepoints.code.tex 2025-08-29 v3.1.11a (3.1.11a)
\pgf@picminx=\dimen271
\pgf@picmaxx=\dimen272
\pgf@picminy=\dimen273
\pgf@picmaxy=\dimen274
\pgf@pathminx=\dimen275
\pgf@pathmaxx=\dimen276
\pgf@pathminy=\dimen277
\pgf@pathmaxy=\dimen278
\pgf@xx=\dimen279
\pgf@xy=\dimen280
\pgf@yx=\dimen281
\pgf@yy=\dimen282
\pgf@zx=\dimen283
\pgf@zy=\dimen284
)
(C:\Users\abdou\AppData\Local\Programs\MiKTeX\tex/generic/pgf/basiclayer\pgfcor
epathconstruct.code.tex
File: pgfcorepathconstruct.code.tex 2025-08-29 v3.1.11a (3.1.11a)
\pgf@path@lastx=\dimen285
\pgf@path@lasty=\dimen286
)
(C:\Users\abdou\AppData\Local\Programs\MiKTeX\tex/generic/pgf/basiclayer\pgfcor
epathusage.code.tex
File: pgfcorepathusage.code.tex 2025-08-29 v3.1.11a (3.1.11a)
\pgf@shorten@end@additional=\dimen287
\pgf@shorten@start@additional=\dimen288
)
(C:\Users\abdou\AppData\Local\Programs\MiKTeX\tex/generic/pgf/basiclayer\pgfcor
escopes.code.tex
File: pgfcorescopes.code.tex 2025-08-29 v3.1.11a (3.1.11a)
\pgfpic=\box67
\pgf@hbox=\box68
\pgf@layerbox@main=\box69
\pgf@picture@serial@count=\count335
)
(C:\Users\abdou\AppData\Local\Programs\MiKTeX\tex/generic/pgf/basiclayer\pgfcor
egraphicstate.code.tex
File: pgfcoregraphicstate.code.tex 2025-08-29 v3.1.11a (3.1.11a)
\pgflinewidth=\dimen289
)
(C:\Users\abdou\AppData\Local\Programs\MiKTeX\tex/generic/pgf/basiclayer\pgfcor
etransformations.code.tex
File: pgfcoretransformations.code.tex 2025-08-29 v3.1.11a (3.1.11a)
\pgf@pt@x=\dimen290
\pgf@pt@y=\dimen291
\pgf@pt@temp=\dimen292
)
(C:\Users\abdou\AppData\Local\Programs\MiKTeX\tex/generic/pgf/basiclayer\pgfcor
equick.code.tex
File: pgfcorequick.code.tex 2025-08-29 v3.1.11a (3.1.11a)
)
(C:\Users\abdou\AppData\Local\Programs\MiKTeX\tex/generic/pgf/basiclayer\pgfcor
eobjects.code.tex
File: pgfcoreobjects.code.tex 2025-08-29 v3.1.11a (3.1.11a)
)
(C:\Users\abdou\AppData\Local\Programs\MiKTeX\tex/generic/pgf/basiclayer\pgfcor
epathprocessing.code.tex
File: pgfcorepathprocessing.code.tex 2025-08-29 v3.1.11a (3.1.11a)
)
(C:\Users\abdou\AppData\Local\Programs\MiKTeX\tex/generic/pgf/basiclayer\pgfcor
earrows.code.tex
File: pgfcorearrows.code.tex 2025-08-29 v3.1.11a (3.1.11a)
\pgfarrowsep=\dimen293
)
(C:\Users\abdou\AppData\Local\Programs\MiKTeX\tex/generic/pgf/basiclayer\pgfcor
eshade.code.tex
File: pgfcoreshade.code.tex 2025-08-29 v3.1.11a (3.1.11a)
\pgf@max=\dimen294
\pgf@sys@shading@range@num=\count336
\pgf@shadingcount=\count337
)
(C:\Users\abdou\AppData\Local\Programs\MiKTeX\tex/generic/pgf/basiclayer\pgfcor
eimage.code.tex
File: pgfcoreimage.code.tex 2025-08-29 v3.1.11a (3.1.11a)
)
(C:\Users\abdou\AppData\Local\Programs\MiKTeX\tex/generic/pgf/basiclayer\pgfcor
eexternal.code.tex
File: pgfcoreexternal.code.tex 2025-08-29 v3.1.11a (3.1.11a)
\pgfexternal@startupbox=\box70
)
(C:\Users\abdou\AppData\Local\Programs\MiKTeX\tex/generic/pgf/basiclayer\pgfcor
elayers.code.tex
File: pgfcorelayers.code.tex 2025-08-29 v3.1.11a (3.1.11a)
)
(C:\Users\abdou\AppData\Local\Programs\MiKTeX\tex/generic/pgf/basiclayer\pgfcor
etransparency.code.tex
File: pgfcoretransparency.code.tex 2025-08-29 v3.1.11a (3.1.11a)
)
(C:\Users\abdou\AppData\Local\Programs\MiKTeX\tex/generic/pgf/basiclayer\pgfcor
epatterns.code.tex
File: pgfcorepatterns.code.tex 2025-08-29 v3.1.11a (3.1.11a)
)
(C:\Users\abdou\AppData\Local\Programs\MiKTeX\tex/generic/pgf/basiclayer\pgfcor
erdf.code.tex
File: pgfcorerdf.code.tex 2025-08-29 v3.1.11a (3.1.11a)
)))
(C:\Users\abdou\AppData\Local\Programs\MiKTeX\tex/generic/pgf/modules\pgfmodule
shapes.code.tex
File: pgfmoduleshapes.code.tex 2025-08-29 v3.1.11a (3.1.11a)
\pgfnodeparttextbox=\box71
)
(C:\Users\abdou\AppData\Local\Programs\MiKTeX\tex/generic/pgf/modules\pgfmodule
plot.code.tex
File: pgfmoduleplot.code.tex 2025-08-29 v3.1.11a (3.1.11a)
)
(C:\Users\abdou\AppData\Local\Programs\MiKTeX\tex/latex/pgf/compatibility\pgfco
mp-version-0-65.sty
Package: pgfcomp-version-0-65 2025-08-29 v3.1.11a (3.1.11a)
\pgf@nodesepstart=\dimen295
\pgf@nodesepend=\dimen296
)
(C:\Users\abdou\AppData\Local\Programs\MiKTeX\tex/latex/pgf/compatibility\pgfco
mp-version-1-18.sty
Package: pgfcomp-version-1-18 2025-08-29 v3.1.11a (3.1.11a)
))
(C:\Users\abdou\AppData\Local\Programs\MiKTeX\tex/latex/pgf/utilities\pgffor.st
y
(C:\Users\abdou\AppData\Local\Programs\MiKTeX\tex/latex/pgf/utilities\pgfkeys.s
ty
(C:\Users\abdou\AppData\Local\Programs\MiKTeX\tex/generic/pgf/utilities\pgfkeys
.code.tex))
(C:\Users\abdou\AppData\Local\Programs\MiKTeX\tex/latex/pgf/math\pgfmath.sty
(C:\Users\abdou\AppData\Local\Programs\MiKTeX\tex/generic/pgf/math\pgfmath.code
.tex))
(C:\Users\abdou\AppData\Local\Programs\MiKTeX\tex/generic/pgf/utilities\pgffor.
code.tex
Package: pgffor 2025-08-29 v3.1.11a (3.1.11a)
\pgffor@iter=\dimen297
\pgffor@skip=\dimen298
\pgffor@stack=\toks42
\pgffor@toks=\toks43
))
(C:\Users\abdou\AppData\Local\Programs\MiKTeX\tex/generic/pgf/frontendlayer/tik
z\tikz.code.tex
Package: tikz 2025-08-29 v3.1.11a (3.1.11a)

(C:\Users\abdou\AppData\Local\Programs\MiKTeX\tex/generic/pgf/libraries\pgflibr
aryplothandlers.code.tex
File: pgflibraryplothandlers.code.tex 2025-08-29 v3.1.11a (3.1.11a)
\pgf@plot@mark@count=\count338
\pgfplotmarksize=\dimen299
)
\tikz@lastx=\dimen300
\tikz@lasty=\dimen301
\tikz@lastxsaved=\dimen302
\tikz@lastysaved=\dimen303
\tikz@lastmovetox=\dimen304
\tikz@lastmovetoy=\dimen305
\tikzleveldistance=\dimen306
\tikzsiblingdistance=\dimen307
\tikz@figbox=\box72
\tikz@figbox@bg=\box73
\tikz@tempbox=\box74
\tikz@tempbox@bg=\box75
\tikztreelevel=\count339
\tikznumberofchildren=\count340
\tikznumberofcurrentchild=\count341
\tikz@fig@count=\count342

(C:\Users\abdou\AppData\Local\Programs\MiKTeX\tex/generic/pgf/modules\pgfmodule
matrix.code.tex
File: pgfmodulematrix.code.tex 2025-08-29 v3.1.11a (3.1.11a)
\pgfmatrixcurrentrow=\count343
\pgfmatrixcurrentcolumn=\count344
\pgf@matrix@numberofcolumns=\count345
)
\tikz@expandcount=\count346

(C:\Users\abdou\AppData\Local\Programs\MiKTeX\tex/generic/pgf/frontendlayer/tik
z/libraries\tikzlibrarytopaths.code.tex
File: tikzlibrarytopaths.code.tex 2025-08-29 v3.1.11a (3.1.11a)
)))
(C:\Users\abdou\AppData\Local\Programs\MiKTeX\tex/generic/pgf/libraries\pgflibr
aryarrows.meta.code.tex
File: pgflibraryarrows.meta.code.tex 2025-08-29 v3.1.11a (3.1.11a)
\pgfarrowinset=\dimen308
\pgfarrowlength=\dimen309
\pgfarrowwidth=\dimen310
\pgfarrowlinewidth=\dimen311
)
(C:\Users\abdou\AppData\Local\Programs\MiKTeX\tex/generic/pgf/frontendlayer/tik
z/libraries\tikzlibraryfit.code.tex
File: tikzlibraryfit.code.tex 2025-08-29 v3.1.11a (3.1.11a)
)
(C:\Users\abdou\AppData\Local\Programs\MiKTeX\tex/generic/pgf/frontendlayer/tik
z/libraries\tikzlibrarypositioning.code.tex
File: tikzlibrarypositioning.code.tex 2025-08-29 v3.1.11a (3.1.11a)
)
LaTeX Font Info:    Trying to load font information for T1+ptm on input line 16
8.

(C:\Users\abdou\AppData\Local\Programs\MiKTeX\tex/latex/psnfss\t1ptm.fd
File: t1ptm.fd 2001/06/04 font definitions for T1/ptm.
)
(C:\Users\abdou\AppData\Local\Programs\MiKTeX\tex/latex/l3backend\l3backend-pdf
tex.def
File: l3backend-pdftex.def 2025-10-09 L3 backend support: PDF output (pdfTeX)
\l__color_backend_stack_int=\count347
) (main.aux (sections/page_garde/page_garde.aux)
(sections/dedicace/dedicace.aux) (sections/remerciements/remerciements.aux)
(sections/table_matieres/table_matieres.aux)
(sections/liste_figures/liste_figures.aux)
(sections/liste_tableaux/liste_tableaux.aux)
(sections/introduction_generale/introduction_generale.aux)
(sections/chapitre1/chapitre1.aux)

LaTeX Warning: Label `fig:participant_loan_request_management' multiply defined
.


LaTeX Warning: Label `fig:domain_model_sprint3_administrative_requests' multipl
y defined.

)
\openout1 = `main.aux'.

LaTeX Font Info:    Checking defaults for OML/cmm/m/it on input line 168.
LaTeX Font Info:    ... okay on input line 168.
LaTeX Font Info:    Checking defaults for OMS/cmsy/m/n on input line 168.
LaTeX Font Info:    ... okay on input line 168.
LaTeX Font Info:    Checking defaults for OT1/cmr/m/n on input line 168.
LaTeX Font Info:    ... okay on input line 168.
LaTeX Font Info:    Checking defaults for T1/cmr/m/n on input line 168.
LaTeX Font Info:    ... okay on input line 168.
LaTeX Font Info:    Checking defaults for TS1/cmr/m/n on input line 168.
LaTeX Font Info:    ... okay on input line 168.
LaTeX Font Info:    Checking defaults for OMX/cmex/m/n on input line 168.
LaTeX Font Info:    ... okay on input line 168.
LaTeX Font Info:    Checking defaults for U/cmr/m/n on input line 168.
LaTeX Font Info:    ... okay on input line 168.
LaTeX Font Info:    Checking defaults for PD1/pdf/m/n on input line 168.
LaTeX Font Info:    ... okay on input line 168.
LaTeX Font Info:    Checking defaults for PU/pdf/m/n on input line 168.
LaTeX Font Info:    ... okay on input line 168.
\big@size=\dimen312

*geometry* driver: auto-detecting
*geometry* detected driver: pdftex
*geometry* verbose mode - [ preamble ] result:
* driver: pdftex
* paper: a4paper
* layout: <same size as paper>
* layoutoffset:(h,v)=(0.0pt,0.0pt)
* modes: 
* h-part:(L,W,R)=(85.35826pt, 455.24411pt, 56.9055pt)
* v-part:(T,H,B)=(71.13188pt, 702.78308pt, 71.13188pt)
* \paperwidth=597.50787pt
* \paperheight=845.04684pt
* \textwidth=455.24411pt
* \textheight=702.78308pt
* \oddsidemargin=13.08827pt
* \evensidemargin=13.08827pt
* \topmargin=-38.1381pt
* \headheight=12.0pt
* \headsep=25.0pt
* \topskip=12.0pt
* \footskip=30.0pt
* \marginparwidth=35.0pt
* \marginparsep=10.0pt
* \columnsep=10.0pt
* \skip\footins=10.8pt plus 4.0pt minus 2.0pt
* \hoffset=0.0pt
* \voffset=0.0pt
* \mag=1000
* \@twocolumnfalse
* \@twosidefalse
* \@mparswitchfalse
* \@reversemarginfalse
* (1in=72.27pt=25.4mm, 1cm=28.453pt)


(C:\Users\abdou\AppData\Local\Programs\MiKTeX\tex/context/base/mkii\supp-pdf.mk
ii
[Loading MPS to PDF converter (version 2006.09.02).]
\scratchcounter=\count348
\scratchdimen=\dimen313
\scratchbox=\box76
\nofMPsegments=\count349
\nofMParguments=\count350
\everyMPshowfont=\toks44
\MPscratchCnt=\count351
\MPscratchDim=\dimen314
\MPnumerator=\count352
\makeMPintoPDFobject=\count353
\everyMPtoPDFconversion=\toks45
)
(C:\Users\abdou\AppData\Local\Programs\MiKTeX\tex/latex/epstopdf-pkg\epstopdf-b
ase.sty
Package: epstopdf-base 2020-01-24 v2.11 Base part for package epstopdf
Package epstopdf-base Info: Redefining graphics rule for `.eps' on input line 4
85.

(C:\Users\abdou\AppData\Local\Programs\MiKTeX\tex/latex/00miktex\epstopdf-sys.c
fg
File: epstopdf-sys.cfg 2021/03/18 v2.0 Configuration of epstopdf for MiKTeX
))
Package caption Info: Begin \AtBeginDocument code.
Package caption Info: hyperref package is loaded.
Package caption Info: longtable package is loaded.

(C:\Users\abdou\AppData\Local\Programs\MiKTeX\tex/latex/caption\ltcaption.sty
Package: ltcaption 2021/01/08 v1.4c longtable captions (AR)
)
Package caption Info: End \AtBeginDocument code.

(C:\Users\abdou\AppData\Local\Programs\MiKTeX\tex/latex/pdflscape\pdflscape.sty
Package: pdflscape 2022-10-27 v0.13 Display of landscape pages in PDF

(C:\Users\abdou\AppData\Local\Programs\MiKTeX\tex/latex/pdflscape\pdflscape-nom
etadata.sty
Package: pdflscape-nometadata 2022-10-28 v0.13 Display of landscape pages in PD
F (HO)

(C:\Users\abdou\AppData\Local\Programs\MiKTeX\tex/latex/graphics\lscape.sty
Package: lscape 2020/05/28 v3.02 Landscape Pages (DPC)
)
Package pdflscape Info: Auto-detected driver: pdftex on input line 81.
))
Package hyperref Info: Link coloring ON on input line 168.

(main.out) (main.out)
\@outlinefile=\write4
\openout4 = `main.out'.

\openout2 = `sections/page_garde/page_garde.aux'.

 (sections/page_garde/page_garde.tex
<sections/page_garde/img/iset_logo.png, id=306, 217.81375pt x 232.87pt>
File: sections/page_garde/img/iset_logo.png Graphic file (type png)
<use sections/page_garde/img/iset_logo.png>
Package pdftex.def Info: sections/page_garde/img/iset_logo.png  used on input l
ine 8.
(pdftex.def)             Requested size: 71.13188pt x 76.04784pt.
<sections/page_garde/img/arabsoft_logo.jpg, id=307, 200.75pt x 200.75pt>
File: sections/page_garde/img/arabsoft_logo.jpg Graphic file (type jpg)
<use sections/page_garde/img/arabsoft_logo.jpg>
Package pdftex.def Info: sections/page_garde/img/arabsoft_logo.jpg  used on inp
ut line 24.
(pdftex.def)             Requested size: 99.58464pt x 99.5875pt.
LaTeX Font Info:    Calculating math sizes for size <10.5> on input line 30.
LaTeX Font Info:    Trying to load font information for OT1+ztmcm on input line
 30.

(C:\Users\abdou\AppData\Local\Programs\MiKTeX\tex/latex/psnfss\ot1ztmcm.fd
File: ot1ztmcm.fd 2000/01/03 Fontinst v1.801 font definitions for OT1/ztmcm.
)
LaTeX Font Info:    Trying to load font information for OML+ztmcm on input line
 30.

(C:\Users\abdou\AppData\Local\Programs\MiKTeX\tex/latex/psnfss\omlztmcm.fd
File: omlztmcm.fd 2000/01/03 Fontinst v1.801 font definitions for OML/ztmcm.
)
LaTeX Font Info:    Trying to load font information for OMS+ztmcm on input line
 30.

(C:\Users\abdou\AppData\Local\Programs\MiKTeX\tex/latex/psnfss\omsztmcm.fd
File: omsztmcm.fd 2000/01/03 Fontinst v1.801 font definitions for OMS/ztmcm.
)
LaTeX Font Info:    Trying to load font information for OMX+ztmcm on input line
 30.

(C:\Users\abdou\AppData\Local\Programs\MiKTeX\tex/latex/psnfss\omxztmcm.fd
File: omxztmcm.fd 2000/01/03 Fontinst v1.801 font definitions for OMX/ztmcm.
)
LaTeX Font Info:    Trying to load font information for OT1+ptm on input line 3
0.

(C:\Users\abdou\AppData\Local\Programs\MiKTeX\tex/latex/psnfss\ot1ptm.fd
File: ot1ptm.fd 2001/06/04 font definitions for OT1/ptm.
)
LaTeX Font Info:    Font shape `OT1/ptm/bx/n' in size <10.5> not available
(Font)              Font shape `OT1/ptm/b/n' tried instead on input line 30.
LaTeX Font Info:    Font shape `OT1/ptm/bx/n' in size <7.77005> not available
(Font)              Font shape `OT1/ptm/b/n' tried instead on input line 30.
LaTeX Font Info:    Font shape `OT1/ptm/bx/n' in size <6.30006> not available
(Font)              Font shape `OT1/ptm/b/n' tried instead on input line 30.
LaTeX Font Info:    Font shape `OT1/ptm/bx/n' in size <12> not available
(Font)              Font shape `OT1/ptm/b/n' tried instead on input line 54.
LaTeX Font Info:    Font shape `OT1/ptm/bx/n' in size <9> not available
(Font)              Font shape `OT1/ptm/b/n' tried instead on input line 54.
LaTeX Font Info:    Font shape `OT1/ptm/bx/n' in size <7> not available
(Font)              Font shape `OT1/ptm/b/n' tried instead on input line 54.

Overfull \hbox (8.25005pt too wide) in paragraph at lines 54--55
 [][] 
 []

LaTeX Font Info:    Calculating math sizes for size <14> on input line 72.
LaTeX Font Info:    Font shape `OT1/ptm/bx/n' in size <14> not available
(Font)              Font shape `OT1/ptm/b/n' tried instead on input line 72.
LaTeX Font Info:    Font shape `OT1/ptm/bx/n' in size <10.36008> not available
(Font)              Font shape `OT1/ptm/b/n' tried instead on input line 72.
LaTeX Font Info:    Font shape `OT1/ptm/bx/n' in size <8.40009> not available
(Font)              Font shape `OT1/ptm/b/n' tried instead on input line 72.
[1


{C:/Users/abdou/AppData/Local/MiKTeX/fonts/map/pdftex/pdftex.map}{C:/Users/abdo
u/AppData/Local/Programs/MiKTeX/fonts/enc/dvips/base/8r.enc} <./sections/page_g
arde/img/iset_logo.png> <./sections/page_garde/img/arabsoft_logo.jpg>])
\openout2 = `sections/dedicace/dedicace.aux'.


(sections/dedicace/dedicace.tex)
pdfTeX warning (ext4): destination with the same identifier (name{page.}) has b
een already used, duplicate ignored
<to be read again> 
                   \relax 
l.176 \include{sections/dedicace/dedicace}
                                           [1



]
\openout2 = `sections/remerciements/remerciements.aux'.


(sections/remerciements/remerciements.tex)
pdfTeX warning (ext4): destination with the same identifier (name{page.}) has b
een already used, duplicate ignored
<to be read again> 
                   \relax 
l.177 ...ude{sections/remerciements/remerciements}
                                                   [2



]
\openout2 = `sections/table_matieres/table_matieres.aux'.


(sections/table_matieres/table_matieres.tex (main.toc)
\tf@toc=\write5
\openout5 = `main.toc'.

)
pdfTeX warning (ext4): destination with the same identifier (name{page.}) has b
een already used, duplicate ignored
<to be read again> 
                   \relax 
l.178 ...e{sections/table_matieres/table_matieres}
                                                   [3



]
\openout2 = `sections/liste_figures/liste_figures.aux'.


(sections/liste_figures/liste_figures.tex (main.lof)
\tf@lof=\write6
\openout6 = `main.lof'.

)
pdfTeX warning (ext4): destination with the same identifier (name{page.}) has b
een already used, duplicate ignored
<to be read again> 
                   \relax 
l.179 ...ude{sections/liste_figures/liste_figures}
                                                   [4



]
\openout2 = `sections/liste_tableaux/liste_tableaux.aux'.


(sections/liste_tableaux/liste_tableaux.tex (main.lot)
\tf@lot=\write7
\openout7 = `main.lot'.

)
pdfTeX warning (ext4): destination with the same identifier (name{page.}) has b
een already used, duplicate ignored
<to be read again> 
                   \relax 
l.180 ...e{sections/liste_tableaux/liste_tableaux}
                                                   [5



]
\openout2 = `sections/introduction_generale/introduction_generale.aux'.


(sections/introduction_generale/introduction_generale.tex) [1




]
\openout2 = `sections/chapitre1/chapitre1.aux'.


(sections/chapitre1/chapitre1.tex
File: sections/page_garde/img/arabsoft_logo.jpg Graphic file (type jpg)
<use sections/page_garde/img/arabsoft_logo.jpg>
Package pdftex.def Info: sections/page_garde/img/arabsoft_logo.jpg  used on inp
ut line 61.
(pdftex.def)             Requested size: 142.26378pt x 142.27312pt.
 [2



]
LaTeX Font Info:    Trying to load font information for TS1+ptm on input line 9
8.

(C:\Users\abdou\AppData\Local\Programs\MiKTeX\tex/latex/psnfss\ts1ptm.fd
File: ts1ptm.fd 2001/06/04 font definitions for TS1/ptm.
)
[3]
Overfull \hbox (2.97316pt too wide) in paragraph at lines 141--142
[]\T1/ptm/b/n/12 Data cen-tral-iza-tion: \T1/ptm/m/n/12 All re-quests, projects
, and tasks are stored in a uni-fied database
 []


Overfull \hbox (0.44165pt too wide) in paragraph at lines 143--144
[]\T1/ptm/b/n/12 Project and task track-ing: \T1/ptm/m/n/12 Plan-ning, as-sign-
ment, pri-or-i-ti-za-tion, and progress mon-
 []

[4]

LaTeX Warning: Citation `uml_docs' on page 5 undefined on input line 169.

<sections/chapitre1/img/uml_logo.png, id=351, 1284.8pt x 935.495pt>
File: sections/chapitre1/img/uml_logo.png Graphic file (type png)
<use sections/chapitre1/img/uml_logo.png>
Package pdftex.def Info: sections/chapitre1/img/uml_logo.png  used on input lin
e 187.
(pdftex.def)             Requested size: 85.35826pt x 62.15111pt.

LaTeX Warning: Citation `scrum_guide' on page 5 undefined on input line 199.


Overfull \hbox (2.56657pt too wide) in paragraph at lines 199--200
[]\T1/ptm/m/n/12 For project man-age-ment, I adopted the \T1/ptm/b/n/12 Ag-ile 
\T1/ptm/m/n/12 method-ol-ogy, specif-i-cally the \T1/ptm/b/n/12 Scrum \T1/ptm/m
/n/12 frame-
 []

[5 <./sections/chapitre1/img/uml_logo.png>]
<sections/chapitre1/img/scrum_roles_custom.png, id=359, 1059.96pt x 578.16pt>
File: sections/chapitre1/img/scrum_roles_custom.png Graphic file (type png)
<use sections/chapitre1/img/scrum_roles_custom.png>
Package pdftex.def Info: sections/chapitre1/img/scrum_roles_custom.png  used on
 input line 274.
(pdftex.def)             Requested size: 369.88582pt x 201.75912pt.
 [6]
<sections/chapitre1/img/scrum.png, id=364, 1027.84pt x 501.875pt>
File: sections/chapitre1/img/scrum.png Graphic file (type png)
<use sections/chapitre1/img/scrum.png>
Package pdftex.def Info: sections/chapitre1/img/scrum.png  used on input line 2
95.
(pdftex.def)             Requested size: 341.43306pt x 166.71434pt.
<sections/chapitre1/img/specs_abderrahmen_ben_hattab.png, id=365, 801.59476pt x
 154.77824pt>
File: sections/chapitre1/img/specs_abderrahmen_ben_hattab.png Graphic file (typ
e png)
<use sections/chapitre1/img/specs_abderrahmen_ben_hattab.png>
Package pdftex.def Info: sections/chapitre1/img/specs_abderrahmen_ben_hattab.pn
g  used on input line 315.
(pdftex.def)             Requested size: 369.88582pt x 71.42085pt.
 [7 <./sections/chapitre1/img/scrum_roles_custom.png> <./sections/chapitre1/img
/scrum.png>]
<sections/chapitre1/img/vscode.png, id=375, 1204.5pt x 632.3625pt>
File: sections/chapitre1/img/vscode.png Graphic file (type png)
<use sections/chapitre1/img/vscode.png>
Package pdftex.def Info: sections/chapitre1/img/vscode.png  used on input line 
380.
(pdftex.def)             Requested size: 71.13013pt x 69.51375pt.


LaTeX Warning: Citation `vscode_docs' on page 8 undefined on input line 380.

<sections/chapitre1/img/intellij.png, id=377, 256.96pt x 256.96pt>
File: sections/chapitre1/img/intellij.png Graphic file (type png)
<use sections/chapitre1/img/intellij.png>
Package pdftex.def Info: sections/chapitre1/img/intellij.png  used on input lin
e 385.
(pdftex.def)             Requested size: 65.43962pt x 65.43962pt.

LaTeX Warning: Citation `intellij_docs' on page 8 undefined on input line 385.

<sections/chapitre1/img/postman.png, id=378, 200.75pt x 200.75pt>
File: sections/chapitre1/img/postman.png Graphic file (type png)
<use sections/chapitre1/img/postman.png>
Package pdftex.def Info: sections/chapitre1/img/postman.png  used on input line
 390.
(pdftex.def)             Requested size: 54.05925pt x 54.05925pt.

LaTeX Warning: Citation `postman_docs' on page 8 undefined on input line 390.

[8 <./sections/chapitre1/img/specs_abderrahmen_ben_hattab.png> <./sections/chap
itre1/img/intellij.png> <./sections/chapitre1/img/postman.png> <./sections/chap
itre1/img/vscode.png>]
<sections/chapitre1/img/drawio.png, id=389, 813.0375pt x 457.71pt>
File: sections/chapitre1/img/drawio.png Graphic file (type png)
<use sections/chapitre1/img/drawio.png>
Package pdftex.def Info: sections/chapitre1/img/drawio.png  used on input line 
395.
(pdftex.def)             Requested size: 54.05266pt x 30.42964pt.


LaTeX Warning: Citation `drawio_docs' on page 9 undefined on input line 395.

<sections/chapitre1/img/git.png, id=390, 973.6375pt x 501.875pt>
File: sections/chapitre1/img/git.png Graphic file (type png)
<use sections/chapitre1/img/git.png>
Package pdftex.def Info: sections/chapitre1/img/git.png  used on input line 407
.
(pdftex.def)             Requested size: 38.41005pt x 18.77823pt.
<sections/chapitre1/img/github.png, id=392, 224.84pt x 224.84pt>
File: sections/chapitre1/img/github.png Graphic file (type png)
<use sections/chapitre1/img/github.png>
Package pdftex.def Info: sections/chapitre1/img/github.png  used on input line 
408.
(pdftex.def)             Requested size: 49.79086pt x 49.79086pt.

LaTeX Warning: Citation `git_docs' on page 9 undefined on input line 414.


LaTeX Warning: Citation `github_docs' on page 9 undefined on input line 414.

<sections/chapitre1/img/jira.png, id=393, 2509.375pt x 2509.375pt>
File: sections/chapitre1/img/jira.png Graphic file (type png)
<use sections/chapitre1/img/jira.png>
Package pdftex.def Info: sections/chapitre1/img/jira.png  used on input line 42
2.
(pdftex.def)             Requested size: 54.02708pt x 54.02708pt.

LaTeX Warning: Citation `jira_docs' on page 9 undefined on input line 422.

<sections/chapitre1/img/latex.png, id=394, 869.2475pt x 652.4375pt>
File: sections/chapitre1/img/latex.png Graphic file (type png)
<use sections/chapitre1/img/latex.png>
Package pdftex.def Info: sections/chapitre1/img/latex.png  used on input line 4
27.
(pdftex.def)             Requested size: 54.04929pt x 40.56818pt.

LaTeX Warning: Citation `latex_project' on page 9 undefined on input line 427.

[9 <./sections/chapitre1/img/drawio.png> <./sections/chapitre1/img/github.png> 
<./sections/chapitre1/img/jira.png> <./sections/chapitre1/img/latex.png> <./sec
tions/chapitre1/img/git.png>]
<sections/chapitre1/img/react.png, id=405, 238.8925pt x 212.795pt>
File: sections/chapitre1/img/react.png Graphic file (type png)
<use sections/chapitre1/img/react.png>
Package pdftex.def Info: sections/chapitre1/img/react.png  used on input line 4
49.
(pdftex.def)             Requested size: 59.74849pt x 53.22134pt.


LaTeX Warning: Citation `react_docs' on page 10 undefined on input line 449.

<sections/chapitre1/img/tailwind.png, id=406, 331.2375pt x 202.7575pt>
File: sections/chapitre1/img/tailwind.png Graphic file (type png)
<use sections/chapitre1/img/tailwind.png>
Package pdftex.def Info: sections/chapitre1/img/tailwind.png  used on input lin
e 454.
(pdftex.def)             Requested size: 59.74652pt x 36.57211pt.

LaTeX Warning: Citation `tailwind_docs' on page 10 undefined on input line 454.


<sections/chapitre1/img/springboot.png, id=407, 401.5pt x 401.5pt>
File: sections/chapitre1/img/springboot.png Graphic file (type png)
<use sections/chapitre1/img/springboot.png>
Package pdftex.def Info: sections/chapitre1/img/springboot.png  used on input l
ine 459.
(pdftex.def)             Requested size: 59.74649pt x 27.1574pt.

LaTeX Warning: Citation `spring_boot_docs' on page 10 undefined on input line 4
59.

<sections/chapitre1/img/PostgreSQL.png, id=409, 225.84375pt x 225.84375pt>
File: sections/chapitre1/img/PostgreSQL.png Graphic file (type png)
<use sections/chapitre1/img/PostgreSQL.png>
Package pdftex.def Info: sections/chapitre1/img/PostgreSQL.png  used on input l
ine 464.
(pdftex.def)             Requested size: 59.7518pt x 59.7518pt.

LaTeX Warning: Citation `postgresql_docs' on page 10 undefined on input line 46
4.

<sections/chapitre1/img/keycloak.jpg, id=410, 225.84375pt x 225.84375pt>
File: sections/chapitre1/img/keycloak.jpg Graphic file (type jpg)
<use sections/chapitre1/img/keycloak.jpg>
Package pdftex.def Info: sections/chapitre1/img/keycloak.jpg  used on input lin
e 469.
(pdftex.def)             Requested size: 59.7518pt x 59.7518pt.

LaTeX Warning: Citation `keycloak_docs' on page 10 undefined on input line 469.


[10 <./sections/chapitre1/img/react.png> <./sections/chapitre1/img/tailwind.png
> <./sections/chapitre1/img/PostgreSQL.png> <./sections/chapitre1/img/keycloak.
jpg> <./sections/chapitre1/img/springboot.png>]
<sections/chapitre1/img/docker.png, id=420, 241.90375pt x 209.78375pt>
File: sections/chapitre1/img/docker.png Graphic file (type png)
<use sections/chapitre1/img/docker.png>
Package pdftex.def Info: sections/chapitre1/img/docker.png  used on input line 
474.
(pdftex.def)             Requested size: 59.74863pt x 51.81519pt.


LaTeX Warning: Citation `docker_docs' on page 11 undefined on input line 474.

<sections/chapitre1/img/kafka.png, id=421, 225.84375pt x 225.84375pt>
File: sections/chapitre1/img/kafka.png Graphic file (type png)
<use sections/chapitre1/img/kafka.png>
Package pdftex.def Info: sections/chapitre1/img/kafka.png  used on input line 4
79.
(pdftex.def)             Requested size: 59.2235pt x 66.86526pt.

LaTeX Warning: Citation `kafka_docs' on page 11 undefined on input line 479.


Underfull \hbox (badness 2096) in paragraph at lines 479--479
[]\T1/ptm/m/n/12 Distributed event-streaming plat-form used for asyn-
 []


LaTeX Warning: Citation `react_docs' on page 11 undefined on input line 494.


LaTeX Warning: Citation `spring_boot_docs' on page 11 undefined on input line 4
94.


LaTeX Warning: Citation `keycloak_docs' on page 11 undefined on input line 494.



LaTeX Warning: Citation `kafka_docs' on page 11 undefined on input line 494.


LaTeX Warning: Citation `apache_poi_docs' on page 11 undefined on input line 49
4.


Overfull \hbox (0.51491pt too wide) in paragraph at lines 494--495
[]\T1/ptm/m/n/12 The ap-pli-ca-tion fol-lows a web-based ar-chi-tec-ture com-po
sed of two com-ple-men-tary parts:
 []


LaTeX Warning: Citation `react_docs' on page 11 undefined on input line 506.


LaTeX Warning: Citation `tailwind_docs' on page 11 undefined on input line 506.


[11 <./sections/chapitre1/img/docker.png> <./sections/chapitre1/img/kafka.png>]
<sections/chapitre1/img/arch_frontend.png, id=430, 1453.43pt x 1090.0725pt>
File: sections/chapitre1/img/arch_frontend.png Graphic file (type png)
<use sections/chapitre1/img/arch_frontend.png>
Package pdftex.def Info: sections/chapitre1/img/arch_frontend.png  used on inpu
t line 520.
(pdftex.def)             Requested size: 409.71692pt x 307.28073pt.

LaTeX Warning: Citation `spring_boot_docs' on page 12 undefined on input line 5
32.


LaTeX Warning: Citation `postgresql_docs' on page 12 undefined on input line 53
2.

[12 <./sections/chapitre1/img/arch_frontend.png (PNG copy)>]
<sections/chapitre1/img/arch_backend.png, id=436, 1453.43pt x 1090.0725pt>
File: sections/chapitre1/img/arch_backend.png Graphic file (type png)
<use sections/chapitre1/img/arch_backend.png>
Package pdftex.def Info: sections/chapitre1/img/arch_backend.png  used on input
 line 546.
(pdftex.def)             Requested size: 409.71692pt x 307.28073pt.
 [13 <./sections/chapitre1/img/arch_backend.png (PNG copy)>]
<sections/chapitre1/img/arch_globale.png, id=443, 1599.9775pt x 989.6975pt>
File: sections/chapitre1/img/arch_globale.png Graphic file (type png)
<use sections/chapitre1/img/arch_globale.png>
Package pdftex.def Info: sections/chapitre1/img/arch_globale.png  used on input
 line 587.
(pdftex.def)             Requested size: 432.48051pt x 267.50882pt.
 [14 <./sections/chapitre1/img/arch_globale.png (PNG copy)>]) [15] (sections/ch
apitre2/chapitre2.tex [16


] [17]
Overfull \hbox (17.80022pt too wide) in paragraph at lines 298--298
[] 
 []


Overfull \hbox (17.80022pt too wide) in paragraph at lines 303--303
[] 
 []


Overfull \hbox (17.80022pt too wide) in paragraph at lines 308--308
[] 
 []


Overfull \hbox (17.80022pt too wide) in paragraph at lines 313--313
[] 
 []

[18]
Overfull \hbox (17.80022pt too wide) in paragraph at lines 318--318
[] 
 []


Overfull \hbox (17.80022pt too wide) in paragraph at lines 333--333
[] 
 []


Overfull \hbox (17.80022pt too wide) in paragraph at lines 338--338
[] 
 []


Overfull \hbox (17.80022pt too wide) in paragraph at lines 343--343
[] 
 []


Overfull \hbox (17.80022pt too wide) in paragraph at lines 348--348
[] 
 []

[19]
Overfull \hbox (17.80022pt too wide) in paragraph at lines 363--363
[] 
 []


Overfull \hbox (17.80022pt too wide) in paragraph at lines 368--368
[] 
 []


Overfull \hbox (17.80022pt too wide) in paragraph at lines 373--373
[] 
 []


Overfull \hbox (17.80022pt too wide) in paragraph at lines 378--378
[] 
 []


Overfull \hbox (17.80022pt too wide) in paragraph at lines 383--383
[] 
 []

[20]
Underfull \hbox (badness 10000) in paragraph at lines 438--438
[]|\T1/ptm/m/n/10.95 Configure Key-cloak, Post-greSQL, and
 []


Underfull \hbox (badness 10000) in paragraph at lines 438--438
\T1/ptm/m/n/10.95 Spring Se-cu-rity for se-cure role-based
 []


Underfull \hbox (badness 10000) in paragraph at lines 461--461
[]|\T1/ptm/m/n/10.95 Send leave de-ci-sion no-ti-fi-ca-tions and
 []


Underfull \hbox (badness 2744) in paragraph at lines 548--548
[]|\T1/ptm/m/n/10.95 Prepare lo-cal demon-stra-tion de-ploy-ment
 []


ignored: Infinite glue shrinkage found in box being split [21]
ignored: Infinite glue shrinkage fo
und in box being split [22]
ignored: Infinite glue shrinkage found in box being split [23
]
ignored: Infinite glue shrinkage found in box being split [24]
<sections/chapitre2/img/organization_of_releases.png, id=491, 895.345pt x 217.8
1375pt>
File: sections/chapitre2/img/organization_of_releases.png Graphic file (type pn
g)
<use sections/chapitre2/img/organization_of_releases.png>
Package pdftex.def Info: sections/chapitre2/img/organization_of_releases.png  u
sed on input line 576.
(pdftex.def)             Requested size: 432.48051pt x 105.21411pt.
) [25 <./sections/chapitre2/img/organization_of_releases.png>] (sections/chapit
re3/chapitre3.tex
<sections/chapitre3/img/other/release1_organization.png, id=499, 283.0575pt x 1
78.6675pt>
File: sections/chapitre3/img/other/release1_organization.png Graphic file (type
 png)
<use sections/chapitre3/img/other/release1_organization.png>
Package pdftex.def Info: sections/chapitre3/img/other/release1_organization.png
  used on input line 188.
(pdftex.def)             Requested size: 254.93558pt x 160.92194pt.
 [26

 <./sections/chapitre3/img/other/release1_organization.png>]
<sections/chapitre3/img/sprint1_access_account_management/01_jira/sprint1_jira_
done.png, id=506, 1291.07344pt x 617.30624pt>
File: sections/chapitre3/img/sprint1_access_account_management/01_jira/sprint1_
jira_done.png Graphic file (type png)
<use sections/chapitre3/img/sprint1_access_account_management/01_jira/sprint1_j
ira_done.png>
Package pdftex.def Info: sections/chapitre3/img/sprint1_access_account_manageme
nt/01_jira/sprint1_jira_done.png  used on input line 226.
(pdftex.def)             Requested size: 432.47781pt x 206.78238pt.
LaTeX Font Info:    Font shape `OT1/ptm/bx/n' in size <10.95> not available
(Font)              Font shape `OT1/ptm/b/n' tried instead on input line 248.
LaTeX Font Info:    Font shape `OT1/ptm/bx/n' in size <8> not available
(Font)              Font shape `OT1/ptm/b/n' tried instead on input line 248.
LaTeX Font Info:    Font shape `OT1/ptm/bx/n' in size <6> not available
(Font)              Font shape `OT1/ptm/b/n' tried instead on input line 248.
 [27

 <./sections/chapitre3/img/sprint1_access_account_management/01_jira/sprint1_ji
ra_done.png>] [28]
<sections/chapitre3/img/sprint1_access_account_management/02_use_case_diagrams/
sprint1_access_account_management_use_case.png, id=519, 888.31876pt x 753.81625
pt>
File: sections/chapitre3/img/sprint1_access_account_management/02_use_case_diag
rams/sprint1_access_account_management_use_case.png Graphic file (type png)
<use sections/chapitre3/img/sprint1_access_account_management/02_use_case_diagr
ams/sprint1_access_account_management_use_case.png>
Package pdftex.def Info: sections/chapitre3/img/sprint1_access_account_manageme
nt/02_use_case_diagrams/sprint1_access_account_management_use_case.png  used on
 input line 307.
(pdftex.def)             Requested size: 432.48051pt x 366.99222pt.
 [29

 <./sections/chapitre3/img/sprint1_access_account_management/02_use_case_diagra
ms/sprint1_access_account_management_use_case.png>]
<sections/chapitre3/img/sprint1_access_account_management/03_system_sequence_di
agrams/registration_system_sequence.png, id=526, 995.72pt x 693.59125pt>
File: sections/chapitre3/img/sprint1_access_account_management/03_system_sequen
ce_diagrams/registration_system_sequence.png Graphic file (type png)
<use sections/chapitre3/img/sprint1_access_account_management/03_system_sequenc
e_diagrams/registration_system_sequence.png>
Package pdftex.def Info: sections/chapitre3/img/sprint1_access_account_manageme
nt/03_system_sequence_diagrams/registration_system_sequence.png  used on input 
line 327.
(pdftex.def)             Requested size: 409.71692pt x 285.40083pt.
<sections/chapitre3/img/sprint1_access_account_management/03_system_sequence_di
agrams/login_system_sequence.png, id=527, 994.71625pt x 788.9475pt>
File: sections/chapitre3/img/sprint1_access_account_management/03_system_sequen
ce_diagrams/login_system_sequence.png Graphic file (type png)
<use sections/chapitre3/img/sprint1_access_account_management/03_system_sequenc
e_diagrams/login_system_sequence.png>
Package pdftex.def Info: sections/chapitre3/img/sprint1_access_account_manageme
nt/03_system_sequence_diagrams/login_system_sequence.png  used on input line 33
8.
(pdftex.def)             Requested size: 400.61703pt x 317.75233pt.
 [30 <./sections/chapitre3/img/sprint1_access_account_management/03_system_sequ
ence_diagrams/registration_system_sequence.png>]
<sections/chapitre3/img/sprint1_access_account_management/03_system_sequence_di
agrams/logout_system_sequence.png, id=534, 764.8575pt x 502.87875pt>
File: sections/chapitre3/img/sprint1_access_account_management/03_system_sequen
ce_diagrams/logout_system_sequence.png Graphic file (type png)
<use sections/chapitre3/img/sprint1_access_account_management/03_system_sequenc
e_diagrams/logout_system_sequence.png>
Package pdftex.def Info: sections/chapitre3/img/sprint1_access_account_manageme
nt/03_system_sequence_diagrams/logout_system_sequence.png  used on input line 3
50.
(pdftex.def)             Requested size: 409.71692pt x 269.37894pt.
 [31 <./sections/chapitre3/img/sprint1_access_account_management/03_system_sequ
ence_diagrams/login_system_sequence.png>]
<sections/chapitre3/img/sprint1_access_account_management/02_use_case_diagrams/
personal_account_management_use_case.png, id=542, 829.0975pt x 433.62pt>
File: sections/chapitre3/img/sprint1_access_account_management/02_use_case_diag
rams/personal_account_management_use_case.png Graphic file (type png)
<use sections/chapitre3/img/sprint1_access_account_management/02_use_case_diagr
ams/personal_account_management_use_case.png>
Package pdftex.def Info: sections/chapitre3/img/sprint1_access_account_manageme
nt/02_use_case_diagrams/personal_account_management_use_case.png  used on input
 line 360.
(pdftex.def)             Requested size: 432.48051pt x 226.18504pt.
 [32 <./sections/chapitre3/img/sprint1_access_account_management/03_system_sequ
ence_diagrams/logout_system_sequence.png> <./sections/chapitre3/img/sprint1_acc
ess_account_management/02_use_case_diagrams/personal_account_management_use_cas
e.png>]
<sections/chapitre3/img/sprint1_access_account_management/03_system_sequence_di
agrams/password_reset_system_sequence.png, id=551, 985.6825pt x 677.53125pt>
File: sections/chapitre3/img/sprint1_access_account_management/03_system_sequen
ce_diagrams/password_reset_system_sequence.png Graphic file (type png)
<use sections/chapitre3/img/sprint1_access_account_management/03_system_sequenc
e_diagrams/password_reset_system_sequence.png>
Package pdftex.def Info: sections/chapitre3/img/sprint1_access_account_manageme
nt/03_system_sequence_diagrams/password_reset_system_sequence.png  used on inpu
t line 371.
(pdftex.def)             Requested size: 409.71692pt x 281.6251pt.
<sections/chapitre3/img/sprint1_access_account_management/03_system_sequence_di
agrams/profile_update_system_sequence.png, id=552, 611.28375pt x 563.10374pt>
File: sections/chapitre3/img/sprint1_access_account_management/03_system_sequen
ce_diagrams/profile_update_system_sequence.png Graphic file (type png)
<use sections/chapitre3/img/sprint1_access_account_management/03_system_sequenc
e_diagrams/profile_update_system_sequence.png>
Package pdftex.def Info: sections/chapitre3/img/sprint1_access_account_manageme
nt/03_system_sequence_diagrams/profile_update_system_sequence.png  used on inpu
t line 382.
(pdftex.def)             Requested size: 409.71692pt x 377.42361pt.
 [33 <./sections/chapitre3/img/sprint1_access_account_management/03_system_sequ
ence_diagrams/password_reset_system_sequence.png>]
<sections/chapitre3/img/sprint1_access_account_management/03_system_sequence_di
agrams/change_password_system_sequence.png, id=559, 894.34125pt x 773.89125pt>
File: sections/chapitre3/img/sprint1_access_account_management/03_system_sequen
ce_diagrams/change_password_system_sequence.png Graphic file (type png)
<use sections/chapitre3/img/sprint1_access_account_management/03_system_sequenc
e_diagrams/change_password_system_sequence.png>
Package pdftex.def Info: sections/chapitre3/img/sprint1_access_account_manageme
nt/03_system_sequence_diagrams/change_password_system_sequence.png  used on inp
ut line 395.
(pdftex.def)             Requested size: 446.13727pt x 386.05902pt.
 [34 <./sections/chapitre3/img/sprint1_access_account_management/03_system_sequ
ence_diagrams/profile_update_system_sequence.png (PNG copy)>] [35 <./sections/c
hapitre3/img/sprint1_access_account_management/03_system_sequence_diagrams/chan
ge_password_system_sequence.png>]
<sections/chapitre3/img/sprint1_access_account_management/02_use_case_diagrams/
hr_user_account_management_use_case.png, id=571, 879.285pt x 502.87875pt>
File: sections/chapitre3/img/sprint1_access_account_management/02_use_case_diag
rams/hr_user_account_management_use_case.png Graphic file (type png)
<use sections/chapitre3/img/sprint1_access_account_management/02_use_case_diagr
ams/hr_user_account_management_use_case.png>
Package pdftex.def Info: sections/chapitre3/img/sprint1_access_account_manageme
nt/02_use_case_diagrams/hr_user_account_management_use_case.png  used on input 
line 405.
(pdftex.def)             Requested size: 432.48051pt x 247.3412pt.
<sections/chapitre3/img/sprint1_access_account_management/03_system_sequence_di
agrams/hr_user_account_setup_system_sequence.png, id=572, 984.67876pt x 613.291
24pt>
File: sections/chapitre3/img/sprint1_access_account_management/03_system_sequen
ce_diagrams/hr_user_account_setup_system_sequence.png Graphic file (type png)
<use sections/chapitre3/img/sprint1_access_account_management/03_system_sequenc
e_diagrams/hr_user_account_setup_system_sequence.png>
Package pdftex.def Info: sections/chapitre3/img/sprint1_access_account_manageme
nt/03_system_sequence_diagrams/hr_user_account_setup_system_sequence.png  used 
on input line 417.
(pdftex.def)             Requested size: 446.13727pt x 277.86884pt.
 [36 <./sections/chapitre3/img/sprint1_access_account_management/02_use_case_di
agrams/hr_user_account_management_use_case.png> <./sections/chapitre3/img/sprin
t1_access_account_management/03_system_sequence_diagrams/hr_user_account_setup_
system_sequence.png>]
<sections/chapitre3/img/sprint1_access_account_management/03_system_sequence_di
agrams/account_activation_deactivation_system_sequence.png, id=581, 954.56625pt
 x 623.32875pt>
File: sections/chapitre3/img/sprint1_access_account_management/03_system_sequen
ce_diagrams/account_activation_deactivation_system_sequence.png Graphic file (t
ype png)
<use sections/chapitre3/img/sprint1_access_account_management/03_system_sequenc
e_diagrams/account_activation_deactivation_system_sequence.png>
Package pdftex.def Info: sections/chapitre3/img/sprint1_access_account_manageme
nt/03_system_sequence_diagrams/account_activation_deactivation_system_sequence.
png  used on input line 428.
(pdftex.def)             Requested size: 409.71692pt x 267.54106pt.
<sections/chapitre3/img/sprint1_access_account_management/05_domain_model/sprin
t1_domain_model.png, id=582, 853.1875pt x 648.4225pt>
File: sections/chapitre3/img/sprint1_access_account_management/05_domain_model/
sprint1_domain_model.png Graphic file (type png)
<use sections/chapitre3/img/sprint1_access_account_management/05_domain_model/s
print1_domain_model.png>
Package pdftex.def Info: sections/chapitre3/img/sprint1_access_account_manageme
nt/05_domain_model/sprint1_domain_model.png  used on input line 448.
(pdftex.def)             Requested size: 432.48051pt x 328.69249pt.
 [37 <./sections/chapitre3/img/sprint1_access_account_management/03_system_sequ
ence_diagrams/account_activation_deactivation_system_sequence.png>]
<sections/chapitre3/img/sprint1_access_account_management/06_participant_class_
diagrams/authentication_access_control_participant_classes.png, id=590, 1055.94
5pt x 498.86375pt>
File: sections/chapitre3/img/sprint1_access_account_management/06_participant_c
lass_diagrams/authentication_access_control_participant_classes.png Graphic fil
e (type png)
<use sections/chapitre3/img/sprint1_access_account_management/06_participant_cl
ass_diagrams/authentication_access_control_participant_classes.png>
Package pdftex.def Info: sections/chapitre3/img/sprint1_access_account_manageme
nt/06_participant_class_diagrams/authentication_access_control_participant_clas
ses.png  used on input line 467.
(pdftex.def)             Requested size: 432.48051pt x 204.31471pt.
 [38 <./sections/chapitre3/img/sprint1_access_account_management/05_domain_mode
l/sprint1_domain_model.png>]
<sections/chapitre3/img/sprint1_access_account_management/06_participant_class_
diagrams/password_reset_change_participant_classes.png, id=597, 2055.68pt x 105
2.93375pt>
File: sections/chapitre3/img/sprint1_access_account_management/06_participant_c
lass_diagrams/password_reset_change_participant_classes.png Graphic file (type 
png)
<use sections/chapitre3/img/sprint1_access_account_management/06_participant_cl
ass_diagrams/password_reset_change_participant_classes.png>
Package pdftex.def Info: sections/chapitre3/img/sprint1_access_account_manageme
nt/06_participant_class_diagrams/password_reset_change_participant_classes.png 
 used on input line 477.
(pdftex.def)             Requested size: 432.48051pt x 221.50821pt.

[39 <./sections/chapitre3/img/sprint1_access_account_management/06_participant_
class_diagrams/authentication_access_control_participant_classes.png> <./sectio
ns/chapitre3/img/sprint1_access_account_management/06_participant_class_diagram
s/password_reset_change_participant_classes.png>]
<sections/chapitre3/img/sprint1_access_account_management/06_participant_class_
diagrams/hr_account_management_participant_classes.png, id=606, 1516.66624pt x 
575.14874pt>
File: sections/chapitre3/img/sprint1_access_account_management/06_participant_c
lass_diagrams/hr_account_management_participant_classes.png Graphic file (type 
png)
<use sections/chapitre3/img/sprint1_access_account_management/06_participant_cl
ass_diagrams/hr_account_management_participant_classes.png>
Package pdftex.def Info: sections/chapitre3/img/sprint1_access_account_manageme
nt/06_participant_class_diagrams/hr_account_management_participant_classes.png 
 used on input line 487.
(pdftex.def)             Requested size: 432.48051pt x 163.99808pt.
<sections/chapitre3/img/sprint1_access_account_management/04_state_diagrams/use
r_account_lifecycle.png, id=607, 723.70375pt x 503.8825pt>
File: sections/chapitre3/img/sprint1_access_account_management/04_state_diagram
s/user_account_lifecycle.png Graphic file (type png)
<use sections/chapitre3/img/sprint1_access_account_management/04_state_diagrams
/user_account_lifecycle.png>
Package pdftex.def Info: sections/chapitre3/img/sprint1_access_account_manageme
nt/04_state_diagrams/user_account_lifecycle.png  used on input line 507.
(pdftex.def)             Requested size: 432.48051pt x 301.11703pt.
 [40 <./sections/chapitre3/img/sprint1_access_account_management/06_participant
_class_diagrams/hr_account_management_participant_classes.png>]
<sections/chapitre3/img/sprint1_access_account_management/07_design_class_diagr
ams/registration_pending_access_design_class.png, id=614, 1407.2575pt x 736.752
5pt>
File: sections/chapitre3/img/sprint1_access_account_management/07_design_class_
diagrams/registration_pending_access_design_class.png Graphic file (type png)
<use sections/chapitre3/img/sprint1_access_account_management/07_design_class_d
iagrams/registration_pending_access_design_class.png>
Package pdftex.def Info: sections/chapitre3/img/sprint1_access_account_manageme
nt/07_design_class_diagrams/registration_pending_access_design_class.png  used 
on input line 527.
(pdftex.def)             Requested size: 446.13727pt x 233.5622pt.
 [41 <./sections/chapitre3/img/sprint1_access_account_management/04_state_diagr
ams/user_account_lifecycle.png>]
<sections/chapitre3/img/sprint1_access_account_management/07_design_class_diagr
ams/security_keycloak_access_control_design_class.png, id=621, 1386.17876pt x 8
76.27374pt>
File: sections/chapitre3/img/sprint1_access_account_management/07_design_class_
diagrams/security_keycloak_access_control_design_class.png Graphic file (type p
ng)
<use sections/chapitre3/img/sprint1_access_account_management/07_design_class_d
iagrams/security_keycloak_access_control_design_class.png>
Package pdftex.def Info: sections/chapitre3/img/sprint1_access_account_manageme
nt/07_design_class_diagrams/security_keycloak_access_control_design_class.png  
used on input line 538.
(pdftex.def)             Requested size: 446.13727pt x 282.01782pt.
 [42 <./sections/chapitre3/img/sprint1_access_account_management/07_design_clas
s_diagrams/registration_pending_access_design_class.png> <./sections/chapitre3/
img/sprint1_access_account_management/07_design_class_diagrams/security_keycloa
k_access_control_design_class.png>]
<sections/chapitre3/img/sprint1_access_account_management/07_design_class_diagr
ams/hr_account_setup_notification_design_class.png, id=630, 1426.32875pt x 764.
8575pt>
File: sections/chapitre3/img/sprint1_access_account_management/07_design_class_
diagrams/hr_account_setup_notification_design_class.png Graphic file (type png)

<use sections/chapitre3/img/sprint1_access_account_management/07_design_class_d
iagrams/hr_account_setup_notification_design_class.png>
Package pdftex.def Info: sections/chapitre3/img/sprint1_access_account_manageme
nt/07_design_class_diagrams/hr_account_setup_notification_design_class.png  use
d on input line 549.
(pdftex.def)             Requested size: 446.13727pt x 239.23912pt.
<sections/chapitre3/img/sprint1_access_account_management/08_conception_sequenc
e_diagrams/registration_frontend_conception_sequence.png, id=631, 924.45375pt x
 702.625pt>
File: sections/chapitre3/img/sprint1_access_account_management/08_conception_se
quence_diagrams/registration_frontend_conception_sequence.png Graphic file (typ
e png)
<use sections/chapitre3/img/sprint1_access_account_management/08_conception_seq
uence_diagrams/registration_frontend_conception_sequence.png>
Package pdftex.def Info: sections/chapitre3/img/sprint1_access_account_manageme
nt/08_conception_sequence_diagrams/registration_frontend_conception_sequence.pn
g  used on input line 561.
(pdftex.def)             Requested size: 455.24327pt x 534.15063pt.
 [43 <./sections/chapitre3/img/sprint1_access_account_management/07_design_clas
s_diagrams/hr_account_setup_notification_design_class.png>]
<sections/chapitre3/img/sprint1_access_account_management/08_conception_sequenc
e_diagrams/registration_backend_conception_sequence.png, id=639, 1660.2025pt x 
1401.235pt>
File: sections/chapitre3/img/sprint1_access_account_management/08_conception_se
quence_diagrams/registration_backend_conception_sequence.png Graphic file (type
 png)
<use sections/chapitre3/img/sprint1_access_account_management/08_conception_seq
uence_diagrams/registration_backend_conception_sequence.png>
Package pdftex.def Info: sections/chapitre3/img/sprint1_access_account_manageme
nt/08_conception_sequence_diagrams/registration_backend_conception_sequence.png
  used on input line 568.
(pdftex.def)             Requested size: 455.22714pt x 534.12119pt.
 [44 <./sections/chapitre3/img/sprint1_access_account_management/08_conception_
sequence_diagrams/registration_frontend_conception_sequence.png>]
<sections/chapitre3/img/sprint1_access_account_management/08_conception_sequenc
e_diagrams/secure_login_frontend_conception_sequence.png, id=646, 1608.0075pt x
 1529.715pt>
File: sections/chapitre3/img/sprint1_access_account_management/08_conception_se
quence_diagrams/secure_login_frontend_conception_sequence.png Graphic file (typ
e png)
<use sections/chapitre3/img/sprint1_access_account_management/08_conception_seq
uence_diagrams/secure_login_frontend_conception_sequence.png>
Package pdftex.def Info: sections/chapitre3/img/sprint1_access_account_manageme
nt/08_conception_sequence_diagrams/secure_login_frontend_conception_sequence.pn
g  used on input line 575.
(pdftex.def)             Requested size: 455.24442pt x 548.1761pt.
 [45 <./sections/chapitre3/img/sprint1_access_account_management/08_conception_
sequence_diagrams/registration_backend_conception_sequence.png>]
<sections/chapitre3/img/sprint1_access_account_management/08_conception_sequenc
e_diagrams/secure_login_backend_conception_sequence.png, id=653, 1521.685pt x 1
682.285pt>
File: sections/chapitre3/img/sprint1_access_account_management/08_conception_se
quence_diagrams/secure_login_backend_conception_sequence.png Graphic file (type
 png)
<use sections/chapitre3/img/sprint1_access_account_management/08_conception_seq
uence_diagrams/secure_login_backend_conception_sequence.png>
Package pdftex.def Info: sections/chapitre3/img/sprint1_access_account_manageme
nt/08_conception_sequence_diagrams/secure_login_backend_conception_sequence.png
  used on input line 583.
(pdftex.def)             Requested size: 455.23198pt x 503.27757pt.
 [46 <./sections/chapitre3/img/sprint1_access_account_management/08_conception_
sequence_diagrams/secure_login_frontend_conception_sequence.png>]
<sections/chapitre3/img/sprint1_access_account_management/08_conception_sequenc
e_diagrams/logout_frontend_conception_sequence.png, id=660, 1728.4575pt x 1260.
71pt>
File: sections/chapitre3/img/sprint1_access_account_management/08_conception_se
quence_diagrams/logout_frontend_conception_sequence.png Graphic file (type png)

<use sections/chapitre3/img/sprint1_access_account_management/08_conception_seq
uence_diagrams/logout_frontend_conception_sequence.png>
Package pdftex.def Info: sections/chapitre3/img/sprint1_access_account_manageme
nt/08_conception_sequence_diagrams/logout_frontend_conception_sequence.png  use
d on input line 587.
(pdftex.def)             Requested size: 455.24341pt x 548.17358pt.
 [47 <./sections/chapitre3/img/sprint1_access_account_management/08_conception_
sequence_diagrams/secure_login_backend_conception_sequence.png>]
<sections/chapitre3/img/sprint1_access_account_management/08_conception_sequenc
e_diagrams/logout_backend_conception_sequence.png, id=667, 1419.3025pt x 1200.4
85pt>
File: sections/chapitre3/img/sprint1_access_account_management/08_conception_se
quence_diagrams/logout_backend_conception_sequence.png Graphic file (type png)
<use sections/chapitre3/img/sprint1_access_account_management/08_conception_seq
uence_diagrams/logout_backend_conception_sequence.png>
Package pdftex.def Info: sections/chapitre3/img/sprint1_access_account_manageme
nt/08_conception_sequence_diagrams/logout_backend_conception_sequence.png  used
 on input line 595.
(pdftex.def)             Requested size: 455.24727pt x 385.06062pt.
 [48 <./sections/chapitre3/img/sprint1_access_account_management/08_conception_
sequence_diagrams/logout_frontend_conception_sequence.png>]
<sections/chapitre3/img/sprint1_access_account_management/08_conception_sequenc
e_diagrams/password_reset_frontend_conception_sequence.png, id=674, 2001.4775pt
 x 2226.3175pt>
File: sections/chapitre3/img/sprint1_access_account_management/08_conception_se
quence_diagrams/password_reset_frontend_conception_sequence.png Graphic file (t
ype png)
<use sections/chapitre3/img/sprint1_access_account_management/08_conception_seq
uence_diagrams/password_reset_frontend_conception_sequence.png>
Package pdftex.def Info: sections/chapitre3/img/sprint1_access_account_manageme
nt/08_conception_sequence_diagrams/password_reset_frontend_conception_sequence.
png  used on input line 599.
(pdftex.def)             Requested size: 455.22997pt x 562.21718pt.
 [49 <./sections/chapitre3/img/sprint1_access_account_management/08_conception_
sequence_diagrams/logout_backend_conception_sequence.png>]
<sections/chapitre3/img/sprint1_access_account_management/08_conception_sequenc
e_diagrams/password_reset_backend_conception_sequence.png, id=682, 1887.05pt x 
1868.9825pt>
File: sections/chapitre3/img/sprint1_access_account_management/08_conception_se
quence_diagrams/password_reset_backend_conception_sequence.png Graphic file (ty
pe png)
<use sections/chapitre3/img/sprint1_access_account_management/08_conception_seq
uence_diagrams/password_reset_backend_conception_sequence.png>
Package pdftex.def Info: sections/chapitre3/img/sprint1_access_account_manageme
nt/08_conception_sequence_diagrams/password_reset_backend_conception_sequence.p
ng  used on input line 606.
(pdftex.def)             Requested size: 455.23357pt x 562.23907pt.
 [50 <./sections/chapitre3/img/sprint1_access_account_management/08_conception_
sequence_diagrams/password_reset_frontend_conception_sequence.png>]
<sections/chapitre3/img/sprint1_access_account_management/08_conception_sequenc
e_diagrams/profile_update_frontend_conception_sequence.png, id=689, 1539.7525pt
 x 1622.06pt>
File: sections/chapitre3/img/sprint1_access_account_management/08_conception_se
quence_diagrams/profile_update_frontend_conception_sequence.png Graphic file (t
ype png)
<use sections/chapitre3/img/sprint1_access_account_management/08_conception_seq
uence_diagrams/profile_update_frontend_conception_sequence.png>
Package pdftex.def Info: sections/chapitre3/img/sprint1_access_account_manageme
nt/08_conception_sequence_diagrams/profile_update_frontend_conception_sequence.
png  used on input line 613.
(pdftex.def)             Requested size: 455.23332pt x 548.17653pt.
 [51 <./sections/chapitre3/img/sprint1_access_account_management/08_conception_
sequence_diagrams/password_reset_backend_conception_sequence.png>]
<sections/chapitre3/img/sprint1_access_account_management/08_conception_sequenc
e_diagrams/profile_update_backend_conception_sequence.png, id=696, 1836.8625pt 
x 1439.3775pt>
File: sections/chapitre3/img/sprint1_access_account_management/08_conception_se
quence_diagrams/profile_update_backend_conception_sequence.png Graphic file (ty
pe png)
<use sections/chapitre3/img/sprint1_access_account_management/08_conception_seq
uence_diagrams/profile_update_backend_conception_sequence.png>
Package pdftex.def Info: sections/chapitre3/img/sprint1_access_account_manageme
nt/08_conception_sequence_diagrams/profile_update_backend_conception_sequence.p
ng  used on input line 620.
(pdftex.def)             Requested size: 455.2345pt x 562.23349pt.
 [52 <./sections/chapitre3/img/sprint1_access_account_management/08_conception_
sequence_diagrams/profile_update_frontend_conception_sequence.png>]
<sections/chapitre3/img/sprint1_access_account_management/08_conception_sequenc
e_diagrams/authenticated_password_change_frontend_conception_sequence.png, id=7
03, 1610.015pt x 2465.21pt>
File: sections/chapitre3/img/sprint1_access_account_management/08_conception_se
quence_diagrams/authenticated_password_change_frontend_conception_sequence.png 
Graphic file (type png)
<use sections/chapitre3/img/sprint1_access_account_management/08_conception_seq
uence_diagrams/authenticated_password_change_frontend_conception_sequence.png>
Package pdftex.def Info: sections/chapitre3/img/sprint1_access_account_manageme
nt/08_conception_sequence_diagrams/authenticated_password_change_frontend_conce
ption_sequence.png  used on input line 628.
(pdftex.def)             Requested size: 413.0665pt x 632.47589pt.
 [53 <./sections/chapitre3/img/sprint1_access_account_management/08_conception_
sequence_diagrams/profile_update_backend_conception_sequence.png>]
<sections/chapitre3/img/sprint1_access_account_management/08_conception_sequenc
e_diagrams/authenticated_password_change_backend_conception_sequence.png, id=71
0, 2131.965pt x 2427.0675pt>
File: sections/chapitre3/img/sprint1_access_account_management/08_conception_se
quence_diagrams/authenticated_password_change_backend_conception_sequence.png G
raphic file (type png)
<use sections/chapitre3/img/sprint1_access_account_management/08_conception_seq
uence_diagrams/authenticated_password_change_backend_conception_sequence.png>
Package pdftex.def Info: sections/chapitre3/img/sprint1_access_account_manageme
nt/08_conception_sequence_diagrams/authenticated_password_change_backend_concep
tion_sequence.png  used on input line 632.
(pdftex.def)             Requested size: 455.24055pt x 590.3223pt.
 [54 <./sections/chapitre3/img/sprint1_access_account_management/08_conception_
sequence_diagrams/authenticated_password_change_frontend_conception_sequence.pn
g>]
<sections/chapitre3/img/sprint1_access_account_management/08_conception_sequenc
e_diagrams/hr_user_account_setup_frontend_conception_sequence.png, id=717, 1730
.465pt x 1744.5175pt>
File: sections/chapitre3/img/sprint1_access_account_management/08_conception_se
quence_diagrams/hr_user_account_setup_frontend_conception_sequence.png Graphic 
file (type png)
<use sections/chapitre3/img/sprint1_access_account_management/08_conception_seq
uence_diagrams/hr_user_account_setup_frontend_conception_sequence.png>
Package pdftex.def Info: sections/chapitre3/img/sprint1_access_account_manageme
nt/08_conception_sequence_diagrams/hr_user_account_setup_frontend_conception_se
quence.png  used on input line 639.
(pdftex.def)             Requested size: 455.24405pt x 576.27818pt.
 [55 <./sections/chapitre3/img/sprint1_access_account_management/08_conception_
sequence_diagrams/authenticated_password_change_backend_conception_sequence.png
>]
<sections/chapitre3/img/sprint1_access_account_management/08_conception_sequenc
e_diagrams/hr_user_account_setup_backend_conception_sequence.png, id=725, 2041.
6275pt x 1764.5925pt>
File: sections/chapitre3/img/sprint1_access_account_management/08_conception_se
quence_diagrams/hr_user_account_setup_backend_conception_sequence.png Graphic f
ile (type png)
<use sections/chapitre3/img/sprint1_access_account_management/08_conception_seq
uence_diagrams/hr_user_account_setup_backend_conception_sequence.png>
Package pdftex.def Info: sections/chapitre3/img/sprint1_access_account_manageme
nt/08_conception_sequence_diagrams/hr_user_account_setup_backend_conception_seq
uence.png  used on input line 646.
(pdftex.def)             Requested size: 455.23422pt x 576.28603pt.
 [56 <./sections/chapitre3/img/sprint1_access_account_management/08_conception_
sequence_diagrams/hr_user_account_setup_frontend_conception_sequence.png>]
<sections/chapitre3/img/sprint1_access_account_management/08_conception_sequenc
e_diagrams/account_activation_deactivation_frontend_conception_sequence.png, id
=732, 1951.29pt x 2083.785pt>
File: sections/chapitre3/img/sprint1_access_account_management/08_conception_se
quence_diagrams/account_activation_deactivation_frontend_conception_sequence.pn
g Graphic file (type png)
<use sections/chapitre3/img/sprint1_access_account_management/08_conception_seq
uence_diagrams/account_activation_deactivation_frontend_conception_sequence.png
>
Package pdftex.def Info: sections/chapitre3/img/sprint1_access_account_manageme
nt/08_conception_sequence_diagrams/account_activation_deactivation_frontend_con
ception_sequence.png  used on input line 653.
(pdftex.def)             Requested size: 455.2185pt x 576.26994pt.
 [57 <./sections/chapitre3/img/sprint1_access_account_management/08_conception_
sequence_diagrams/hr_user_account_setup_backend_conception_sequence.png>]
<sections/chapitre3/img/sprint1_access_account_management/08_conception_sequenc
e_diagrams/account_activation_deactivation_backend_conception_sequence.png, id=
739, 1953.2975pt x 1762.585pt>
File: sections/chapitre3/img/sprint1_access_account_management/08_conception_se
quence_diagrams/account_activation_deactivation_backend_conception_sequence.png
 Graphic file (type png)
<use sections/chapitre3/img/sprint1_access_account_management/08_conception_seq
uence_diagrams/account_activation_deactivation_backend_conception_sequence.png>

Package pdftex.def Info: sections/chapitre3/img/sprint1_access_account_manageme
nt/08_conception_sequence_diagrams/account_activation_deactivation_backend_conc
eption_sequence.png  used on input line 661.
(pdftex.def)             Requested size: 455.23976pt x 410.79189pt.
 [58 <./sections/chapitre3/img/sprint1_access_account_management/08_conception_
sequence_diagrams/account_activation_deactivation_frontend_conception_sequence.
png>] [59 <./sections/chapitre3/img/sprint1_access_account_management/08_concep
tion_sequence_diagrams/account_activation_deactivation_backend_conception_seque
nce.png>]
<sections/chapitre3/img/sprint1_access_account_management/09_ui_screenshots/sec
ure_login_ui.png, id=752, 1141.866pt x 516.7305pt>
File: sections/chapitre3/img/sprint1_access_account_management/09_ui_screenshot
s/secure_login_ui.png Graphic file (type png)
<use sections/chapitre3/img/sprint1_access_account_management/09_ui_screenshots
/secure_login_ui.png>
Package pdftex.def Info: sections/chapitre3/img/sprint1_access_account_manageme
nt/09_ui_screenshots/secure_login_ui.png  used on input line 674.
(pdftex.def)             Requested size: 432.48051pt x 195.71309pt.
<sections/chapitre3/img/sprint1_access_account_management/09_ui_screenshots/reg
istration_pending_access_ui.png, id=753, 1137.048pt x 507.0945pt>
File: sections/chapitre3/img/sprint1_access_account_management/09_ui_screenshot
s/registration_pending_access_ui.png Graphic file (type png)
<use sections/chapitre3/img/sprint1_access_account_management/09_ui_screenshots
/registration_pending_access_ui.png>
Package pdftex.def Info: sections/chapitre3/img/sprint1_access_account_manageme
nt/09_ui_screenshots/registration_pending_access_ui.png  used on input line 682
.
(pdftex.def)             Requested size: 432.48051pt x 192.87587pt.
<sections/chapitre3/img/sprint1_access_account_management/09_ui_screenshots/pas
sword_reset_ui.png, id=754, 1144.275pt x 523.9575pt>
File: sections/chapitre3/img/sprint1_access_account_management/09_ui_screenshot
s/password_reset_ui.png Graphic file (type png)
<use sections/chapitre3/img/sprint1_access_account_management/09_ui_screenshots
/password_reset_ui.png>
Package pdftex.def Info: sections/chapitre3/img/sprint1_access_account_manageme
nt/09_ui_screenshots/password_reset_ui.png  used on input line 690.
(pdftex.def)             Requested size: 432.48051pt x 198.0266pt.
 [60 <./sections/chapitre3/img/sprint1_access_account_management/09_ui_screensh
ots/secure_login_ui.png> <./sections/chapitre3/img/sprint1_access_account_manag
ement/09_ui_screenshots/registration_pending_access_ui.png> <./sections/chapitr
e3/img/sprint1_access_account_management/09_ui_screenshots/password_reset_ui.pn
g>]
<sections/chapitre3/img/sprint1_access_account_management/09_ui_screenshots/pro
file_update_ui.png, id=765, 1141.866pt x 548.64975pt>
File: sections/chapitre3/img/sprint1_access_account_management/09_ui_screenshot
s/profile_update_ui.png Graphic file (type png)
<use sections/chapitre3/img/sprint1_access_account_management/09_ui_screenshots
/profile_update_ui.png>
Package pdftex.def Info: sections/chapitre3/img/sprint1_access_account_manageme
nt/09_ui_screenshots/profile_update_ui.png  used on input line 698.
(pdftex.def)             Requested size: 355.08984pt x 170.61545pt.
<sections/chapitre3/img/sprint1_access_account_management/09_ui_screenshots/aut
henticated_password_change_ui.png, id=766, 1136.44576pt x 537.207pt>
File: sections/chapitre3/img/sprint1_access_account_management/09_ui_screenshot
s/authenticated_password_change_ui.png Graphic file (type png)
<use sections/chapitre3/img/sprint1_access_account_management/09_ui_screenshots
/authenticated_password_change_ui.png>
Package pdftex.def Info: sections/chapitre3/img/sprint1_access_account_manageme
nt/09_ui_screenshots/authenticated_password_change_ui.png  used on input line 7
07.
(pdftex.def)             Requested size: 355.08984pt x 167.85217pt.
<sections/chapitre3/img/sprint1_access_account_management/09_ui_screenshots/hr_
user_account_setup_ui.png, id=767, 1136.44576pt x 525.162pt>
File: sections/chapitre3/img/sprint1_access_account_management/09_ui_screenshot
s/hr_user_account_setup_ui.png Graphic file (type png)
<use sections/chapitre3/img/sprint1_access_account_management/09_ui_screenshots
/hr_user_account_setup_ui.png>
Package pdftex.def Info: sections/chapitre3/img/sprint1_access_account_manageme
nt/09_ui_screenshots/hr_user_account_setup_ui.png  used on input line 716.
(pdftex.def)             Requested size: 355.08984pt x 164.08868pt.
 [61 <./sections/chapitre3/img/sprint1_access_account_management/09_ui_screensh
ots/profile_update_ui.png> <./sections/chapitre3/img/sprint1_access_account_man
agement/09_ui_screenshots/authenticated_password_change_ui.png> <./sections/cha
pitre3/img/sprint1_access_account_management/09_ui_screenshots/hr_user_account_
setup_ui.png>]
<sections/chapitre3/img/sprint1_access_account_management/09_ui_screenshots/acc
ount_activation_deactivation_ui.png, id=779, 1133.4345pt x 507.0945pt>
File: sections/chapitre3/img/sprint1_access_account_management/09_ui_screenshot
s/account_activation_deactivation_ui.png Graphic file (type png)
<use sections/chapitre3/img/sprint1_access_account_management/09_ui_screenshots
/account_activation_deactivation_ui.png>
Package pdftex.def Info: sections/chapitre3/img/sprint1_access_account_manageme
nt/09_ui_screenshots/account_activation_deactivation_ui.png  used on input line
 725.
(pdftex.def)             Requested size: 355.09674pt x 153.64609pt.
 [62 <./sections/chapitre3/img/sprint1_access_account_management/09_ui_screensh
ots/account_activation_deactivation_ui.png>]
<sections/chapitre3/img/sprint2_leave_management/01_jira/sprint2_jira_journal.p
ng, id=787, 928.06725pt x 364.36125pt>
File: sections/chapitre3/img/sprint2_leave_management/01_jira/sprint2_jira_jour
nal.png Graphic file (type png)
<use sections/chapitre3/img/sprint2_leave_management/01_jira/sprint2_jira_journ
al.png>
Package pdftex.def Info: sections/chapitre3/img/sprint2_leave_management/01_jir
a/sprint2_jira_journal.png  used on input line 796.
(pdftex.def)             Requested size: 432.48051pt x 169.79317pt.

[63

 <./sections/chapitre3/img/sprint2_leave_management/01_jira/sprint2_jira_journa
l.png>] [64]
<sections/chapitre3/img/sprint2_leave_management/02_use_case_diagrams/sprint2_l
eave_management_use_case.png, id=800, 1009.7725pt x 839.135pt>
File: sections/chapitre3/img/sprint2_leave_management/02_use_case_diagrams/spri
nt2_leave_management_use_case.png Graphic file (type png)
<use sections/chapitre3/img/sprint2_leave_management/02_use_case_diagrams/sprin
t2_leave_management_use_case.png>
Package pdftex.def Info: sections/chapitre3/img/sprint2_leave_management/02_use
_case_diagrams/sprint2_leave_management_use_case.png  used on input line 892.
(pdftex.def)             Requested size: 432.48051pt x 359.39975pt.
 [65

 <./sections/chapitre3/img/sprint2_leave_management/02_use_case_diagrams/sprint
2_leave_management_use_case.png>]
<sections/chapitre3/img/sprint2_leave_management/02_use_case_diagrams/employee_
leave_request_management_use_case.png, id=807, 814.04124pt x 483.8075pt>
File: sections/chapitre3/img/sprint2_leave_management/02_use_case_diagrams/empl
oyee_leave_request_management_use_case.png Graphic file (type png)
<use sections/chapitre3/img/sprint2_leave_management/02_use_case_diagrams/emplo
yee_leave_request_management_use_case.png>
Package pdftex.def Info: sections/chapitre3/img/sprint2_leave_management/02_use
_case_diagrams/employee_leave_request_management_use_case.png  used on input li
ne 904.
(pdftex.def)             Requested size: 432.48051pt x 257.03687pt.

Overfull \hbox (12.09485pt too wide) in paragraph at lines 912--913
[]\T1/ptm/m/n/12 These di-a-grams sum-ma-rize the main user-system ex-changes f
or Sprint 2 leave-management
 []

<sections/chapitre3/img/sprint2_leave_management/03_system_sequence_diagrams/ss
d_submit_leave_request.png, id=808, 914.41624pt x 568.1225pt>
File: sections/chapitre3/img/sprint2_leave_management/03_system_sequence_diagra
ms/ssd_submit_leave_request.png Graphic file (type png)
<use sections/chapitre3/img/sprint2_leave_management/03_system_sequence_diagram
s/ssd_submit_leave_request.png>
Package pdftex.def Info: sections/chapitre3/img/sprint2_leave_management/03_sys
tem_sequence_diagrams/ssd_submit_leave_request.png  used on input line 924.
(pdftex.def)             Requested size: 409.71692pt x 254.5518pt.
[66 <./sections/chapitre3/img/sprint2_leave_management/02_use_case_diagrams/emp
loyee_leave_request_management_use_case.png>]
<sections/chapitre3/img/sprint2_leave_management/03_system_sequence_diagrams/ss
d_edit_cancel_pending_leave.png, id=815, 910.40125pt x 667.49374pt>
File: sections/chapitre3/img/sprint2_leave_management/03_system_sequence_diagra
ms/ssd_edit_cancel_pending_leave.png Graphic file (type png)
<use sections/chapitre3/img/sprint2_leave_management/03_system_sequence_diagram
s/ssd_edit_cancel_pending_leave.png>
Package pdftex.def Info: sections/chapitre3/img/sprint2_leave_management/03_sys
tem_sequence_diagrams/ssd_edit_cancel_pending_leave.png  used on input line 935
.
(pdftex.def)             Requested size: 409.71692pt x 300.39996pt.
 [67 <./sections/chapitre3/img/sprint2_leave_management/03_system_sequence_diag
rams/ssd_submit_leave_request.png> <./sections/chapitre3/img/sprint2_leave_mana
gement/03_system_sequence_diagrams/ssd_edit_cancel_pending_leave.png>]
<sections/chapitre3/img/sprint2_leave_management/02_use_case_diagrams/leave_app
roval_workflow_use_case.png, id=825, 743.77875pt x 512.91624pt>
File: sections/chapitre3/img/sprint2_leave_management/02_use_case_diagrams/leav
e_approval_workflow_use_case.png Graphic file (type png)
<use sections/chapitre3/img/sprint2_leave_management/02_use_case_diagrams/leave
_approval_workflow_use_case.png>
Package pdftex.def Info: sections/chapitre3/img/sprint2_leave_management/02_use
_case_diagrams/leave_approval_workflow_use_case.png  used on input line 945.
(pdftex.def)             Requested size: 432.48051pt x 298.2508pt.
<sections/chapitre3/img/sprint2_leave_management/03_system_sequence_diagrams/ss
d_team_leader_leave_decision.png, id=826, 920.43875pt x 679.53876pt>
File: sections/chapitre3/img/sprint2_leave_management/03_system_sequence_diagra
ms/ssd_team_leader_leave_decision.png Graphic file (type png)
<use sections/chapitre3/img/sprint2_leave_management/03_system_sequence_diagram
s/ssd_team_leader_leave_decision.png>
Package pdftex.def Info: sections/chapitre3/img/sprint2_leave_management/03_sys
tem_sequence_diagrams/ssd_team_leader_leave_decision.png  used on input line 95
6.
(pdftex.def)             Requested size: 409.71692pt x 302.49231pt.
 [68 <./sections/chapitre3/img/sprint2_leave_management/02_use_case_diagrams/le
ave_approval_workflow_use_case.png>]
<sections/chapitre3/img/sprint2_leave_management/03_system_sequence_diagrams/ss
d_hr_final_leave_decision.png, id=833, 919.435pt x 640.3925pt>
File: sections/chapitre3/img/sprint2_leave_management/03_system_sequence_diagra
ms/ssd_hr_final_leave_decision.png Graphic file (type png)
<use sections/chapitre3/img/sprint2_leave_management/03_system_sequence_diagram
s/ssd_hr_final_leave_decision.png>
Package pdftex.def Info: sections/chapitre3/img/sprint2_leave_management/03_sys
tem_sequence_diagrams/ssd_hr_final_leave_decision.png  used on input line 967.
(pdftex.def)             Requested size: 409.71692pt x 285.3695pt.

[69 <./sections/chapitre3/img/sprint2_leave_management/03_system_sequence_diagr
ams/ssd_team_leader_leave_decision.png>]
<sections/chapitre3/img/sprint2_leave_management/05_domain_model/domain_model_s
print2_leave_management.png, id=840, 1076.02pt x 740.7675pt>
File: sections/chapitre3/img/sprint2_leave_management/05_domain_model/domain_mo
del_sprint2_leave_management.png Graphic file (type png)
<use sections/chapitre3/img/sprint2_leave_management/05_domain_model/domain_mod
el_sprint2_leave_management.png>
Package pdftex.def Info: sections/chapitre3/img/sprint2_leave_management/05_dom
ain_model/domain_model_sprint2_leave_management.png  used on input line 988.
(pdftex.def)             Requested size: 432.48051pt x 297.73724pt.
 [70 <./sections/chapitre3/img/sprint2_leave_management/03_system_sequence_diag
rams/ssd_hr_final_leave_decision.png>]
<sections/chapitre3/img/sprint2_leave_management/06_participant_class_diagrams/
participant_employee_leave_request_management.png, id=847, 1125.20375pt x 483.8
075pt>
File: sections/chapitre3/img/sprint2_leave_management/06_participant_class_diag
rams/participant_employee_leave_request_management.png Graphic file (type png)
<use sections/chapitre3/img/sprint2_leave_management/06_participant_class_diagr
ams/participant_employee_leave_request_management.png>
Package pdftex.def Info: sections/chapitre3/img/sprint2_leave_management/06_par
ticipant_class_diagrams/participant_employee_leave_request_management.png  used
 on input line 1008.
(pdftex.def)             Requested size: 432.48051pt x 185.95271pt.

[71 <./sections/chapitre3/img/sprint2_leave_management/05_domain_model/domain_m
odel_sprint2_leave_management.png>]
<sections/chapitre3/img/sprint2_leave_management/06_participant_class_diagrams/
participant_team_leader_leave_review.png, id=854, 1200.485pt x 503.8825pt>
File: sections/chapitre3/img/sprint2_leave_management/06_participant_class_diag
rams/participant_team_leader_leave_review.png Graphic file (type png)
<use sections/chapitre3/img/sprint2_leave_management/06_participant_class_diagr
ams/participant_team_leader_leave_review.png>
Package pdftex.def Info: sections/chapitre3/img/sprint2_leave_management/06_par
ticipant_class_diagrams/participant_team_leader_leave_review.png  used on input
 line 1018.
(pdftex.def)             Requested size: 432.48051pt x 181.52057pt.
 [72 <./sections/chapitre3/img/sprint2_leave_management/06_participant_class_di
agrams/participant_employee_leave_request_management.png> <./sections/chapitre3
/img/sprint2_leave_management/06_participant_class_diagrams/participant_team_le
ader_leave_review.png>]
<sections/chapitre3/img/sprint2_leave_management/06_participant_class_diagrams/
participant_hr_final_leave_decision.png, id=863, 1210.5225pt x 503.8825pt>
File: sections/chapitre3/img/sprint2_leave_management/06_participant_class_diag
rams/participant_hr_final_leave_decision.png Graphic file (type png)
<use sections/chapitre3/img/sprint2_leave_management/06_participant_class_diagr
ams/participant_hr_final_leave_decision.png>
Package pdftex.def Info: sections/chapitre3/img/sprint2_leave_management/06_par
ticipant_class_diagrams/participant_hr_final_leave_decision.png  used on input 
line 1028.
(pdftex.def)             Requested size: 432.48051pt x 180.0213pt.
<sections/chapitre3/img/sprint2_leave_management/04_state_diagrams/leave_reques
t_lifecycle_state.png, id=864, 874.26625pt x 676.5275pt>
File: sections/chapitre3/img/sprint2_leave_management/04_state_diagrams/leave_r
equest_lifecycle_state.png Graphic file (type png)
<use sections/chapitre3/img/sprint2_leave_management/04_state_diagrams/leave_re
quest_lifecycle_state.png>
Package pdftex.def Info: sections/chapitre3/img/sprint2_leave_management/04_sta
te_diagrams/leave_request_lifecycle_state.png  used on input line 1049.
(pdftex.def)             Requested size: 432.48051pt x 334.66019pt.
 [73 <./sections/chapitre3/img/sprint2_leave_management/06_participant_class_di
agrams/participant_hr_final_leave_decision.png>]
<sections/chapitre3/img/sprint2_leave_management/07_design_class_diagrams/desig
n_leave_request_creation_validation.png, id=872, 1006.76125pt x 675.52374pt>
File: sections/chapitre3/img/sprint2_leave_management/07_design_class_diagrams/
design_leave_request_creation_validation.png Graphic file (type png)
<use sections/chapitre3/img/sprint2_leave_management/07_design_class_diagrams/d
esign_leave_request_creation_validation.png>
Package pdftex.def Info: sections/chapitre3/img/sprint2_leave_management/07_des
ign_class_diagrams/design_leave_request_creation_validation.png  used on input 
line 1069.
(pdftex.def)             Requested size: 432.48051pt x 290.19124pt.
 [74 <./sections/chapitre3/img/sprint2_leave_management/04_state_diagrams/leave
_request_lifecycle_state.png>]
<sections/chapitre3/img/sprint2_leave_management/07_design_class_diagrams/desig
n_team_leader_leave_review.png, id=879, 1388.18625pt x 529.98pt>
File: sections/chapitre3/img/sprint2_leave_management/07_design_class_diagrams/
design_team_leader_leave_review.png Graphic file (type png)
<use sections/chapitre3/img/sprint2_leave_management/07_design_class_diagrams/d
esign_team_leader_leave_review.png>
Package pdftex.def Info: sections/chapitre3/img/sprint2_leave_management/07_des
ign_class_diagrams/design_team_leader_leave_review.png  used on input line 1079
.
(pdftex.def)             Requested size: 432.48051pt x 165.10886pt.
 [75 <./sections/chapitre3/img/sprint2_leave_management/07_design_class_diagram
s/design_leave_request_creation_validation.png> <./sections/chapitre3/img/sprin
t2_leave_management/07_design_class_diagrams/design_team_leader_leave_review.pn
g>]
<sections/chapitre3/img/sprint2_leave_management/07_design_class_diagrams/desig
n_hr_final_leave_decision.png, id=888, 1194.4625pt x 565.11125pt>
File: sections/chapitre3/img/sprint2_leave_management/07_design_class_diagrams/
design_hr_final_leave_decision.png Graphic file (type png)
<use sections/chapitre3/img/sprint2_leave_management/07_design_class_diagrams/d
esign_hr_final_leave_decision.png>
Package pdftex.def Info: sections/chapitre3/img/sprint2_leave_management/07_des
ign_class_diagrams/design_hr_final_leave_decision.png  used on input line 1089.

(pdftex.def)             Requested size: 432.48051pt x 204.6126pt.
<sections/chapitre3/img/sprint2_leave_management/07_design_class_diagrams/desig
n_working_day_holiday_balance_management.png, id=889, 1197.47375pt x 669.50125p
t>
File: sections/chapitre3/img/sprint2_leave_management/07_design_class_diagrams/
design_working_day_holiday_balance_management.png Graphic file (type png)
<use sections/chapitre3/img/sprint2_leave_management/07_design_class_diagrams/d
esign_working_day_holiday_balance_management.png>
Package pdftex.def Info: sections/chapitre3/img/sprint2_leave_management/07_des
ign_class_diagrams/design_working_day_holiday_balance_management.png  used on i
nput line 1099.
(pdftex.def)             Requested size: 432.48051pt x 241.79666pt.
 [76 <./sections/chapitre3/img/sprint2_leave_management/07_design_class_diagram
s/design_hr_final_leave_decision.png> <./sections/chapitre3/img/sprint2_leave_m
anagement/07_design_class_diagrams/design_working_day_holiday_balance_managemen
t.png>]
<sections/chapitre3/img/sprint2_leave_management/08_conception_sequence_diagram
s/csd_submit_leave_request_frontend.png, id=898, 1305.87875pt x 864.22874pt>
File: sections/chapitre3/img/sprint2_leave_management/08_conception_sequence_di
agrams/csd_submit_leave_request_frontend.png Graphic file (type png)
<use sections/chapitre3/img/sprint2_leave_management/08_conception_sequence_dia
grams/csd_submit_leave_request_frontend.png>
Package pdftex.def Info: sections/chapitre3/img/sprint2_leave_management/08_con
ception_sequence_diagrams/csd_submit_leave_request_frontend.png  used on input 
line 1113.
(pdftex.def)             Requested size: 455.23122pt x 562.24313pt.
 [77 <./sections/chapitre3/img/sprint2_leave_management/08_conception_sequence_
diagrams/csd_submit_leave_request_frontend.png>]
<sections/chapitre3/img/sprint2_leave_management/08_conception_sequence_diagram
s/csd_submit_leave_request_backend.png, id=905, 1365.1pt x 679.53876pt>
File: sections/chapitre3/img/sprint2_leave_management/08_conception_sequence_di
agrams/csd_submit_leave_request_backend.png Graphic file (type png)
<use sections/chapitre3/img/sprint2_leave_management/08_conception_sequence_dia
grams/csd_submit_leave_request_backend.png>
Package pdftex.def Info: sections/chapitre3/img/sprint2_leave_management/08_con
ception_sequence_diagrams/csd_submit_leave_request_backend.png  used on input l
ine 1122.
(pdftex.def)             Requested size: 455.23357pt x 562.25432pt.
 [78

 <./sections/chapitre3/img/sprint2_leave_management/08_conception_sequence_diag
rams/csd_submit_leave_request_backend.png>]
<sections/chapitre3/img/sprint2_leave_management/08_conception_sequence_diagram
s/csd_edit_cancel_pending_leave_frontend.png, id=912, 1312.905pt x 991.705pt>
File: sections/chapitre3/img/sprint2_leave_management/08_conception_sequence_di
agrams/csd_edit_cancel_pending_leave_frontend.png Graphic file (type png)
<use sections/chapitre3/img/sprint2_leave_management/08_conception_sequence_dia
grams/csd_edit_cancel_pending_leave_frontend.png>
Package pdftex.def Info: sections/chapitre3/img/sprint2_leave_management/08_con
ception_sequence_diagrams/csd_edit_cancel_pending_leave_frontend.png  used on i
nput line 1131.
(pdftex.def)             Requested size: 455.23651pt x 562.23616pt.
 [79

 <./sections/chapitre3/img/sprint2_leave_management/08_conception_sequence_diag
rams/csd_edit_cancel_pending_leave_frontend.png>]
<sections/chapitre3/img/sprint2_leave_management/08_conception_sequence_diagram
s/csd_edit_cancel_pending_leave_backend.png, id=920, 1467.4825pt x 1001.7425pt>

File: sections/chapitre3/img/sprint2_leave_management/08_conception_sequence_di
agrams/csd_edit_cancel_pending_leave_backend.png Graphic file (type png)
<use sections/chapitre3/img/sprint2_leave_management/08_conception_sequence_dia
grams/csd_edit_cancel_pending_leave_backend.png>
Package pdftex.def Info: sections/chapitre3/img/sprint2_leave_management/08_con
ception_sequence_diagrams/csd_edit_cancel_pending_leave_backend.png  used on in
put line 1140.
(pdftex.def)             Requested size: 455.22836pt x 562.25595pt.
 [80

 <./sections/chapitre3/img/sprint2_leave_management/08_conception_sequence_diag
rams/csd_edit_cancel_pending_leave_backend.png>]
<sections/chapitre3/img/sprint2_leave_management/08_conception_sequence_diagram
s/csd_team_leader_review_frontend.png, id=927, 1317.92375pt x 1008.76875pt>
File: sections/chapitre3/img/sprint2_leave_management/08_conception_sequence_di
agrams/csd_team_leader_review_frontend.png Graphic file (type png)
<use sections/chapitre3/img/sprint2_leave_management/08_conception_sequence_dia
grams/csd_team_leader_review_frontend.png>
Package pdftex.def Info: sections/chapitre3/img/sprint2_leave_management/08_con
ception_sequence_diagrams/csd_team_leader_review_frontend.png  used on input li
ne 1149.
(pdftex.def)             Requested size: 455.24727pt x 562.22835pt.
 [81

 <./sections/chapitre3/img/sprint2_leave_management/08_conception_sequence_diag
rams/csd_team_leader_review_frontend.png>]
<sections/chapitre3/img/sprint2_leave_management/08_conception_sequence_diagram
s/csd_team_leader_review_backend.png, id=934, 1334.9875pt x 971.63pt>
File: sections/chapitre3/img/sprint2_leave_management/08_conception_sequence_di
agrams/csd_team_leader_review_backend.png Graphic file (type png)
<use sections/chapitre3/img/sprint2_leave_management/08_conception_sequence_dia
grams/csd_team_leader_review_backend.png>
Package pdftex.def Info: sections/chapitre3/img/sprint2_leave_management/08_con
ception_sequence_diagrams/csd_team_leader_review_backend.png  used on input lin
e 1158.
(pdftex.def)             Requested size: 455.23419pt x 562.2263pt.

[82

 <./sections/chapitre3/img/sprint2_leave_management/08_conception_sequence_diag
rams/csd_team_leader_review_backend.png>]
<sections/chapitre3/img/sprint2_leave_management/08_conception_sequence_diagram
s/csd_hr_final_review_frontend.png, id=941, 1317.92375pt x 975.645pt>
File: sections/chapitre3/img/sprint2_leave_management/08_conception_sequence_di
agrams/csd_hr_final_review_frontend.png Graphic file (type png)
<use sections/chapitre3/img/sprint2_leave_management/08_conception_sequence_dia
grams/csd_hr_final_review_frontend.png>
Package pdftex.def Info: sections/chapitre3/img/sprint2_leave_management/08_con
ception_sequence_diagrams/csd_hr_final_review_frontend.png  used on input line 
1167.
(pdftex.def)             Requested size: 455.24727pt x 562.22716pt.
 [83

 <./sections/chapitre3/img/sprint2_leave_management/08_conception_sequence_diag
rams/csd_hr_final_review_frontend.png>]
<sections/chapitre3/img/sprint2_leave_management/08_conception_sequence_diagram
s/csd_hr_final_review_backend.png, id=948, 1350.04375pt x 991.705pt>
File: sections/chapitre3/img/sprint2_leave_management/08_conception_sequence_di
agrams/csd_hr_final_review_backend.png Graphic file (type png)
<use sections/chapitre3/img/sprint2_leave_management/08_conception_sequence_dia
grams/csd_hr_final_review_backend.png>
Package pdftex.def Info: sections/chapitre3/img/sprint2_leave_management/08_con
ception_sequence_diagrams/csd_hr_final_review_backend.png  used on input line 1
176.
(pdftex.def)             Requested size: 455.23901pt x 562.23616pt.
 [84

 <./sections/chapitre3/img/sprint2_leave_management/08_conception_sequence_diag
rams/csd_hr_final_review_backend.png>]
<sections/chapitre3/img/sprint2_leave_management/09_ui_screenshots/sprint2_empl
oyee_leave_requests.png, id=955, 1155.1155pt x 546.24075pt>
File: sections/chapitre3/img/sprint2_leave_management/09_ui_screenshots/sprint2
_employee_leave_requests.png Graphic file (type png)
<use sections/chapitre3/img/sprint2_leave_management/09_ui_screenshots/sprint2_
employee_leave_requests.png>
Package pdftex.def Info: sections/chapitre3/img/sprint2_leave_management/09_ui_
screenshots/sprint2_employee_leave_requests.png  used on input line 1196.
(pdftex.def)             Requested size: 432.48051pt x 204.51471pt.
<sections/chapitre3/img/sprint2_leave_management/09_ui_screenshots/sprint2_empl
oyee_leave_details.png, id=956, 1150.89975pt x 534.798pt>
File: sections/chapitre3/img/sprint2_leave_management/09_ui_screenshots/sprint2
_employee_leave_details.png Graphic file (type png)
<use sections/chapitre3/img/sprint2_leave_management/09_ui_screenshots/sprint2_
employee_leave_details.png>
Package pdftex.def Info: sections/chapitre3/img/sprint2_leave_management/09_ui_
screenshots/sprint2_employee_leave_details.png  used on input line 1204.
(pdftex.def)             Requested size: 432.48051pt x 200.96494pt.
 [85

 <./sections/chapitre3/img/sprint2_leave_management/09_ui_screenshots/sprint2_e
mployee_leave_requests.png> <./sections/chapitre3/img/sprint2_leave_management/
09_ui_screenshots/sprint2_employee_leave_details.png>]
<sections/chapitre3/img/sprint2_leave_management/09_ui_screenshots/sprint2_team
_leader_leave_review.png, id=966, 1150.89975pt x 555.87675pt>
File: sections/chapitre3/img/sprint2_leave_management/09_ui_screenshots/sprint2
_team_leader_leave_review.png Graphic file (type png)
<use sections/chapitre3/img/sprint2_leave_management/09_ui_screenshots/sprint2_
team_leader_leave_review.png>
Package pdftex.def Info: sections/chapitre3/img/sprint2_leave_management/09_ui_
screenshots/sprint2_team_leader_leave_review.png  used on input line 1212.
(pdftex.def)             Requested size: 432.48051pt x 208.88585pt.
<sections/chapitre3/img/sprint2_leave_management/09_ui_screenshots/sprint2_hr_f
inal_leave_decision.png, id=967, 1151.502pt x 519.1395pt>
File: sections/chapitre3/img/sprint2_leave_management/09_ui_screenshots/sprint2
_hr_final_leave_decision.png Graphic file (type png)
<use sections/chapitre3/img/sprint2_leave_management/09_ui_screenshots/sprint2_
hr_final_leave_decision.png>
Package pdftex.def Info: sections/chapitre3/img/sprint2_leave_management/09_ui_
screenshots/sprint2_hr_final_leave_decision.png  used on input line 1220.
(pdftex.def)             Requested size: 432.48051pt x 194.97784pt.
<sections/chapitre3/img/sprint2_leave_management/09_ui_screenshots/sprint2_leav
e_calendar.png, id=968, 1145.4795pt x 536.60475pt>
File: sections/chapitre3/img/sprint2_leave_management/09_ui_screenshots/sprint2
_leave_calendar.png Graphic file (type png)
<use sections/chapitre3/img/sprint2_leave_management/09_ui_screenshots/sprint2_
leave_calendar.png>
Package pdftex.def Info: sections/chapitre3/img/sprint2_leave_management/09_ui_
screenshots/sprint2_leave_calendar.png  used on input line 1228.
(pdftex.def)             Requested size: 432.48051pt x 202.59366pt.
 [86 <./sections/chapitre3/img/sprint2_leave_management/09_ui_screenshots/sprin
t2_team_leader_leave_review.png> <./sections/chapitre3/img/sprint2_leave_manage
ment/09_ui_screenshots/sprint2_hr_final_leave_decision.png>] [87 <./sections/ch
apitre3/img/sprint2_leave_management/09_ui_screenshots/sprint2_leave_calendar.p
ng>]) [88] (sections/chapitre4/chapitre4.tex
<sections/chapitre4/img/sprint3_administrative_requests/05_domain_model/domain_
model_sprint3_administrative_requests.png, id=988, 1247.66125pt x 1064.97874pt>

File: sections/chapitre4/img/sprint3_administrative_requests/05_domain_model/do
main_model_sprint3_administrative_requests.png Graphic file (type png)
<use sections/chapitre4/img/sprint3_administrative_requests/05_domain_model/dom
ain_model_sprint3_administrative_requests.png>
Package pdftex.def Info: sections/chapitre4/img/sprint3_administrative_requests
/05_domain_model/domain_model_sprint3_administrative_requests.png  used on inpu
t line 19.
(pdftex.def)             Requested size: 509.8691pt x 435.2141pt.

[89


 <./sections/chapitre4/img/sprint3_administrative_requests/05_domain_model/doma
in_model_sprint3_administrative_requests.png>]
! Undefined control sequence.
l.25 \SprintThreeImplementationHeading
                                      {Participant Class Diagrams}
The control sequence at the end of the top line
of your error message was never \def'ed. If you have
misspelled it (e.g., `\hobx'), type `I' and the correct
spelling (e.g., `I\hbox'). Otherwise just continue,
and I'll forget about whatever was undefined.

! Undefined control sequence.
l.37 \SprintThreeScenarioHeading
                                {Participant Class Diagram -- Document Reque...
The control sequence at the end of the top line
of your error message was never \def'ed. If you have
misspelled it (e.g., `\hobx'), type `I' and the correct
spelling (e.g., `I\hbox'). Otherwise just continue,
and I'll forget about whatever was undefined.

<sections/chapitre4/img/sprint3_administrative_requests/06_participant_class_di
agrams/participant_document_request_management.png, id=995, 1127.21124pt x 606.
265pt>
File: sections/chapitre4/img/sprint3_administrative_requests/06_participant_cla
ss_diagrams/participant_document_request_management.png Graphic file (type png)

<use sections/chapitre4/img/sprint3_administrative_requests/06_participant_clas
s_diagrams/participant_document_request_management.png>
Package pdftex.def Info: sections/chapitre4/img/sprint3_administrative_requests
/06_participant_class_diagrams/participant_document_request_management.png  use
d on input line 45.
(pdftex.def)             Requested size: 345.98302pt x 186.08078pt.
! Undefined control sequence.
l.52 \SprintThreeScenarioHeading
                                {Participant Class Diagram -- Loan Request M...
The control sequence at the end of the top line
of your error message was never \def'ed. If you have
misspelled it (e.g., `\hobx'), type `I' and the correct
spelling (e.g., `I\hbox'). Otherwise just continue,
and I'll forget about whatever was undefined.

<sections/chapitre4/img/sprint3_administrative_requests/06_participant_class_di
agrams/participant_loan_request_management.png, id=996, 1468.48625pt x 706.64pt
>
File: sections/chapitre4/img/sprint3_administrative_requests/06_participant_cla
ss_diagrams/participant_loan_request_management.png Graphic file (type png)
<use sections/chapitre4/img/sprint3_administrative_requests/06_participant_clas
s_diagrams/participant_loan_request_management.png>
Package pdftex.def Info: sections/chapitre4/img/sprint3_administrative_requests
/06_participant_class_diagrams/participant_loan_request_management.png  used on
 input line 60.
(pdftex.def)             Requested size: 345.98302pt x 166.48093pt.

! LaTeX Error: \begin{document} ended by \end{center}.

See the LaTeX manual or LaTeX Companion for explanation.
Type  H <return>  for immediate help.
 ...                                              
                                                  
l.64 \end{center}
                 
Your command was ignored.
Type  I <command> <return>  to replace it with another command,
or  <return>  to continue without it.

! Extra \endgroup.
\end  ...end#1\endcsname \@checkend {#1}\endgroup 
                                                  \UseHook {env/#1/after}\if...
l.64 \end{center}
                 
Things are pretty mixed up, but I think the worst is over.

[90

 <./sections/chapitre4/img/sprint3_administrative_requests/06_participant_class
_diagrams/participant_document_request_management.png> <./sections/chapitre4/im
g/sprint3_administrative_requests/06_participant_class_diagrams/participant_loa
n_request_management.png>]
! Undefined control sequence.
l.102 \ChapterFourFigure
                        
The control sequence at the end of the top line
of your error message was never \def'ed. If you have
misspelled it (e.g., `\hobx'), type `I' and the correct
spelling (e.g., `I\hbox'). Otherwise just continue,
and I'll forget about whatever was undefined.

! Missing $ inserted.
<inserted text> 
                $
l.103 {sections/chapitre4/img/other/release2_
                                             organization.png}
I've inserted a begin-math/end-math symbol since I think
you left one out. Proceed, with fingers crossed.

! Extra }, or forgotten $.
l.103 ...tre4/img/other/release2_organization.png}
                                                  
I've deleted a group-closing symbol because it seems to be
spurious, as in `$x}$'. But perhaps the } is legitimate and
you forgot something else, as in `\hbox{$x}'. In such cases
the way to recover is to insert both the forgotten and the
deleted material, e.g., by typing `I$}'.

! Missing $ inserted.
<inserted text> 
                $
l.106 
      
I've inserted a begin-math/end-math symbol since I think
you left one out. Proceed, with fingers crossed.


Overfull \hbox (34.67424pt too wide) in paragraph at lines 103--106
[]\T1/ptm/m/n/12 sections/chapitre4/img/other/release2$[]\OML/ztmcm/m/it/12 rga
nization:png[][]$ 
 []

<sections/chapitre4/img/sprint3_administrative_requests/01_jira/sprint3_jira_jo
urnal.png, id=1005, 916.6245pt x 364.9635pt>
File: sections/chapitre4/img/sprint3_administrative_requests/01_jira/sprint3_ji
ra_journal.png Graphic file (type png)
<use sections/chapitre4/img/sprint3_administrative_requests/01_jira/sprint3_jir
a_journal.png>
Package pdftex.def Info: sections/chapitre4/img/sprint3_administrative_requests
/01_jira/sprint3_jira_journal.png  used on input line 134.
(pdftex.def)             Requested size: 432.48051pt x 172.20113pt.
[91 <./sections/chapitre4/img/sprint3_administrative_requests/01_jira/sprint3_j
ira_journal.png>] [92] [93]
! Undefined control sequence.
l.210 \SprintThreeImplementationHeading
                                       {Requirements Analysis}
The control sequence at the end of the top line
of your error message was never \def'ed. If you have
misspelled it (e.g., `\hobx'), type `I' and the correct
spelling (e.g., `I\hbox'). Otherwise just continue,
and I'll forget about whatever was undefined.

! Undefined control sequence.
l.220 \SprintThreeImplementationHeading
                                       {Business Rules}
The control sequence at the end of the top line
of your error message was never \def'ed. If you have
misspelled it (e.g., `\hobx'), type `I' and the correct
spelling (e.g., `I\hbox'). Otherwise just continue,
and I'll forget about whatever was undefined.

! Undefined control sequence.
l.236 \SprintThreeImplementationHeading
                                       {Use Case Diagrams}
The control sequence at the end of the top line
of your error message was never \def'ed. If you have
misspelled it (e.g., `\hobx'), type `I' and the correct
spelling (e.g., `I\hbox'). Otherwise just continue,
and I'll forget about whatever was undefined.

[94

]
! Undefined control sequence.
l.247 \SprintThreeScenarioHeading
                                 {Use Case Diagram -- Sprint 3 Administrativ...
The control sequence at the end of the top line
of your error message was never \def'ed. If you have
misspelled it (e.g., `\hobx'), type `I' and the correct
spelling (e.g., `I\hbox'). Otherwise just continue,
and I'll forget about whatever was undefined.

! Undefined control sequence.
l.251 \ChapterFourFigureSized
                             
The control sequence at the end of the top line
of your error message was never \def'ed. If you have
misspelled it (e.g., `\hobx'), type `I' and the correct
spelling (e.g., `I\hbox'). Otherwise just continue,
and I'll forget about whatever was undefined.

! Missing $ inserted.
<inserted text> 
                $
l.252 {sections/chapitre4/img/sprint3_
                                      administrative_requests/02_use_case_di...
I've inserted a begin-math/end-math symbol since I think
you left one out. Proceed, with fingers crossed.

! Extra }, or forgotten $.
l.252 ...case_sprint3_administrative_requests.png}
                                                  
I've deleted a group-closing symbol because it seems to be
spurious, as in `$x}$'. But perhaps the } is legitimate and
you forgot something else, as in `\hbox{$x}'. In such cases
the way to recover is to insert both the forgotten and the
deleted material, e.g., by typing `I$}'.

! Missing $ inserted.
<inserted text> 
                $
l.256 
      
I've inserted a begin-math/end-math symbol since I think
you left one out. Proceed, with fingers crossed.


Overfull \hbox (589.82907pt too wide) in paragraph at lines 252--256
[]\T1/ptm/m/n/12 sections/chapitre4/img/sprint3$[]\OML/ztmcm/m/it/12 dministrat
ive[]equests=\OT1/ztmcm/m/n/12 02[]\OML/ztmcm/m/it/12 se[]ase[]iagrams=use[]ase
[]print\OT1/ztmcm/m/n/12 3[]\OML/ztmcm/m/it/12 dministrative[]equests:png[][][]
$ 
 []

! Undefined control sequence.
l.258 \SprintThreeScenarioHeading
                                 {Use Case Diagram -- HR Administrative Requ...
The control sequence at the end of the top line
of your error message was never \def'ed. If you have
misspelled it (e.g., `\hobx'), type `I' and the correct
spelling (e.g., `I\hbox'). Otherwise just continue,
and I'll forget about whatever was undefined.

! Undefined control sequence.
l.262 \ChapterFourFigureSized
                             
The control sequence at the end of the top line
of your error message was never \def'ed. If you have
misspelled it (e.g., `\hobx'), type `I' and the correct
spelling (e.g., `I\hbox'). Otherwise just continue,
and I'll forget about whatever was undefined.

! Missing $ inserted.
<inserted text> 
                $
l.263 {sections/chapitre4/img/sprint3_
                                      administrative_requests/02_use_case_di...
I've inserted a begin-math/end-math symbol since I think
you left one out. Proceed, with fingers crossed.

! Extra }, or forgotten $.
l.263 ...hr_administrative_request_processing.png}
                                                  
I've deleted a group-closing symbol because it seems to be
spurious, as in `$x}$'. But perhaps the } is legitimate and
you forgot something else, as in `\hbox{$x}'. In such cases
the way to recover is to insert both the forgotten and the
deleted material, e.g., by typing `I$}'.

! Missing $ inserted.
<inserted text> 
                $
l.267 
      
I've inserted a begin-math/end-math symbol since I think
you left one out. Proceed, with fingers crossed.


Overfull \hbox (658.86919pt too wide) in paragraph at lines 263--267
[]\T1/ptm/m/n/12 sections/chapitre4/img/sprint3$[]\OML/ztmcm/m/it/12 dministrat
ive[]equests=\OT1/ztmcm/m/n/12 02[]\OML/ztmcm/m/it/12 se[]ase[]iagrams=use[]ase
[]r[]dministrative[]equest[]rocessing:png[][][]$ 
 []

! Undefined control sequence.
l.268 \SprintThreeImplementationHeading
                                       {System Sequence Diagrams}
The control sequence at the end of the top line
of your error message was never \def'ed. If you have
misspelled it (e.g., `\hobx'), type `I' and the correct
spelling (e.g., `I\hbox'). Otherwise just continue,
and I'll forget about whatever was undefined.


Overfull \hbox (4.86989pt too wide) in paragraph at lines 274--275
[]\T1/ptm/m/n/12 These di-a-grams de-scribe the main re-quest sub-mis-sions, HR
 pro-cess-ing steps, and schedul-
 []

! Undefined control sequence.
l.279 \SprintThreeScenarioHeading
                                 {System Sequence Diagram -- Submit Document...
The control sequence at the end of the top line
of your error message was never \def'ed. If you have
misspelled it (e.g., `\hobx'), type `I' and the correct
spelling (e.g., `I\hbox'). Otherwise just continue,
and I'll forget about whatever was undefined.

! Undefined control sequence.
l.283 \ChapterFourFigureSized
                             
The control sequence at the end of the top line
of your error message was never \def'ed. If you have
misspelled it (e.g., `\hobx'), type `I' and the correct
spelling (e.g., `I\hbox'). Otherwise just continue,
and I'll forget about whatever was undefined.

! Missing $ inserted.
<inserted text> 
                $
l.284 {sections/chapitre4/img/sprint3_
                                      administrative_requests/03_system_sequ...
I've inserted a begin-math/end-math symbol since I think
you left one out. Proceed, with fingers crossed.

! Extra }, or forgotten $.
l.284 ...diagrams/ssd_submit_document_request.png}
                                                  
I've deleted a group-closing symbol because it seems to be
spurious, as in `$x}$'. But perhaps the } is legitimate and
you forgot something else, as in `\hbox{$x}'. In such cases
the way to recover is to insert both the forgotten and the
deleted material, e.g., by typing `I$}'.

! Missing $ inserted.
<inserted text> 
                $
l.288 
      
I've inserted a begin-math/end-math symbol since I think
you left one out. Proceed, with fingers crossed.


Overfull \hbox (527.41005pt too wide) in paragraph at lines 284--288
[]\T1/ptm/m/n/12 sections/chapitre4/img/sprint3$[]\OML/ztmcm/m/it/12 dministrat
ive[]equests=\OT1/ztmcm/m/n/12 03[]\OML/ztmcm/m/it/12 ystem[]equence[]iagrams=s
sd[]ubmit[]ocument[]equest:png[][][]$ 
 []

! Undefined control sequence.
l.290 \SprintThreeScenarioHeading
                                 {System Sequence Diagram -- Process Documen...
The control sequence at the end of the top line
of your error message was never \def'ed. If you have
misspelled it (e.g., `\hobx'), type `I' and the correct
spelling (e.g., `I\hbox'). Otherwise just continue,
and I'll forget about whatever was undefined.

! Undefined control sequence.
l.294 \ChapterFourFigureSized
                             
The control sequence at the end of the top line
of your error message was never \def'ed. If you have
misspelled it (e.g., `\hobx'), type `I' and the correct
spelling (e.g., `I\hbox'). Otherwise just continue,
and I'll forget about whatever was undefined.

! Missing $ inserted.
<inserted text> 
                $
l.295 {sections/chapitre4/img/sprint3_
                                      administrative_requests/03_system_sequ...
I've inserted a begin-math/end-math symbol since I think
you left one out. Proceed, with fingers crossed.

! Extra }, or forgotten $.
l.295 ...iagrams/ssd_process_document_request.png}
                                                  
I've deleted a group-closing symbol because it seems to be
spurious, as in `$x}$'. But perhaps the } is legitimate and
you forgot something else, as in `\hbox{$x}'. In such cases
the way to recover is to insert both the forgotten and the
deleted material, e.g., by typing `I$}'.

! Missing $ inserted.
<inserted text> 
                $
l.299 
      
I've inserted a begin-math/end-math symbol since I think
you left one out. Proceed, with fingers crossed.


Overfull \hbox (541.25775pt too wide) in paragraph at lines 295--299
[]\T1/ptm/m/n/12 sections/chapitre4/img/sprint3$[]\OML/ztmcm/m/it/12 dministrat
ive[]equests=\OT1/ztmcm/m/n/12 03[]\OML/ztmcm/m/it/12 ystem[]equence[]iagrams=s
sd[]rocess[]ocument[]equest:png[][][]$ 
 []

! Undefined control sequence.
l.300 \SprintThreeScenarioHeading
                                 {System Sequence Diagram -- Submit Loan Req...
The control sequence at the end of the top line
of your error message was never \def'ed. If you have
misspelled it (e.g., `\hobx'), type `I' and the correct
spelling (e.g., `I\hbox'). Otherwise just continue,
and I'll forget about whatever was undefined.

<sections/chapitre4/img/sprint3_administrative_requests/03_system_sequence_diag
rams/ssd_submit_loan_request.png, id=1031, 985.6825pt x 614.295pt>
File: sections/chapitre4/img/sprint3_administrative_requests/03_system_sequence
_diagrams/ssd_submit_loan_request.png Graphic file (type png)
<use sections/chapitre4/img/sprint3_administrative_requests/03_system_sequence_
diagrams/ssd_submit_loan_request.png>
Package pdftex.def Info: sections/chapitre4/img/sprint3_administrative_requests
/03_system_sequence_diagrams/ssd_submit_loan_request.png  used on input line 31
0.
(pdftex.def)             Requested size: 373.3035pt x 232.64716pt.
! Undefined control sequence.
l.317 \SprintThreeScenarioHeading
                                 {System Sequence Diagram -- Schedule Loan M...
The control sequence at the end of the top line
of your error message was never \def'ed. If you have
misspelled it (e.g., `\hobx'), type `I' and the correct
spelling (e.g., `I\hbox'). Otherwise just continue,
and I'll forget about whatever was undefined.

! Undefined control sequence.
l.321 \ChapterFourFigureSized
                             
The control sequence at the end of the top line
of your error message was never \def'ed. If you have
misspelled it (e.g., `\hobx'), type `I' and the correct
spelling (e.g., `I\hbox'). Otherwise just continue,
and I'll forget about whatever was undefined.

! Missing $ inserted.
<inserted text> 
                $
l.322 {sections/chapitre4/img/sprint3_
                                      administrative_requests/03_system_sequ...
I've inserted a begin-math/end-math symbol since I think
you left one out. Proceed, with fingers crossed.

! Extra }, or forgotten $.
l.322 ...e_diagrams/ssd_schedule_loan_meeting.png}
                                                  
I've deleted a group-closing symbol because it seems to be
spurious, as in `$x}$'. But perhaps the } is legitimate and
you forgot something else, as in `\hbox{$x}'. In such cases
the way to recover is to insert both the forgotten and the
deleted material, e.g., by typing `I$}'.

! Missing $ inserted.
<inserted text> 
                $
l.326 
      
I've inserted a begin-math/end-math symbol since I think
you left one out. Proceed, with fingers crossed.


Overfull \hbox (491.30836pt too wide) in paragraph at lines 322--326
[]\T1/ptm/m/n/12 sections/chapitre4/img/sprint3$[]\OML/ztmcm/m/it/12 dministrat
ive[]equests=\OT1/ztmcm/m/n/12 03[]\OML/ztmcm/m/it/12 ystem[]equence[]iagrams=s
sd[]chedule[]oan[]eeting:png[][][]$ 
 []

! Undefined control sequence.
l.328 \SprintThreeScenarioHeading
                                 {System Sequence Diagram -- Submit Authoriz...
The control sequence at the end of the top line
of your error message was never \def'ed. If you have
misspelled it (e.g., `\hobx'), type `I' and the correct
spelling (e.g., `I\hbox'). Otherwise just continue,
and I'll forget about whatever was undefined.

! Undefined control sequence.
l.332 \ChapterFourFigureSized
                             
The control sequence at the end of the top line
of your error message was never \def'ed. If you have
misspelled it (e.g., `\hobx'), type `I' and the correct
spelling (e.g., `I\hbox'). Otherwise just continue,
and I'll forget about whatever was undefined.

! Missing $ inserted.
<inserted text> 
                $
l.333 {sections/chapitre4/img/sprint3_
                                      administrative_requests/03_system_sequ...
I've inserted a begin-math/end-math symbol since I think
you left one out. Proceed, with fingers crossed.

! Extra }, or forgotten $.
l.333 ...ams/ssd_submit_authorization_request.png}
                                                  
I've deleted a group-closing symbol because it seems to be
spurious, as in `$x}$'. But perhaps the } is legitimate and
you forgot something else, as in `\hbox{$x}'. In such cases
the way to recover is to insert both the forgotten and the
deleted material, e.g., by typing `I$}'.

! Missing $ inserted.
<inserted text> 
                $
l.337 
      
I've inserted a begin-math/end-math symbol since I think
you left one out. Proceed, with fingers crossed.


Overfull \hbox (582.98053pt too wide) in paragraph at lines 333--337
[]\T1/ptm/m/n/12 sections/chapitre4/img/sprint3$[]\OML/ztmcm/m/it/12 dministrat
ive[]equests=\OT1/ztmcm/m/n/12 03[]\OML/ztmcm/m/it/12 ystem[]equence[]iagrams=s
sd[]ubmit[]uthorization[]equest:png[][][]$ 
 []

[95 <./sections/chapitre4/img/sprint3_administrative_requests/03_system_sequenc
e_diagrams/ssd_submit_loan_request.png>]
! Undefined control sequence.
l.339 \SprintThreeScenarioHeading
                                 {System Sequence Diagram -- HR Administrati...
The control sequence at the end of the top line
of your error message was never \def'ed. If you have
misspelled it (e.g., `\hobx'), type `I' and the correct
spelling (e.g., `I\hbox'). Otherwise just continue,
and I'll forget about whatever was undefined.

! Undefined control sequence.
l.343 \ChapterFourFigureSized
                             
The control sequence at the end of the top line
of your error message was never \def'ed. If you have
misspelled it (e.g., `\hobx'), type `I' and the correct
spelling (e.g., `I\hbox'). Otherwise just continue,
and I'll forget about whatever was undefined.

! Missing $ inserted.
<inserted text> 
                $
l.344 {sections/chapitre4/img/sprint3_
                                      administrative_requests/03_system_sequ...
I've inserted a begin-math/end-math symbol since I think
you left one out. Proceed, with fingers crossed.

! Extra }, or forgotten $.
l.344 ...d_hr_administrative_request_decision.png}
                                                  
I've deleted a group-closing symbol because it seems to be
spurious, as in `$x}$'. But perhaps the } is legitimate and
you forgot something else, as in `\hbox{$x}'. In such cases
the way to recover is to insert both the forgotten and the
deleted material, e.g., by typing `I$}'.

! Missing $ inserted.
<inserted text> 
                $
l.348 
      
I've inserted a begin-math/end-math symbol since I think
you left one out. Proceed, with fingers crossed.


Overfull \hbox (658.62477pt too wide) in paragraph at lines 344--348
[]\T1/ptm/m/n/12 sections/chapitre4/img/sprint3$[]\OML/ztmcm/m/it/12 dministrat
ive[]equests=\OT1/ztmcm/m/n/12 03[]\OML/ztmcm/m/it/12 ystem[]equence[]iagrams=s
sd[]r[]dministrative[]equest[]ecision:png[][][]$ 
 []

! Undefined control sequence.
l.349 \SprintThreeImplementationHeading
                                       {Analysis}
The control sequence at the end of the top line
of your error message was never \def'ed. If you have
misspelled it (e.g., `\hobx'), type `I' and the correct
spelling (e.g., `I\hbox'). Otherwise just continue,
and I'll forget about whatever was undefined.

! Undefined control sequence.
l.361 \SprintThreeScenarioHeading
                                 {Domain Model -- Sprint 3 Administrative Re...
The control sequence at the end of the top line
of your error message was never \def'ed. If you have
misspelled it (e.g., `\hobx'), type `I' and the correct
spelling (e.g., `I\hbox'). Otherwise just continue,
and I'll forget about whatever was undefined.

! Undefined control sequence.
l.365 \ChapterFourFigureSized
                             
The control sequence at the end of the top line
of your error message was never \def'ed. If you have
misspelled it (e.g., `\hobx'), type `I' and the correct
spelling (e.g., `I\hbox'). Otherwise just continue,
and I'll forget about whatever was undefined.

! Missing $ inserted.
<inserted text> 
                $
l.366 {sections/chapitre4/img/sprint3_
                                      administrative_requests/05_domain_mode...
I've inserted a begin-math/end-math symbol since I think
you left one out. Proceed, with fingers crossed.

! Extra }, or forgotten $.
l.366 ...odel_sprint3_administrative_requests.png}
                                                  
I've deleted a group-closing symbol because it seems to be
spurious, as in `$x}$'. But perhaps the } is legitimate and
you forgot something else, as in `\hbox{$x}'. In such cases
the way to recover is to insert both the forgotten and the
deleted material, e.g., by typing `I$}'.

! Undefined control sequence.
l.370 \SprintThreeImplementationHeading
                                       {Participant Class Diagrams}
The control sequence at the end of the top line
of your error message was never \def'ed. If you have
misspelled it (e.g., `\hobx'), type `I' and the correct
spelling (e.g., `I\hbox'). Otherwise just continue,
and I'll forget about whatever was undefined.

! Missing $ inserted.
<inserted text> 
                $
l.371 
      
I've inserted a begin-math/end-math symbol since I think
you left one out. Proceed, with fingers crossed.


Overfull \hbox (746.50905pt too wide) in paragraph at lines 366--371
[]\T1/ptm/m/n/12 sections/chapitre4/img/sprint3$[]\OML/ztmcm/m/it/12 dministrat
ive[]equests=\OT1/ztmcm/m/n/12 05[]\OML/ztmcm/m/it/12 omain[]odel=domain[]odel[
]print\OT1/ztmcm/m/n/12 3[]\OML/ztmcm/m/it/12 dministrative[]equests:png[][][][
]$ 
 []

! Undefined control sequence.
l.381 \SprintThreeScenarioHeading
                                 {Participant Class Diagram -- Document Requ...
The control sequence at the end of the top line
of your error message was never \def'ed. If you have
misspelled it (e.g., `\hobx'), type `I' and the correct
spelling (e.g., `I\hbox'). Otherwise just continue,
and I'll forget about whatever was undefined.

! Undefined control sequence.
l.385 \ChapterFourFigureSized
                             
The control sequence at the end of the top line
of your error message was never \def'ed. If you have
misspelled it (e.g., `\hobx'), type `I' and the correct
spelling (e.g., `I\hbox'). Otherwise just continue,
and I'll forget about whatever was undefined.

! Missing $ inserted.
<inserted text> 
                $
l.386 {sections/chapitre4/img/sprint3_
                                      administrative_requests/06_participant...
I've inserted a begin-math/end-math symbol since I think
you left one out. Proceed, with fingers crossed.

! Extra }, or forgotten $.
l.386 ...ticipant_document_request_management.png}
                                                  
I've deleted a group-closing symbol because it seems to be
spurious, as in `$x}$'. But perhaps the } is legitimate and
you forgot something else, as in `\hbox{$x}'. In such cases
the way to recover is to insert both the forgotten and the
deleted material, e.g., by typing `I$}'.

! Missing $ inserted.
<inserted text> 
                $
l.390 
      
I've inserted a begin-math/end-math symbol since I think
you left one out. Proceed, with fingers crossed.


Overfull \hbox (700.17502pt too wide) in paragraph at lines 386--390
[]\T1/ptm/m/n/12 sections/chapitre4/img/sprint3$[]\OML/ztmcm/m/it/12 dministrat
ive[]equests=\OT1/ztmcm/m/n/12 06[]\OML/ztmcm/m/it/12 articipant[]lass[]iagrams
=participant[]ocument[]equest[]anagement:png[][][]$ 
 []

! Undefined control sequence.
l.392 \SprintThreeScenarioHeading
                                 {Participant Class Diagram -- Loan Request ...
The control sequence at the end of the top line
of your error message was never \def'ed. If you have
misspelled it (e.g., `\hobx'), type `I' and the correct
spelling (e.g., `I\hbox'). Otherwise just continue,
and I'll forget about whatever was undefined.

! Undefined control sequence.
l.396 \ChapterFourFigureSized
                             
The control sequence at the end of the top line
of your error message was never \def'ed. If you have
misspelled it (e.g., `\hobx'), type `I' and the correct
spelling (e.g., `I\hbox'). Otherwise just continue,
and I'll forget about whatever was undefined.

! Missing $ inserted.
<inserted text> 
                $
l.397 {sections/chapitre4/img/sprint3_
                                      administrative_requests/06_participant...
I've inserted a begin-math/end-math symbol since I think
you left one out. Proceed, with fingers crossed.

! Extra }, or forgotten $.
l.397 .../participant_loan_request_management.png}
                                                  
I've deleted a group-closing symbol because it seems to be
spurious, as in `$x}$'. But perhaps the } is legitimate and
you forgot something else, as in `\hbox{$x}'. In such cases
the way to recover is to insert both the forgotten and the
deleted material, e.g., by typing `I$}'.

! Missing $ inserted.
<inserted text> 
                $
l.401 
      
I've inserted a begin-math/end-math symbol since I think
you left one out. Proceed, with fingers crossed.


Overfull \hbox (626.32167pt too wide) in paragraph at lines 397--401
[]\T1/ptm/m/n/12 sections/chapitre4/img/sprint3$[]\OML/ztmcm/m/it/12 dministrat
ive[]equests=\OT1/ztmcm/m/n/12 06[]\OML/ztmcm/m/it/12 articipant[]lass[]iagrams
=participant[]oan[]equest[]anagement:png[][][]$ 
 []

! Undefined control sequence.
l.403 \SprintThreeScenarioHeading
                                 {Participant Class Diagram -- Authorization...
The control sequence at the end of the top line
of your error message was never \def'ed. If you have
misspelled it (e.g., `\hobx'), type `I' and the correct
spelling (e.g., `I\hbox'). Otherwise just continue,
and I'll forget about whatever was undefined.

! Undefined control sequence.
l.407 \ChapterFourFigureSized
                             
The control sequence at the end of the top line
of your error message was never \def'ed. If you have
misspelled it (e.g., `\hobx'), type `I' and the correct
spelling (e.g., `I\hbox'). Otherwise just continue,
and I'll forget about whatever was undefined.

! Missing $ inserted.
<inserted text> 
                $
l.408 {sections/chapitre4/img/sprint3_
                                      administrative_requests/06_participant...
I've inserted a begin-math/end-math symbol since I think
you left one out. Proceed, with fingers crossed.

! Extra }, or forgotten $.
l.408 ...ant_authorization_request_management.png}
                                                  
I've deleted a group-closing symbol because it seems to be
spurious, as in `$x}$'. But perhaps the } is legitimate and
you forgot something else, as in `\hbox{$x}'. In such cases
the way to recover is to insert both the forgotten and the
deleted material, e.g., by typing `I$}'.

! Missing $ inserted.
<inserted text> 
                $
l.412 
      
I've inserted a begin-math/end-math symbol since I think
you left one out. Proceed, with fingers crossed.


Overfull \hbox (755.7455pt too wide) in paragraph at lines 408--412
[]\T1/ptm/m/n/12 sections/chapitre4/img/sprint3$[]\OML/ztmcm/m/it/12 dministrat
ive[]equests=\OT1/ztmcm/m/n/12 06[]\OML/ztmcm/m/it/12 articipant[]lass[]iagrams
=participant[]uthorization[]equest[]anagement:png[][][]$ 
 []

! Undefined control sequence.
l.414 \SprintThreeScenarioHeading
                                 {Participant Class Diagram -- HR Request Pr...
The control sequence at the end of the top line
of your error message was never \def'ed. If you have
misspelled it (e.g., `\hobx'), type `I' and the correct
spelling (e.g., `I\hbox'). Otherwise just continue,
and I'll forget about whatever was undefined.

! Undefined control sequence.
l.418 \ChapterFourFigureSized
                             
The control sequence at the end of the top line
of your error message was never \def'ed. If you have
misspelled it (e.g., `\hobx'), type `I' and the correct
spelling (e.g., `I\hbox'). Otherwise just continue,
and I'll forget about whatever was undefined.

! Missing $ inserted.
<inserted text> 
                $
l.419 {sections/chapitre4/img/sprint3_
                                      administrative_requests/06_participant...
I've inserted a begin-math/end-math symbol since I think
you left one out. Proceed, with fingers crossed.

! Extra }, or forgotten $.
l.419 ...ms/participant_hr_request_processing.png}
                                                  
I've deleted a group-closing symbol because it seems to be
spurious, as in `$x}$'. But perhaps the } is legitimate and
you forgot something else, as in `\hbox{$x}'. In such cases
the way to recover is to insert both the forgotten and the
deleted material, e.g., by typing `I$}'.

! Undefined control sequence.
l.423 \SprintThreeImplementationHeading
                                       {State Diagrams}
The control sequence at the end of the top line
of your error message was never \def'ed. If you have
misspelled it (e.g., `\hobx'), type `I' and the correct
spelling (e.g., `I\hbox'). Otherwise just continue,
and I'll forget about whatever was undefined.

! Missing $ inserted.
<inserted text> 
                $
l.424 
      
I've inserted a begin-math/end-math symbol since I think
you left one out. Proceed, with fingers crossed.


Overfull \hbox (640.39656pt too wide) in paragraph at lines 419--424
[]\T1/ptm/m/n/12 sections/chapitre4/img/sprint3$[]\OML/ztmcm/m/it/12 dministrat
ive[]equests=\OT1/ztmcm/m/n/12 06[]\OML/ztmcm/m/it/12 articipant[]lass[]iagrams
=participant[]r[]equest[]rocessing:png[][][][]$ 
 []

[96]
! Undefined control sequence.
l.434 \SprintThreeScenarioHeading
                                 {State Diagram -- Document Request Lifecycle}
The control sequence at the end of the top line
of your error message was never \def'ed. If you have
misspelled it (e.g., `\hobx'), type `I' and the correct
spelling (e.g., `I\hbox'). Otherwise just continue,
and I'll forget about whatever was undefined.

! Undefined control sequence.
l.438 \ChapterFourFigureSized
                             
The control sequence at the end of the top line
of your error message was never \def'ed. If you have
misspelled it (e.g., `\hobx'), type `I' and the correct
spelling (e.g., `I\hbox'). Otherwise just continue,
and I'll forget about whatever was undefined.

! Missing $ inserted.
<inserted text> 
                $
l.439 {sections/chapitre4/img/sprint3_
                                      administrative_requests/04_state_diagr...
I've inserted a begin-math/end-math symbol since I think
you left one out. Proceed, with fingers crossed.

! Extra }, or forgotten $.
l.439 ...ams/state_document_request_lifecycle.png}
                                                  
I've deleted a group-closing symbol because it seems to be
spurious, as in `$x}$'. But perhaps the } is legitimate and
you forgot something else, as in `\hbox{$x}'. In such cases
the way to recover is to insert both the forgotten and the
deleted material, e.g., by typing `I$}'.

! Missing $ inserted.
<inserted text> 
                $
l.443 
      
I've inserted a begin-math/end-math symbol since I think
you left one out. Proceed, with fingers crossed.


Overfull \hbox (476.0312pt too wide) in paragraph at lines 439--443
[]\T1/ptm/m/n/12 sections/chapitre4/img/sprint3$[]\OML/ztmcm/m/it/12 dministrat
ive[]equests=\OT1/ztmcm/m/n/12 04[]\OML/ztmcm/m/it/12 tate[]iagrams=state[]ocum
ent[]equest[]ifecycle:png[][][]$ 
 []

! Undefined control sequence.
l.445 \SprintThreeScenarioHeading
                                 {State Diagram -- Loan Request Lifecycle}
The control sequence at the end of the top line
of your error message was never \def'ed. If you have
misspelled it (e.g., `\hobx'), type `I' and the correct
spelling (e.g., `I\hbox'). Otherwise just continue,
and I'll forget about whatever was undefined.

! Undefined control sequence.
l.449 \ChapterFourFigureSized
                             
The control sequence at the end of the top line
of your error message was never \def'ed. If you have
misspelled it (e.g., `\hobx'), type `I' and the correct
spelling (e.g., `I\hbox'). Otherwise just continue,
and I'll forget about whatever was undefined.

! Missing $ inserted.
<inserted text> 
                $
l.450 {sections/chapitre4/img/sprint3_
                                      administrative_requests/04_state_diagr...
I've inserted a begin-math/end-math symbol since I think
you left one out. Proceed, with fingers crossed.

! Extra }, or forgotten $.
l.450 ...iagrams/state_loan_request_lifecycle.png}
                                                  
I've deleted a group-closing symbol because it seems to be
spurious, as in `$x}$'. But perhaps the } is legitimate and
you forgot something else, as in `\hbox{$x}'. In such cases
the way to recover is to insert both the forgotten and the
deleted material, e.g., by typing `I$}'.

! Missing $ inserted.
<inserted text> 
                $
l.454 
      
I've inserted a begin-math/end-math symbol since I think
you left one out. Proceed, with fingers crossed.


Overfull \hbox (402.17786pt too wide) in paragraph at lines 450--454
[]\T1/ptm/m/n/12 sections/chapitre4/img/sprint3$[]\OML/ztmcm/m/it/12 dministrat
ive[]equests=\OT1/ztmcm/m/n/12 04[]\OML/ztmcm/m/it/12 tate[]iagrams=state[]oan[
]equest[]ifecycle:png[][][]$ 
 []

! Undefined control sequence.
l.456 \SprintThreeScenarioHeading
                                 {State Diagram -- Authorization Request Lif...
The control sequence at the end of the top line
of your error message was never \def'ed. If you have
misspelled it (e.g., `\hobx'), type `I' and the correct
spelling (e.g., `I\hbox'). Otherwise just continue,
and I'll forget about whatever was undefined.

! Undefined control sequence.
l.460 \ChapterFourFigureSized
                             
The control sequence at the end of the top line
of your error message was never \def'ed. If you have
misspelled it (e.g., `\hobx'), type `I' and the correct
spelling (e.g., `I\hbox'). Otherwise just continue,
and I'll forget about whatever was undefined.

! Missing $ inserted.
<inserted text> 
                $
l.461 {sections/chapitre4/img/sprint3_
                                      administrative_requests/04_state_diagr...
I've inserted a begin-math/end-math symbol since I think
you left one out. Proceed, with fingers crossed.

! Extra }, or forgotten $.
l.461 ...tate_authorization_request_lifecycle.png}
                                                  
I've deleted a group-closing symbol because it seems to be
spurious, as in `$x}$'. But perhaps the } is legitimate and
you forgot something else, as in `\hbox{$x}'. In such cases
the way to recover is to insert both the forgotten and the
deleted material, e.g., by typing `I$}'.

! Missing $ inserted.
<inserted text> 
                $
l.465 
      
I've inserted a begin-math/end-math symbol since I think
you left one out. Proceed, with fingers crossed.


Overfull \hbox (531.60168pt too wide) in paragraph at lines 461--465
[]\T1/ptm/m/n/12 sections/chapitre4/img/sprint3$[]\OML/ztmcm/m/it/12 dministrat
ive[]equests=\OT1/ztmcm/m/n/12 04[]\OML/ztmcm/m/it/12 tate[]iagrams=state[]utho
rization[]equest[]ifecycle:png[][][]$ 
 []

! Undefined control sequence.
l.466 \SprintThreeImplementationHeading
                                       {Design Class Diagrams}
The control sequence at the end of the top line
of your error message was never \def'ed. If you have
misspelled it (e.g., `\hobx'), type `I' and the correct
spelling (e.g., `I\hbox'). Otherwise just continue,
and I'll forget about whatever was undefined.

! Undefined control sequence.
l.477 \SprintThreeScenarioHeading
                                 {Design Class Diagram -- Document Request F...
The control sequence at the end of the top line
of your error message was never \def'ed. If you have
misspelled it (e.g., `\hobx'), type `I' and the correct
spelling (e.g., `I\hbox'). Otherwise just continue,
and I'll forget about whatever was undefined.

! Undefined control sequence.
l.481 \ChapterFourFigureSized
                             
The control sequence at the end of the top line
of your error message was never \def'ed. If you have
misspelled it (e.g., `\hobx'), type `I' and the correct
spelling (e.g., `I\hbox'). Otherwise just continue,
and I'll forget about whatever was undefined.

! Missing $ inserted.
<inserted text> 
                $
l.482 {sections/chapitre4/img/sprint3_
                                      administrative_requests/07_design_clas...
I've inserted a begin-math/end-math symbol since I think
you left one out. Proceed, with fingers crossed.

! Extra }, or forgotten $.
l.482 ...cument_request_final_file_management.png}
                                                  
I've deleted a group-closing symbol because it seems to be
spurious, as in `$x}$'. But perhaps the } is legitimate and
you forgot something else, as in `\hbox{$x}'. In such cases
the way to recover is to insert both the forgotten and the
deleted material, e.g., by typing `I$}'.

! Missing $ inserted.
<inserted text> 
                $
l.486 
      
I've inserted a begin-math/end-math symbol since I think
you left one out. Proceed, with fingers crossed.


Overfull \hbox (740.01886pt too wide) in paragraph at lines 482--486
[]\T1/ptm/m/n/12 sections/chapitre4/img/sprint3$[]\OML/ztmcm/m/it/12 dministrat
ive[]equests=\OT1/ztmcm/m/n/12 07[]\OML/ztmcm/m/it/12 esign[]lass[]iagrams=desi
gn[]ocument[]equest[]inal[]ile[]anagement:png[][][]$ 
 []

! Undefined control sequence.
l.488 \SprintThreeScenarioHeading
                                 {Design Class Diagram -- Loan Eligibility a...
The control sequence at the end of the top line
of your error message was never \def'ed. If you have
misspelled it (e.g., `\hobx'), type `I' and the correct
spelling (e.g., `I\hbox'). Otherwise just continue,
and I'll forget about whatever was undefined.

! Undefined control sequence.
l.492 \ChapterFourFigureSized
                             
The control sequence at the end of the top line
of your error message was never \def'ed. If you have
misspelled it (e.g., `\hobx'), type `I' and the correct
spelling (e.g., `I\hbox'). Otherwise just continue,
and I'll forget about whatever was undefined.

! Missing $ inserted.
<inserted text> 
                $
l.493 {sections/chapitre4/img/sprint3_
                                      administrative_requests/07_design_clas...
I've inserted a begin-math/end-math symbol since I think
you left one out. Proceed, with fingers crossed.

! Extra }, or forgotten $.
l.493 ...esign_loan_request_review_management.png}
                                                  
I've deleted a group-closing symbol because it seems to be
spurious, as in `$x}$'. But perhaps the } is legitimate and
you forgot something else, as in `\hbox{$x}'. In such cases
the way to recover is to insert both the forgotten and the
deleted material, e.g., by typing `I$}'.

! Missing $ inserted.
<inserted text> 
                $
l.497 
      
I've inserted a begin-math/end-math symbol since I think
you left one out. Proceed, with fingers crossed.


Overfull \hbox (630.07944pt too wide) in paragraph at lines 493--497
[]\T1/ptm/m/n/12 sections/chapitre4/img/sprint3$[]\OML/ztmcm/m/it/12 dministrat
ive[]equests=\OT1/ztmcm/m/n/12 07[]\OML/ztmcm/m/it/12 esign[]lass[]iagrams=desi
gn[]oan[]equest[]eview[]anagement:png[][][]$ 
 []

! Undefined control sequence.
l.499 \SprintThreeScenarioHeading
                                 {Design Class Diagram -- Authorization Requ...
The control sequence at the end of the top line
of your error message was never \def'ed. If you have
misspelled it (e.g., `\hobx'), type `I' and the correct
spelling (e.g., `I\hbox'). Otherwise just continue,
and I'll forget about whatever was undefined.

! Undefined control sequence.
l.503 \ChapterFourFigureSized
                             
The control sequence at the end of the top line
of your error message was never \def'ed. If you have
misspelled it (e.g., `\hobx'), type `I' and the correct
spelling (e.g., `I\hbox'). Otherwise just continue,
and I'll forget about whatever was undefined.

! Missing $ inserted.
<inserted text> 
                $
l.504 {sections/chapitre4/img/sprint3_
                                      administrative_requests/07_design_clas...
I've inserted a begin-math/end-math symbol since I think
you left one out. Proceed, with fingers crossed.

! Extra }, or forgotten $.
l.504 ...ign_authorization_request_management.png}
                                                  
I've deleted a group-closing symbol because it seems to be
spurious, as in `$x}$'. But perhaps the } is legitimate and
you forgot something else, as in `\hbox{$x}'. In such cases
the way to recover is to insert both the forgotten and the
deleted material, e.g., by typing `I$}'.

! Missing $ inserted.
<inserted text> 
                $
l.508 
      
I've inserted a begin-math/end-math symbol since I think
you left one out. Proceed, with fingers crossed.


Overfull \hbox (662.86417pt too wide) in paragraph at lines 504--508
[]\T1/ptm/m/n/12 sections/chapitre4/img/sprint3$[]\OML/ztmcm/m/it/12 dministrat
ive[]equests=\OT1/ztmcm/m/n/12 07[]\OML/ztmcm/m/it/12 esign[]lass[]iagrams=desi
gn[]uthorization[]equest[]anagement:png[][][]$ 
 []

! Undefined control sequence.
l.510 \SprintThreeScenarioHeading
                                 {Design Class Diagram -- Request History an...
The control sequence at the end of the top line
of your error message was never \def'ed. If you have
misspelled it (e.g., `\hobx'), type `I' and the correct
spelling (e.g., `I\hbox'). Otherwise just continue,
and I'll forget about whatever was undefined.

! Undefined control sequence.
l.514 \ChapterFourFigureSized
                             
The control sequence at the end of the top line
of your error message was never \def'ed. If you have
misspelled it (e.g., `\hobx'), type `I' and the correct
spelling (e.g., `I\hbox'). Otherwise just continue,
and I'll forget about whatever was undefined.

! Missing $ inserted.
<inserted text> 
                $
l.515 {sections/chapitre4/img/sprint3_
                                      administrative_requests/07_design_clas...
I've inserted a begin-math/end-math symbol since I think
you left one out. Proceed, with fingers crossed.

! Extra }, or forgotten $.
l.515 ...iagrams/design_hr_request_processing.png}
                                                  
I've deleted a group-closing symbol because it seems to be
spurious, as in `$x}$'. But perhaps the } is legitimate and
you forgot something else, as in `\hbox{$x}'. In such cases
the way to recover is to insert both the forgotten and the
deleted material, e.g., by typing `I$}'.

! Missing $ inserted.
<inserted text> 
                $
l.519 
      
I've inserted a begin-math/end-math symbol since I think
you left one out. Proceed, with fingers crossed.


Overfull \hbox (474.41212pt too wide) in paragraph at lines 515--519
[]\T1/ptm/m/n/12 sections/chapitre4/img/sprint3$[]\OML/ztmcm/m/it/12 dministrat
ive[]equests=\OT1/ztmcm/m/n/12 07[]\OML/ztmcm/m/it/12 esign[]lass[]iagrams=desi
gn[]r[]equest[]rocessing:png[][][]$ 
 []

! Undefined control sequence.
l.520 \SprintThreeImplementationHeading
                                       {Conception Sequence Diagrams}
The control sequence at the end of the top line
of your error message was never \def'ed. If you have
misspelled it (e.g., `\hobx'), type `I' and the correct
spelling (e.g., `I\hbox'). Otherwise just continue,
and I'll forget about whatever was undefined.

[97]
! Undefined control sequence.
l.531 \SprintThreeScenarioHeading
                                 {Conception Sequence Diagram -- Document Re...
The control sequence at the end of the top line
of your error message was never \def'ed. If you have
misspelled it (e.g., `\hobx'), type `I' and the correct
spelling (e.g., `I\hbox'). Otherwise just continue,
and I'll forget about whatever was undefined.

! Undefined control sequence.
l.533 \ChapterFourFigureSized
                             
The control sequence at the end of the top line
of your error message was never \def'ed. If you have
misspelled it (e.g., `\hobx'), type `I' and the correct
spelling (e.g., `I\hbox'). Otherwise just continue,
and I'll forget about whatever was undefined.

! Missing $ inserted.
<inserted text> 
                $
l.534 {sections/chapitre4/img/sprint3_
                                      administrative_requests/08_conception_...
I've inserted a begin-math/end-math symbol since I think
you left one out. Proceed, with fingers crossed.

! Extra }, or forgotten $.
l.534 ...ocument_request_hr_decision_frontend.png}
                                                  
I've deleted a group-closing symbol because it seems to be
spurious, as in `$x}$'. But perhaps the } is legitimate and
you forgot something else, as in `\hbox{$x}'. In such cases
the way to recover is to insert both the forgotten and the
deleted material, e.g., by typing `I$}'.

! Missing $ inserted.
<inserted text> 
                $
l.538 
      
I've inserted a begin-math/end-math symbol since I think
you left one out. Proceed, with fingers crossed.


Overfull \hbox (801.21208pt too wide) in paragraph at lines 534--538
[]\T1/ptm/m/n/12 sections/chapitre4/img/sprint3$[]\OML/ztmcm/m/it/12 dministrat
ive[]equests=\OT1/ztmcm/m/n/12 08[]\OML/ztmcm/m/it/12 onception[]equence[]iagra
ms=csd[]ocument[]equest[]r[]ecision[]rontend:png[][][]$ 
 []

! Undefined control sequence.
l.540 \SprintThreeScenarioHeading
                                 {Conception Sequence Diagram -- Document Re...
The control sequence at the end of the top line
of your error message was never \def'ed. If you have
misspelled it (e.g., `\hobx'), type `I' and the correct
spelling (e.g., `I\hbox'). Otherwise just continue,
and I'll forget about whatever was undefined.

! Undefined control sequence.
l.542 \ChapterFourFigureSized
                             
The control sequence at the end of the top line
of your error message was never \def'ed. If you have
misspelled it (e.g., `\hobx'), type `I' and the correct
spelling (e.g., `I\hbox'). Otherwise just continue,
and I'll forget about whatever was undefined.

! Missing $ inserted.
<inserted text> 
                $
l.543 {sections/chapitre4/img/sprint3_
                                      administrative_requests/08_conception_...
I've inserted a begin-math/end-math symbol since I think
you left one out. Proceed, with fingers crossed.

! Extra }, or forgotten $.
l.543 ...sd_document_request_decision_backend.png}
                                                  
I've deleted a group-closing symbol because it seems to be
spurious, as in `$x}$'. But perhaps the } is legitimate and
you forgot something else, as in `\hbox{$x}'. In such cases
the way to recover is to insert both the forgotten and the
deleted material, e.g., by typing `I$}'.

! Missing $ inserted.
<inserted text> 
                $
l.547 
      
I've inserted a begin-math/end-math symbol since I think
you left one out. Proceed, with fingers crossed.


Overfull \hbox (752.09306pt too wide) in paragraph at lines 543--547
[]\T1/ptm/m/n/12 sections/chapitre4/img/sprint3$[]\OML/ztmcm/m/it/12 dministrat
ive[]equests=\OT1/ztmcm/m/n/12 08[]\OML/ztmcm/m/it/12 onception[]equence[]iagra
ms=csd[]ocument[]equest[]ecision[]ackend:png[][][]$ 
 []

! Undefined control sequence.
l.549 \SprintThreeScenarioHeading
                                 {Conception Sequence Diagram -- Document Re...
The control sequence at the end of the top line
of your error message was never \def'ed. If you have
misspelled it (e.g., `\hobx'), type `I' and the correct
spelling (e.g., `I\hbox'). Otherwise just continue,
and I'll forget about whatever was undefined.

! Undefined control sequence.
l.551 \ChapterFourFigureSized
                             
The control sequence at the end of the top line
of your error message was never \def'ed. If you have
misspelled it (e.g., `\hobx'), type `I' and the correct
spelling (e.g., `I\hbox'). Otherwise just continue,
and I'll forget about whatever was undefined.

! Missing $ inserted.
<inserted text> 
                $
l.552 {sections/chapitre4/img/sprint3_
                                      administrative_requests/08_conception_...
I've inserted a begin-math/end-math symbol since I think
you left one out. Proceed, with fingers crossed.

! Extra }, or forgotten $.
l.552 ...document_request_final_file_frontend.png}
                                                  
I've deleted a group-closing symbol because it seems to be
spurious, as in `$x}$'. But perhaps the } is legitimate and
you forgot something else, as in `\hbox{$x}'. In such cases
the way to recover is to insert both the forgotten and the
deleted material, e.g., by typing `I$}'.

! Missing $ inserted.
<inserted text> 
                $
l.556 
      
I've inserted a begin-math/end-math symbol since I think
you left one out. Proceed, with fingers crossed.


Overfull \hbox (776.1794pt too wide) in paragraph at lines 552--556
[]\T1/ptm/m/n/12 sections/chapitre4/img/sprint3$[]\OML/ztmcm/m/it/12 dministrat
ive[]equests=\OT1/ztmcm/m/n/12 08[]\OML/ztmcm/m/it/12 onception[]equence[]iagra
ms=csd[]ocument[]equest[]inal[]ile[]rontend:png[][][]$ 
 []

! Undefined control sequence.
l.558 \SprintThreeScenarioHeading
                                 {Conception Sequence Diagram -- Document Re...
The control sequence at the end of the top line
of your error message was never \def'ed. If you have
misspelled it (e.g., `\hobx'), type `I' and the correct
spelling (e.g., `I\hbox'). Otherwise just continue,
and I'll forget about whatever was undefined.

! Undefined control sequence.
l.560 \ChapterFourFigureSized
                             
The control sequence at the end of the top line
of your error message was never \def'ed. If you have
misspelled it (e.g., `\hobx'), type `I' and the correct
spelling (e.g., `I\hbox'). Otherwise just continue,
and I'll forget about whatever was undefined.

! Missing $ inserted.
<inserted text> 
                $
l.561 {sections/chapitre4/img/sprint3_
                                      administrative_requests/08_conception_...
I've inserted a begin-math/end-math symbol since I think
you left one out. Proceed, with fingers crossed.

! Extra }, or forgotten $.
l.561 ..._document_request_final_file_backend.png}
                                                  
I've deleted a group-closing symbol because it seems to be
spurious, as in `$x}$'. But perhaps the } is legitimate and
you forgot something else, as in `\hbox{$x}'. In such cases
the way to recover is to insert both the forgotten and the
deleted material, e.g., by typing `I$}'.

! Missing $ inserted.
<inserted text> 
                $
l.565 
      
I've inserted a begin-math/end-math symbol since I think
you left one out. Proceed, with fingers crossed.


Overfull \hbox (763.23201pt too wide) in paragraph at lines 561--565
[]\T1/ptm/m/n/12 sections/chapitre4/img/sprint3$[]\OML/ztmcm/m/it/12 dministrat
ive[]equests=\OT1/ztmcm/m/n/12 08[]\OML/ztmcm/m/it/12 onception[]equence[]iagra
ms=csd[]ocument[]equest[]inal[]ile[]ackend:png[][][]$ 
 []

! Undefined control sequence.
l.567 \SprintThreeScenarioHeading
                                 {Conception Sequence Diagram -- Loan Reques...
The control sequence at the end of the top line
of your error message was never \def'ed. If you have
misspelled it (e.g., `\hobx'), type `I' and the correct
spelling (e.g., `I\hbox'). Otherwise just continue,
and I'll forget about whatever was undefined.

! Undefined control sequence.
l.569 \ChapterFourFigureSized
                             
The control sequence at the end of the top line
of your error message was never \def'ed. If you have
misspelled it (e.g., `\hobx'), type `I' and the correct
spelling (e.g., `I\hbox'). Otherwise just continue,
and I'll forget about whatever was undefined.

! Missing $ inserted.
<inserted text> 
                $
l.570 {sections/chapitre4/img/sprint3_
                                      administrative_requests/08_conception_...
I've inserted a begin-math/end-math symbol since I think
you left one out. Proceed, with fingers crossed.

! Extra }, or forgotten $.
l.570 ...csd_loan_request_submission_frontend.png}
                                                  
I've deleted a group-closing symbol because it seems to be
spurious, as in `$x}$'. But perhaps the } is legitimate and
you forgot something else, as in `\hbox{$x}'. In such cases
the way to recover is to insert both the forgotten and the
deleted material, e.g., by typing `I$}'.

! Missing $ inserted.
<inserted text> 
                $
l.574 
      
I've inserted a begin-math/end-math symbol since I think
you left one out. Proceed, with fingers crossed.


Overfull \hbox (729.71301pt too wide) in paragraph at lines 570--574
[]\T1/ptm/m/n/12 sections/chapitre4/img/sprint3$[]\OML/ztmcm/m/it/12 dministrat
ive[]equests=\OT1/ztmcm/m/n/12 08[]\OML/ztmcm/m/it/12 onception[]equence[]iagra
ms=csd[]oan[]equest[]ubmission[]rontend:png[][][]$ 
 []

! Undefined control sequence.
l.576 \SprintThreeScenarioHeading
                                 {Conception Sequence Diagram -- Loan Reques...
The control sequence at the end of the top line
of your error message was never \def'ed. If you have
misspelled it (e.g., `\hobx'), type `I' and the correct
spelling (e.g., `I\hbox'). Otherwise just continue,
and I'll forget about whatever was undefined.

! Undefined control sequence.
l.578 \ChapterFourFigureSized
                             
The control sequence at the end of the top line
of your error message was never \def'ed. If you have
misspelled it (e.g., `\hobx'), type `I' and the correct
spelling (e.g., `I\hbox'). Otherwise just continue,
and I'll forget about whatever was undefined.

! Missing $ inserted.
<inserted text> 
                $
l.579 {sections/chapitre4/img/sprint3_
                                      administrative_requests/08_conception_...
I've inserted a begin-math/end-math symbol since I think
you left one out. Proceed, with fingers crossed.

! Extra }, or forgotten $.
l.579 .../csd_loan_request_submission_backend.png}
                                                  
I've deleted a group-closing symbol because it seems to be
spurious, as in `$x}$'. But perhaps the } is legitimate and
you forgot something else, as in `\hbox{$x}'. In such cases
the way to recover is to insert both the forgotten and the
deleted material, e.g., by typing `I$}'.

! Missing $ inserted.
<inserted text> 
                $
l.583 
      
I've inserted a begin-math/end-math symbol since I think
you left one out. Proceed, with fingers crossed.


Overfull \hbox (716.76563pt too wide) in paragraph at lines 579--583
[]\T1/ptm/m/n/12 sections/chapitre4/img/sprint3$[]\OML/ztmcm/m/it/12 dministrat
ive[]equests=\OT1/ztmcm/m/n/12 08[]\OML/ztmcm/m/it/12 onception[]equence[]iagra
ms=csd[]oan[]equest[]ubmission[]ackend:png[][][]$ 
 []

! Undefined control sequence.
l.585 \SprintThreeScenarioHeading
                                 {Conception Sequence Diagram -- Loan Reques...
The control sequence at the end of the top line
of your error message was never \def'ed. If you have
misspelled it (e.g., `\hobx'), type `I' and the correct
spelling (e.g., `I\hbox'). Otherwise just continue,
and I'll forget about whatever was undefined.

! Undefined control sequence.
l.587 \ChapterFourFigureSized
                             
The control sequence at the end of the top line
of your error message was never \def'ed. If you have
misspelled it (e.g., `\hobx'), type `I' and the correct
spelling (e.g., `I\hbox'). Otherwise just continue,
and I'll forget about whatever was undefined.

! Missing $ inserted.
<inserted text> 
                $
l.588 {sections/chapitre4/img/sprint3_
                                      administrative_requests/08_conception_...
I've inserted a begin-math/end-math symbol since I think
you left one out. Proceed, with fingers crossed.

! Extra }, or forgotten $.
l.588 ...ms/csd_loan_request_meeting_frontend.png}
                                                  
I've deleted a group-closing symbol because it seems to be
spurious, as in `$x}$'. But perhaps the } is legitimate and
you forgot something else, as in `\hbox{$x}'. In such cases
the way to recover is to insert both the forgotten and the
deleted material, e.g., by typing `I$}'.

! Missing $ inserted.
<inserted text> 
                $
l.592 
      
I've inserted a begin-math/end-math symbol since I think
you left one out. Proceed, with fingers crossed.


Overfull \hbox (738.08261pt too wide) in paragraph at lines 588--592
[]\T1/ptm/m/n/12 sections/chapitre4/img/sprint3$[]\OML/ztmcm/m/it/12 dministrat
ive[]equests=\OT1/ztmcm/m/n/12 08[]\OML/ztmcm/m/it/12 onception[]equence[]iagra
ms=csd[]oan[]equest[]eeting[]rontend:png[][][]$ 
 []

! Undefined control sequence.
l.594 \SprintThreeScenarioHeading
                                 {Conception Sequence Diagram -- Loan Meetin...
The control sequence at the end of the top line
of your error message was never \def'ed. If you have
misspelled it (e.g., `\hobx'), type `I' and the correct
spelling (e.g., `I\hbox'). Otherwise just continue,
and I'll forget about whatever was undefined.

! Undefined control sequence.
l.596 \ChapterFourFigureSized
                             
The control sequence at the end of the top line
of your error message was never \def'ed. If you have
misspelled it (e.g., `\hobx'), type `I' and the correct
spelling (e.g., `I\hbox'). Otherwise just continue,
and I'll forget about whatever was undefined.

! Missing $ inserted.
<inserted text> 
                $
l.597 {sections/chapitre4/img/sprint3_
                                      administrative_requests/08_conception_...
I've inserted a begin-math/end-math symbol since I think
you left one out. Proceed, with fingers crossed.

! Extra }, or forgotten $.
l.597 ...ams/csd_loan_request_meeting_backend.png}
                                                  
I've deleted a group-closing symbol because it seems to be
spurious, as in `$x}$'. But perhaps the } is legitimate and
you forgot something else, as in `\hbox{$x}'. In such cases
the way to recover is to insert both the forgotten and the
deleted material, e.g., by typing `I$}'.

! Missing $ inserted.
<inserted text> 
                $
l.601 
      
I've inserted a begin-math/end-math symbol since I think
you left one out. Proceed, with fingers crossed.


Overfull \hbox (686.62772pt too wide) in paragraph at lines 597--601
[]\T1/ptm/m/n/12 sections/chapitre4/img/sprint3$[]\OML/ztmcm/m/it/12 dministrat
ive[]equests=\OT1/ztmcm/m/n/12 08[]\OML/ztmcm/m/it/12 onception[]equence[]iagra
ms=csd[]oan[]equest[]eeting[]ackend:png[][][]$ 
 []

! Undefined control sequence.
l.603 \SprintThreeScenarioHeading
                                 {Conception Sequence Diagram -- Loan Reques...
The control sequence at the end of the top line
of your error message was never \def'ed. If you have
misspelled it (e.g., `\hobx'), type `I' and the correct
spelling (e.g., `I\hbox'). Otherwise just continue,
and I'll forget about whatever was undefined.

! Undefined control sequence.
l.605 \ChapterFourFigureSized
                             
The control sequence at the end of the top line
of your error message was never \def'ed. If you have
misspelled it (e.g., `\hobx'), type `I' and the correct
spelling (e.g., `I\hbox'). Otherwise just continue,
and I'll forget about whatever was undefined.

! Missing $ inserted.
<inserted text> 
                $
l.606 {sections/chapitre4/img/sprint3_
                                      administrative_requests/08_conception_...
I've inserted a begin-math/end-math symbol since I think
you left one out. Proceed, with fingers crossed.

! Extra }, or forgotten $.
l.606 ...s/csd_loan_request_decision_frontend.png}
                                                  
I've deleted a group-closing symbol because it seems to be
spurious, as in `$x}$'. But perhaps the } is legitimate and
you forgot something else, as in `\hbox{$x}'. In such cases
the way to recover is to insert both the forgotten and the
deleted material, e.g., by typing `I$}'.

! Missing $ inserted.
<inserted text> 
                $
l.610 
      
I've inserted a begin-math/end-math symbol since I think
you left one out. Proceed, with fingers crossed.


Overfull \hbox (691.1871pt too wide) in paragraph at lines 606--610
[]\T1/ptm/m/n/12 sections/chapitre4/img/sprint3$[]\OML/ztmcm/m/it/12 dministrat
ive[]equests=\OT1/ztmcm/m/n/12 08[]\OML/ztmcm/m/it/12 onception[]equence[]iagra
ms=csd[]oan[]equest[]ecision[]rontend:png[][][]$ 
 []

[98]
! Undefined control sequence.
l.612 \SprintThreeScenarioHeading
                                 {Conception Sequence Diagram -- Loan Reques...
The control sequence at the end of the top line
of your error message was never \def'ed. If you have
misspelled it (e.g., `\hobx'), type `I' and the correct
spelling (e.g., `I\hbox'). Otherwise just continue,
and I'll forget about whatever was undefined.

! Undefined control sequence.
l.614 \ChapterFourFigureSized
                             
The control sequence at the end of the top line
of your error message was never \def'ed. If you have
misspelled it (e.g., `\hobx'), type `I' and the correct
spelling (e.g., `I\hbox'). Otherwise just continue,
and I'll forget about whatever was undefined.

! Missing $ inserted.
<inserted text> 
                $
l.615 {sections/chapitre4/img/sprint3_
                                      administrative_requests/08_conception_...
I've inserted a begin-math/end-math symbol since I think
you left one out. Proceed, with fingers crossed.

! Extra }, or forgotten $.
l.615 ...ms/csd_loan_request_decision_backend.png}
                                                  
I've deleted a group-closing symbol because it seems to be
spurious, as in `$x}$'. But perhaps the } is legitimate and
you forgot something else, as in `\hbox{$x}'. In such cases
the way to recover is to insert both the forgotten and the
deleted material, e.g., by typing `I$}'.

! Missing $ inserted.
<inserted text> 
                $
l.619 
      
I've inserted a begin-math/end-math symbol since I think
you left one out. Proceed, with fingers crossed.


Overfull \hbox (678.23972pt too wide) in paragraph at lines 615--619
[]\T1/ptm/m/n/12 sections/chapitre4/img/sprint3$[]\OML/ztmcm/m/it/12 dministrat
ive[]equests=\OT1/ztmcm/m/n/12 08[]\OML/ztmcm/m/it/12 onception[]equence[]iagra
ms=csd[]oan[]equest[]ecision[]ackend:png[][][]$ 
 []

! Undefined control sequence.
l.621 \SprintThreeScenarioHeading
                                 {Conception Sequence Diagram -- Loan Final ...
The control sequence at the end of the top line
of your error message was never \def'ed. If you have
misspelled it (e.g., `\hobx'), type `I' and the correct
spelling (e.g., `I\hbox'). Otherwise just continue,
and I'll forget about whatever was undefined.

! Undefined control sequence.
l.623 \ChapterFourFigureSized
                             
The control sequence at the end of the top line
of your error message was never \def'ed. If you have
misspelled it (e.g., `\hobx'), type `I' and the correct
spelling (e.g., `I\hbox'). Otherwise just continue,
and I'll forget about whatever was undefined.

! Missing $ inserted.
<inserted text> 
                $
l.624 {sections/chapitre4/img/sprint3_
                                      administrative_requests/08_conception_...
I've inserted a begin-math/end-math symbol since I think
you left one out. Proceed, with fingers crossed.

! Extra }, or forgotten $.
l.624 ...csd_loan_request_final_file_frontend.png}
                                                  
I've deleted a group-closing symbol because it seems to be
spurious, as in `$x}$'. But perhaps the } is legitimate and
you forgot something else, as in `\hbox{$x}'. In such cases
the way to recover is to insert both the forgotten and the
deleted material, e.g., by typing `I$}'.

! Missing $ inserted.
<inserted text> 
                $
l.628 
      
I've inserted a begin-math/end-math symbol since I think
you left one out. Proceed, with fingers crossed.


Overfull \hbox (706.02167pt too wide) in paragraph at lines 624--628
[]\T1/ptm/m/n/12 sections/chapitre4/img/sprint3$[]\OML/ztmcm/m/it/12 dministrat
ive[]equests=\OT1/ztmcm/m/n/12 08[]\OML/ztmcm/m/it/12 onception[]equence[]iagra
ms=csd[]oan[]equest[]inal[]ile[]rontend:png[][][]$ 
 []

! Undefined control sequence.
l.630 \SprintThreeScenarioHeading
                                 {Conception Sequence Diagram -- Loan Final ...
The control sequence at the end of the top line
of your error message was never \def'ed. If you have
misspelled it (e.g., `\hobx'), type `I' and the correct
spelling (e.g., `I\hbox'). Otherwise just continue,
and I'll forget about whatever was undefined.

! Undefined control sequence.
l.632 \ChapterFourFigureSized
                             
The control sequence at the end of the top line
of your error message was never \def'ed. If you have
misspelled it (e.g., `\hobx'), type `I' and the correct
spelling (e.g., `I\hbox'). Otherwise just continue,
and I'll forget about whatever was undefined.

! Missing $ inserted.
<inserted text> 
                $
l.633 {sections/chapitre4/img/sprint3_
                                      administrative_requests/08_conception_...
I've inserted a begin-math/end-math symbol since I think
you left one out. Proceed, with fingers crossed.

! Extra }, or forgotten $.
l.633 .../csd_loan_request_final_file_backend.png}
                                                  
I've deleted a group-closing symbol because it seems to be
spurious, as in `$x}$'. But perhaps the } is legitimate and
you forgot something else, as in `\hbox{$x}'. In such cases
the way to recover is to insert both the forgotten and the
deleted material, e.g., by typing `I$}'.

! Missing $ inserted.
<inserted text> 
                $
l.637 
      
I've inserted a begin-math/end-math symbol since I think
you left one out. Proceed, with fingers crossed.


Overfull \hbox (650.87115pt too wide) in paragraph at lines 633--637
[]\T1/ptm/m/n/12 sections/chapitre4/img/sprint3$[]\OML/ztmcm/m/it/12 dministrat
ive[]equests=\OT1/ztmcm/m/n/12 08[]\OML/ztmcm/m/it/12 onception[]equence[]iagra
ms=csd[]oan[]equest[]inal[]ile[]ackend:png[][][]$ 
 []

! Undefined control sequence.
l.639 \SprintThreeScenarioHeading
                                 {Conception Sequence Diagram -- Authorizati...
The control sequence at the end of the top line
of your error message was never \def'ed. If you have
misspelled it (e.g., `\hobx'), type `I' and the correct
spelling (e.g., `I\hbox'). Otherwise just continue,
and I'll forget about whatever was undefined.

! Undefined control sequence.
l.641 \ChapterFourFigureSized
                             
The control sequence at the end of the top line
of your error message was never \def'ed. If you have
misspelled it (e.g., `\hobx'), type `I' and the correct
spelling (e.g., `I\hbox'). Otherwise just continue,
and I'll forget about whatever was undefined.

! Missing $ inserted.
<inserted text> 
                $
l.642 {sections/chapitre4/img/sprint3_
                                      administrative_requests/08_conception_...
I've inserted a begin-math/end-math symbol since I think
you left one out. Proceed, with fingers crossed.

! Extra }, or forgotten $.
l.642 ...rization_request_submission_frontend.png}
                                                  
I've deleted a group-closing symbol because it seems to be
spurious, as in `$x}$'. But perhaps the } is legitimate and
you forgot something else, as in `\hbox{$x}'. In such cases
the way to recover is to insert both the forgotten and the
deleted material, e.g., by typing `I$}'.

! Missing $ inserted.
<inserted text> 
                $
l.646 
      
I've inserted a begin-math/end-math symbol since I think
you left one out. Proceed, with fingers crossed.


Overfull \hbox (859.13684pt too wide) in paragraph at lines 642--646
[]\T1/ptm/m/n/12 sections/chapitre4/img/sprint3$[]\OML/ztmcm/m/it/12 dministrat
ive[]equests=\OT1/ztmcm/m/n/12 08[]\OML/ztmcm/m/it/12 onception[]equence[]iagra
ms=csd[]uthorization[]equest[]ubmission[]rontend:png[][][]$ 
 []

! Undefined control sequence.
l.648 \SprintThreeScenarioHeading
                                 {Conception Sequence Diagram -- Authorizati...
The control sequence at the end of the top line
of your error message was never \def'ed. If you have
misspelled it (e.g., `\hobx'), type `I' and the correct
spelling (e.g., `I\hbox'). Otherwise just continue,
and I'll forget about whatever was undefined.

! Undefined control sequence.
l.650 \ChapterFourFigureSized
                             
The control sequence at the end of the top line
of your error message was never \def'ed. If you have
misspelled it (e.g., `\hobx'), type `I' and the correct
spelling (e.g., `I\hbox'). Otherwise just continue,
and I'll forget about whatever was undefined.

! Missing $ inserted.
<inserted text> 
                $
l.651 {sections/chapitre4/img/sprint3_
                                      administrative_requests/08_conception_...
I've inserted a begin-math/end-math symbol since I think
you left one out. Proceed, with fingers crossed.

! Extra }, or forgotten $.
l.651 ...orization_request_submission_backend.png}
                                                  
I've deleted a group-closing symbol because it seems to be
spurious, as in `$x}$'. But perhaps the } is legitimate and
you forgot something else, as in `\hbox{$x}'. In such cases
the way to recover is to insert both the forgotten and the
deleted material, e.g., by typing `I$}'.

! Missing $ inserted.
<inserted text> 
                $
l.655 
      
I've inserted a begin-math/end-math symbol since I think
you left one out. Proceed, with fingers crossed.


Overfull \hbox (846.18945pt too wide) in paragraph at lines 651--655
[]\T1/ptm/m/n/12 sections/chapitre4/img/sprint3$[]\OML/ztmcm/m/it/12 dministrat
ive[]equests=\OT1/ztmcm/m/n/12 08[]\OML/ztmcm/m/it/12 onception[]equence[]iagra
ms=csd[]uthorization[]equest[]ubmission[]ackend:png[][][]$ 
 []

! Undefined control sequence.
l.657 \SprintThreeScenarioHeading
                                 {Conception Sequence Diagram -- Authorizati...
The control sequence at the end of the top line
of your error message was never \def'ed. If you have
misspelled it (e.g., `\hobx'), type `I' and the correct
spelling (e.g., `I\hbox'). Otherwise just continue,
and I'll forget about whatever was undefined.

! Undefined control sequence.
l.659 \ChapterFourFigureSized
                             
The control sequence at the end of the top line
of your error message was never \def'ed. If you have
misspelled it (e.g., `\hobx'), type `I' and the correct
spelling (e.g., `I\hbox'). Otherwise just continue,
and I'll forget about whatever was undefined.

! Missing $ inserted.
<inserted text> 
                $
l.660 {sections/chapitre4/img/sprint3_
                                      administrative_requests/08_conception_...
I've inserted a begin-math/end-math symbol since I think
you left one out. Proceed, with fingers crossed.

! Extra }, or forgotten $.
l.660 ...horization_request_decision_frontend.png}
                                                  
I've deleted a group-closing symbol because it seems to be
spurious, as in `$x}$'. But perhaps the } is legitimate and
you forgot something else, as in `\hbox{$x}'. In such cases
the way to recover is to insert both the forgotten and the
deleted material, e.g., by typing `I$}'.

! Missing $ inserted.
<inserted text> 
                $
l.664 
      
I've inserted a begin-math/end-math symbol since I think
you left one out. Proceed, with fingers crossed.


Overfull \hbox (820.61093pt too wide) in paragraph at lines 660--664
[]\T1/ptm/m/n/12 sections/chapitre4/img/sprint3$[]\OML/ztmcm/m/it/12 dministrat
ive[]equests=\OT1/ztmcm/m/n/12 08[]\OML/ztmcm/m/it/12 onception[]equence[]iagra
ms=csd[]uthorization[]equest[]ecision[]rontend:png[][][]$ 
 []

! Undefined control sequence.
l.666 \SprintThreeScenarioHeading
                                 {Conception Sequence Diagram -- Authorizati...
The control sequence at the end of the top line
of your error message was never \def'ed. If you have
misspelled it (e.g., `\hobx'), type `I' and the correct
spelling (e.g., `I\hbox'). Otherwise just continue,
and I'll forget about whatever was undefined.

! Undefined control sequence.
l.668 \ChapterFourFigureSized
                             
The control sequence at the end of the top line
of your error message was never \def'ed. If you have
misspelled it (e.g., `\hobx'), type `I' and the correct
spelling (e.g., `I\hbox'). Otherwise just continue,
and I'll forget about whatever was undefined.

! Missing $ inserted.
<inserted text> 
                $
l.669 {sections/chapitre4/img/sprint3_
                                      administrative_requests/08_conception_...
I've inserted a begin-math/end-math symbol since I think
you left one out. Proceed, with fingers crossed.

! Extra }, or forgotten $.
l.669 ...thorization_request_decision_backend.png}
                                                  
I've deleted a group-closing symbol because it seems to be
spurious, as in `$x}$'. But perhaps the } is legitimate and
you forgot something else, as in `\hbox{$x}'. In such cases
the way to recover is to insert both the forgotten and the
deleted material, e.g., by typing `I$}'.

! Missing $ inserted.
<inserted text> 
                $
l.673 
      
I've inserted a begin-math/end-math symbol since I think
you left one out. Proceed, with fingers crossed.


Overfull \hbox (807.66354pt too wide) in paragraph at lines 669--673
[]\T1/ptm/m/n/12 sections/chapitre4/img/sprint3$[]\OML/ztmcm/m/it/12 dministrat
ive[]equests=\OT1/ztmcm/m/n/12 08[]\OML/ztmcm/m/it/12 onception[]equence[]iagra
ms=csd[]uthorization[]equest[]ecision[]ackend:png[][][]$ 
 []

! Undefined control sequence.
l.674 \SprintThreeImplementationHeading
                                       {Realization}
The control sequence at the end of the top line
of your error message was never \def'ed. If you have
misspelled it (e.g., `\hobx'), type `I' and the correct
spelling (e.g., `I\hbox'). Otherwise just continue,
and I'll forget about whatever was undefined.

<sections/chapitre4/img/sprint3_administrative_requests/09_ui_screenshots/ui_em
ployee_documents_page.png, id=1051, 1155.1155pt x 531.1845pt>
File: sections/chapitre4/img/sprint3_administrative_requests/09_ui_screenshots/
ui_employee_documents_page.png Graphic file (type png)
<use sections/chapitre4/img/sprint3_administrative_requests/09_ui_screenshots/u
i_employee_documents_page.png>
Package pdftex.def Info: sections/chapitre4/img/sprint3_administrative_requests
/09_ui_screenshots/ui_employee_documents_page.png  used on input line 687.
(pdftex.def)             Requested size: 432.48051pt x 198.87758pt.
[99

 <./sections/chapitre4/img/sprint3_administrative_requests/09_ui_screenshots/ui
_employee_documents_page.png>]
<sections/chapitre4/img/sprint3_administrative_requests/09_ui_screenshots/ui_em
ployee_loans_page.png, id=1058, 1149.093pt x 533.5935pt>
File: sections/chapitre4/img/sprint3_administrative_requests/09_ui_screenshots/
ui_employee_loans_page.png Graphic file (type png)
<use sections/chapitre4/img/sprint3_administrative_requests/09_ui_screenshots/u
i_employee_loans_page.png>
Package pdftex.def Info: sections/chapitre4/img/sprint3_administrative_requests
/09_ui_screenshots/ui_employee_loans_page.png  used on input line 695.
(pdftex.def)             Requested size: 432.48051pt x 200.82985pt.
<sections/chapitre4/img/sprint3_administrative_requests/09_ui_screenshots/ui_em
ployee_authorizations_page.png, id=1059, 1145.4795pt x 510.10574pt>
File: sections/chapitre4/img/sprint3_administrative_requests/09_ui_screenshots/
ui_employee_authorizations_page.png Graphic file (type png)
<use sections/chapitre4/img/sprint3_administrative_requests/09_ui_screenshots/u
i_employee_authorizations_page.png>
Package pdftex.def Info: sections/chapitre4/img/sprint3_administrative_requests
/09_ui_screenshots/ui_employee_authorizations_page.png  used on input line 703.

(pdftex.def)             Requested size: 432.48051pt x 192.58904pt.
<sections/chapitre4/img/sprint3_administrative_requests/09_ui_screenshots/ui_hr
_requests_page.png, id=1060, 1135.24126pt x 523.9575pt>
File: sections/chapitre4/img/sprint3_administrative_requests/09_ui_screenshots/
ui_hr_requests_page.png Graphic file (type png)
<use sections/chapitre4/img/sprint3_administrative_requests/09_ui_screenshots/u
i_hr_requests_page.png>
Package pdftex.def Info: sections/chapitre4/img/sprint3_administrative_requests
/09_ui_screenshots/ui_hr_requests_page.png  used on input line 711.
(pdftex.def)             Requested size: 432.48051pt x 199.6096pt.
 [100 <./sections/chapitre4/img/sprint3_administrative_requests/09_ui_screensho
ts/ui_employee_loans_page.png> <./sections/chapitre4/img/sprint3_administrative
_requests/09_ui_screenshots/ui_employee_authorizations_page.png>]
<sections/chapitre4/img/sprint3_administrative_requests/09_ui_screenshots/ui_re
quest_detail_history.png, id=1069, 1147.28625pt x 525.76425pt>
File: sections/chapitre4/img/sprint3_administrative_requests/09_ui_screenshots/
ui_request_detail_history.png Graphic file (type png)
<use sections/chapitre4/img/sprint3_administrative_requests/09_ui_screenshots/u
i_request_detail_history.png>
Package pdftex.def Info: sections/chapitre4/img/sprint3_administrative_requests
/09_ui_screenshots/ui_request_detail_history.png  used on input line 719.
(pdftex.def)             Requested size: 432.48051pt x 198.18799pt.
 [101 <./sections/chapitre4/img/sprint3_administrative_requests/09_ui_screensho
ts/ui_hr_requests_page.png> <./sections/chapitre4/img/sprint3_administrative_re
quests/09_ui_screenshots/ui_request_detail_history.png>]
[102]
<sections/chapitre4/img/sprint4_hr_management_calendar/01_jira/sprint4_jira_jou
rnal.png, id=1085, 922.647pt x 368.577pt>
File: sections/chapitre4/img/sprint4_hr_management_calendar/01_jira/sprint4_jir
a_journal.png Graphic file (type png)
<use sections/chapitre4/img/sprint4_hr_management_calendar/01_jira/sprint4_jira
_journal.png>
Package pdftex.def Info: sections/chapitre4/img/sprint4_hr_management_calendar/
01_jira/sprint4_jira_journal.png  used on input line 793.
(pdftex.def)             Requested size: 432.48051pt x 172.77003pt.
 [103

 <./sections/chapitre4/img/sprint4_hr_management_calendar/01_jira/sprint4_jira_
journal.png>] [104]
! Undefined control sequence.
l.876 \SprintFourImplementationHeading
                                      {Requirements Analysis}
The control sequence at the end of the top line
of your error message was never \def'ed. If you have
misspelled it (e.g., `\hobx'), type `I' and the correct
spelling (e.g., `I\hbox'). Otherwise just continue,
and I'll forget about whatever was undefined.

! Undefined control sequence.
l.886 \ChapterFourFigureSized
                             
The control sequence at the end of the top line
of your error message was never \def'ed. If you have
misspelled it (e.g., `\hobx'), type `I' and the correct
spelling (e.g., `I\hbox'). Otherwise just continue,
and I'll forget about whatever was undefined.

! Missing $ inserted.
<inserted text> 
                $
l.887 {sections/chapitre4/img/sprint4_
                                      hr_management_calendar/02_use_case_dia...
I've inserted a begin-math/end-math symbol since I think
you left one out. Proceed, with fingers crossed.

! Extra }, or forgotten $.
l.887 ..._case_sprint4_hr_management_calendar.png}
                                                  
I've deleted a group-closing symbol because it seems to be
spurious, as in `$x}$'. But perhaps the } is legitimate and
you forgot something else, as in `\hbox{$x}'. In such cases
the way to recover is to insert both the forgotten and the
deleted material, e.g., by typing `I$}'.

! Missing $ inserted.
<inserted text> 
                $
l.891 
      
I've inserted a begin-math/end-math symbol since I think
you left one out. Proceed, with fingers crossed.


Overfull \hbox (624.23012pt too wide) in paragraph at lines 887--891
[]\T1/ptm/m/n/12 sections/chapitre4/img/sprint4$[]\OML/ztmcm/m/it/12 r[]anageme
nt[]alendar=\OT1/ztmcm/m/n/12 02[]\OML/ztmcm/m/it/12 se[]ase[]iagrams=use[]ase[
]print\OT1/ztmcm/m/n/12 4[]\OML/ztmcm/m/it/12 r[]anagement[]alendar:png[][][]$ 

 []

! Undefined control sequence.
l.892 \ChapterFourFigureSized
                             
The control sequence at the end of the top line
of your error message was never \def'ed. If you have
misspelled it (e.g., `\hobx'), type `I' and the correct
spelling (e.g., `I\hbox'). Otherwise just continue,
and I'll forget about whatever was undefined.

! Missing $ inserted.
<inserted text> 
                $
l.893 {sections/chapitre4/img/sprint4_
                                      hr_management_calendar/02_use_case_dia...
I've inserted a begin-math/end-math symbol since I think
you left one out. Proceed, with fingers crossed.

! Extra }, or forgotten $.
l.893 ...int4_hr_employee_account_supervision.png}
                                                  
I've deleted a group-closing symbol because it seems to be
spurious, as in `$x}$'. But perhaps the } is legitimate and
you forgot something else, as in `\hbox{$x}'. In such cases
the way to recover is to insert both the forgotten and the
deleted material, e.g., by typing `I$}'.

! Missing $ inserted.
<inserted text> 
                $
l.897 
      
I've inserted a begin-math/end-math symbol since I think
you left one out. Proceed, with fingers crossed.


Overfull \hbox (698.13493pt too wide) in paragraph at lines 893--897
[]\T1/ptm/m/n/12 sections/chapitre4/img/sprint4$[]\OML/ztmcm/m/it/12 r[]anageme
nt[]alendar=\OT1/ztmcm/m/n/12 02[]\OML/ztmcm/m/it/12 se[]ase[]iagrams=use[]ase[
]print\OT1/ztmcm/m/n/12 4[]\OML/ztmcm/m/it/12 r[]mployee[]ccount[]upervision:pn
g[][][]$ 
 []

! Undefined control sequence.
l.898 \ChapterFourFigureSized
                             
The control sequence at the end of the top line
of your error message was never \def'ed. If you have
misspelled it (e.g., `\hobx'), type `I' and the correct
spelling (e.g., `I\hbox'). Otherwise just continue,
and I'll forget about whatever was undefined.

! Missing $ inserted.
<inserted text> 
                $
l.899 {sections/chapitre4/img/sprint4_
                                      hr_management_calendar/02_use_case_dia...
I've inserted a begin-math/end-math symbol since I think
you left one out. Proceed, with fingers crossed.

! Extra }, or forgotten $.
l.899 ...sprint4_organization_team_management.png}
                                                  
I've deleted a group-closing symbol because it seems to be
spurious, as in `$x}$'. But perhaps the } is legitimate and
you forgot something else, as in `\hbox{$x}'. In such cases
the way to recover is to insert both the forgotten and the
deleted material, e.g., by typing `I$}'.

! Missing $ inserted.
<inserted text> 
                $
l.903 
      
I've inserted a begin-math/end-math symbol since I think
you left one out. Proceed, with fingers crossed.


Overfull \hbox (680.2879pt too wide) in paragraph at lines 899--903
[]\T1/ptm/m/n/12 sections/chapitre4/img/sprint4$[]\OML/ztmcm/m/it/12 r[]anageme
nt[]alendar=\OT1/ztmcm/m/n/12 02[]\OML/ztmcm/m/it/12 se[]ase[]iagrams=use[]ase[
]print\OT1/ztmcm/m/n/12 4[]\OML/ztmcm/m/it/12 rganization[]eam[]anagement:png[]
[][]$ 
 []

! Undefined control sequence.
l.904 \ChapterFourFigureSized
                             
The control sequence at the end of the top line
of your error message was never \def'ed. If you have
misspelled it (e.g., `\hobx'), type `I' and the correct
spelling (e.g., `I\hbox'). Otherwise just continue,
and I'll forget about whatever was undefined.

! Missing $ inserted.
<inserted text> 
                $
l.905 {sections/chapitre4/img/sprint4_
                                      hr_management_calendar/02_use_case_dia...
I've inserted a begin-math/end-math symbol since I think
you left one out. Proceed, with fingers crossed.

! Extra }, or forgotten $.
l.905 ...se_case_sprint4_calendar_supervision.png}
                                                  
I've deleted a group-closing symbol because it seems to be
spurious, as in `$x}$'. But perhaps the } is legitimate and
you forgot something else, as in `\hbox{$x}'. In such cases
the way to recover is to insert both the forgotten and the
deleted material, e.g., by typing `I$}'.

! Missing $ inserted.
<inserted text> 
                $
l.909 
      
I've inserted a begin-math/end-math symbol since I think
you left one out. Proceed, with fingers crossed.


Overfull \hbox (521.06808pt too wide) in paragraph at lines 905--909
[]\T1/ptm/m/n/12 sections/chapitre4/img/sprint4$[]\OML/ztmcm/m/it/12 r[]anageme
nt[]alendar=\OT1/ztmcm/m/n/12 02[]\OML/ztmcm/m/it/12 se[]ase[]iagrams=use[]ase[
]print\OT1/ztmcm/m/n/12 4[]\OML/ztmcm/m/it/12 alendar[]upervision:png[][][]$ 
 []

! Undefined control sequence.
l.910 \SprintFourImplementationHeading
                                      {System Sequence Diagrams}
The control sequence at the end of the top line
of your error message was never \def'ed. If you have
misspelled it (e.g., `\hobx'), type `I' and the correct
spelling (e.g., `I\hbox'). Otherwise just continue,
and I'll forget about whatever was undefined.

! Undefined control sequence.
l.920 \ChapterFourFigureSized
                             
The control sequence at the end of the top line
of your error message was never \def'ed. If you have
misspelled it (e.g., `\hobx'), type `I' and the correct
spelling (e.g., `I\hbox'). Otherwise just continue,
and I'll forget about whatever was undefined.

! Missing $ inserted.
<inserted text> 
                $
l.921 {sections/chapitre4/img/sprint4_
                                      hr_management_calendar/03_system_seque...
I've inserted a begin-math/end-math symbol since I think
you left one out. Proceed, with fingers crossed.

! Extra }, or forgotten $.
l.921 ...ams/ssd_sprint4_consult_hr_dashboard.png}
                                                  
I've deleted a group-closing symbol because it seems to be
spurious, as in `$x}$'. But perhaps the } is legitimate and
you forgot something else, as in `\hbox{$x}'. In such cases
the way to recover is to insert both the forgotten and the
deleted material, e.g., by typing `I$}'.

! Missing $ inserted.
<inserted text> 
                $
l.925 
      
I've inserted a begin-math/end-math symbol since I think
you left one out. Proceed, with fingers crossed.


Overfull \hbox (552.25632pt too wide) in paragraph at lines 921--925
[]\T1/ptm/m/n/12 sections/chapitre4/img/sprint4$[]\OML/ztmcm/m/it/12 r[]anageme
nt[]alendar=\OT1/ztmcm/m/n/12 03[]\OML/ztmcm/m/it/12 ystem[]equence[]iagrams=ss
d[]print\OT1/ztmcm/m/n/12 4[]\OML/ztmcm/m/it/12 onsult[]r[]ashboard:png[][][]$ 

 []

! Undefined control sequence.
l.926 \ChapterFourFigureSized
                             
The control sequence at the end of the top line
of your error message was never \def'ed. If you have
misspelled it (e.g., `\hobx'), type `I' and the correct
spelling (e.g., `I\hbox'). Otherwise just continue,
and I'll forget about whatever was undefined.

! Missing $ inserted.
<inserted text> 
                $
l.927 {sections/chapitre4/img/sprint4_
                                      hr_management_calendar/03_system_seque...
I've inserted a begin-math/end-math symbol since I think
you left one out. Proceed, with fingers crossed.

! Extra }, or forgotten $.
l.927 ...d_sprint4_supervise_employee_account.png}
                                                  
I've deleted a group-closing symbol because it seems to be
spurious, as in `$x}$'. But perhaps the } is legitimate and
you forgot something else, as in `\hbox{$x}'. In such cases
the way to recover is to insert both the forgotten and the
deleted material, e.g., by typing `I$}'.

! Missing $ inserted.
<inserted text> 
                $
l.931 
      
I've inserted a begin-math/end-math symbol since I think
you left one out. Proceed, with fingers crossed.


Overfull \hbox (648.81299pt too wide) in paragraph at lines 927--931
[]\T1/ptm/m/n/12 sections/chapitre4/img/sprint4$[]\OML/ztmcm/m/it/12 r[]anageme
nt[]alendar=\OT1/ztmcm/m/n/12 03[]\OML/ztmcm/m/it/12 ystem[]equence[]iagrams=ss
d[]print\OT1/ztmcm/m/n/12 4[]\OML/ztmcm/m/it/12 upervise[]mployee[]ccount:png[]
[][]$ 
 []

! Undefined control sequence.
l.932 \ChapterFourFigureSized
                             
The control sequence at the end of the top line
of your error message was never \def'ed. If you have
misspelled it (e.g., `\hobx'), type `I' and the correct
spelling (e.g., `I\hbox'). Otherwise just continue,
and I'll forget about whatever was undefined.

! Missing $ inserted.
<inserted text> 
                $
l.933 {sections/chapitre4/img/sprint4_
                                      hr_management_calendar/03_system_seque...
I've inserted a begin-math/end-math symbol since I think
you left one out. Proceed, with fingers crossed.

! Extra }, or forgotten $.
l.933 ...4_manage_organization_reference_data.png}
                                                  
I've deleted a group-closing symbol because it seems to be
spurious, as in `$x}$'. But perhaps the } is legitimate and
you forgot something else, as in `\hbox{$x}'. In such cases
the way to recover is to insert both the forgotten and the
deleted material, e.g., by typing `I$}'.

! Missing $ inserted.
<inserted text> 
                $
l.937 
      
I've inserted a begin-math/end-math symbol since I think
you left one out. Proceed, with fingers crossed.


Overfull \hbox (765.13814pt too wide) in paragraph at lines 933--937
[]\T1/ptm/m/n/12 sections/chapitre4/img/sprint4$[]\OML/ztmcm/m/it/12 r[]anageme
nt[]alendar=\OT1/ztmcm/m/n/12 03[]\OML/ztmcm/m/it/12 ystem[]equence[]iagrams=ss
d[]print\OT1/ztmcm/m/n/12 4[]\OML/ztmcm/m/it/12 anage[]rganization[]eference[]a
ta:png[][][]$ 
 []

! Undefined control sequence.
l.938 \ChapterFourFigureSized
                             
The control sequence at the end of the top line
of your error message was never \def'ed. If you have
misspelled it (e.g., `\hobx'), type `I' and the correct
spelling (e.g., `I\hbox'). Otherwise just continue,
and I'll forget about whatever was undefined.

! Missing $ inserted.
<inserted text> 
                $
l.939 {sections/chapitre4/img/sprint4_
                                      hr_management_calendar/03_system_seque...
I've inserted a begin-math/end-math symbol since I think
you left one out. Proceed, with fingers crossed.

! Extra }, or forgotten $.
l.939 ...ms/ssd_sprint4_manage_team_structure.png}
                                                  
I've deleted a group-closing symbol because it seems to be
spurious, as in `$x}$'. But perhaps the } is legitimate and
you forgot something else, as in `\hbox{$x}'. In such cases
the way to recover is to insert both the forgotten and the
deleted material, e.g., by typing `I$}'.

! Missing $ inserted.
<inserted text> 
                $
l.943 
      
I've inserted a begin-math/end-math symbol since I think
you left one out. Proceed, with fingers crossed.


Overfull \hbox (571.58807pt too wide) in paragraph at lines 939--943
[]\T1/ptm/m/n/12 sections/chapitre4/img/sprint4$[]\OML/ztmcm/m/it/12 r[]anageme
nt[]alendar=\OT1/ztmcm/m/n/12 03[]\OML/ztmcm/m/it/12 ystem[]equence[]iagrams=ss
d[]print\OT1/ztmcm/m/n/12 4[]\OML/ztmcm/m/it/12 anage[]eam[]tructure:png[][][]$
 
 []

! Undefined control sequence.
l.944 \ChapterFourFigureSized
                             
The control sequence at the end of the top line
of your error message was never \def'ed. If you have
misspelled it (e.g., `\hobx'), type `I' and the correct
spelling (e.g., `I\hbox'). Otherwise just continue,
and I'll forget about whatever was undefined.

! Missing $ inserted.
<inserted text> 
                $
l.945 {sections/chapitre4/img/sprint4_
                                      hr_management_calendar/03_system_seque...
I've inserted a begin-math/end-math symbol since I think
you left one out. Proceed, with fingers crossed.

! Extra }, or forgotten $.
l.945 ...sd_sprint4_consult_hr_leave_calendar.png}
                                                  
I've deleted a group-closing symbol because it seems to be
spurious, as in `$x}$'. But perhaps the } is legitimate and
you forgot something else, as in `\hbox{$x}'. In such cases
the way to recover is to insert both the forgotten and the
deleted material, e.g., by typing `I$}'.

! Missing $ inserted.
<inserted text> 
                $
l.949 
      
I've inserted a begin-math/end-math symbol since I think
you left one out. Proceed, with fingers crossed.


Overfull \hbox (606.72038pt too wide) in paragraph at lines 945--949
[]\T1/ptm/m/n/12 sections/chapitre4/img/sprint4$[]\OML/ztmcm/m/it/12 r[]anageme
nt[]alendar=\OT1/ztmcm/m/n/12 03[]\OML/ztmcm/m/it/12 ystem[]equence[]iagrams=ss
d[]print\OT1/ztmcm/m/n/12 4[]\OML/ztmcm/m/it/12 onsult[]r[]eave[]alendar:png[][
][]$ 
 []

! Undefined control sequence.
l.950 \ChapterFourFigureSized
                             
The control sequence at the end of the top line
of your error message was never \def'ed. If you have
misspelled it (e.g., `\hobx'), type `I' and the correct
spelling (e.g., `I\hbox'). Otherwise just continue,
and I'll forget about whatever was undefined.

! Missing $ inserted.
<inserted text> 
                $
l.951 {sections/chapitre4/img/sprint4_
                                      hr_management_calendar/03_system_seque...
I've inserted a begin-math/end-math symbol since I think
you left one out. Proceed, with fingers crossed.

! Extra }, or forgotten $.
l.951 ..._sprint4_consult_team_leave_calendar.png}
                                                  
I've deleted a group-closing symbol because it seems to be
spurious, as in `$x}$'. But perhaps the } is legitimate and
you forgot something else, as in `\hbox{$x}'. In such cases
the way to recover is to insert both the forgotten and the
deleted material, e.g., by typing `I$}'.

! Missing $ inserted.
<inserted text> 
                $
l.955 
      
I've inserted a begin-math/end-math symbol since I think
you left one out. Proceed, with fingers crossed.


Overfull \hbox (644.39397pt too wide) in paragraph at lines 951--955
[]\T1/ptm/m/n/12 sections/chapitre4/img/sprint4$[]\OML/ztmcm/m/it/12 r[]anageme
nt[]alendar=\OT1/ztmcm/m/n/12 03[]\OML/ztmcm/m/it/12 ystem[]equence[]iagrams=ss
d[]print\OT1/ztmcm/m/n/12 4[]\OML/ztmcm/m/it/12 onsult[]eam[]eave[]alendar:png[
][][]$ 
 []

! Undefined control sequence.
l.956 \SprintFourImplementationHeading
                                      {Analysis}
The control sequence at the end of the top line
of your error message was never \def'ed. If you have
misspelled it (e.g., `\hobx'), type `I' and the correct
spelling (e.g., `I\hbox'). Otherwise just continue,
and I'll forget about whatever was undefined.

! Undefined control sequence.
l.966 \ChapterFourFigureSized
                             
The control sequence at the end of the top line
of your error message was never \def'ed. If you have
misspelled it (e.g., `\hobx'), type `I' and the correct
spelling (e.g., `I\hbox'). Otherwise just continue,
and I'll forget about whatever was undefined.

! Missing $ inserted.
<inserted text> 
                $
l.967 {sections/chapitre4/img/sprint4_
                                      hr_management_calendar/05_domain_model...
I've inserted a begin-math/end-math symbol since I think
you left one out. Proceed, with fingers crossed.

! Extra }, or forgotten $.
l.967 ...model_sprint4_hr_management_calendar.png}
                                                  
I've deleted a group-closing symbol because it seems to be
spurious, as in `$x}$'. But perhaps the } is legitimate and
you forgot something else, as in `\hbox{$x}'. In such cases
the way to recover is to insert both the forgotten and the
deleted material, e.g., by typing `I$}'.

! Missing $ inserted.
<inserted text> 
                $
l.971 
      
I've inserted a begin-math/end-math symbol since I think
you left one out. Proceed, with fingers crossed.


Overfull \hbox (650.06393pt too wide) in paragraph at lines 967--971
[]\T1/ptm/m/n/12 sections/chapitre4/img/sprint4$[]\OML/ztmcm/m/it/12 r[]anageme
nt[]alendar=\OT1/ztmcm/m/n/12 05[]\OML/ztmcm/m/it/12 omain[]odel=domain[]odel[]
print\OT1/ztmcm/m/n/12 4[]\OML/ztmcm/m/it/12 r[]anagement[]alendar:png[][][]$ 
 []

! Undefined control sequence.
l.972 \SprintFourImplementationHeading
                                      {Participant Class Diagrams}
The control sequence at the end of the top line
of your error message was never \def'ed. If you have
misspelled it (e.g., `\hobx'), type `I' and the correct
spelling (e.g., `I\hbox'). Otherwise just continue,
and I'll forget about whatever was undefined.

! Undefined control sequence.
l.982 \ChapterFourFigureSized
                             
The control sequence at the end of the top line
of your error message was never \def'ed. If you have
misspelled it (e.g., `\hobx'), type `I' and the correct
spelling (e.g., `I\hbox'). Otherwise just continue,
and I'll forget about whatever was undefined.

! Missing $ inserted.
<inserted text> 
                $
l.983 {sections/chapitre4/img/sprint4_
                                      hr_management_calendar/06_participant_...
I've inserted a begin-math/end-math symbol since I think
you left one out. Proceed, with fingers crossed.

! Extra }, or forgotten $.
l.983 ...int4_hr_employee_account_supervision.png}
                                                  
I've deleted a group-closing symbol because it seems to be
spurious, as in `$x}$'. But perhaps the } is legitimate and
you forgot something else, as in `\hbox{$x}'. In such cases
the way to recover is to insert both the forgotten and the
deleted material, e.g., by typing `I$}'.

! Missing $ inserted.
<inserted text> 
                $
l.987 
      
I've inserted a begin-math/end-math symbol since I think
you left one out. Proceed, with fingers crossed.


Overfull \hbox (819.15143pt too wide) in paragraph at lines 983--987
[]\T1/ptm/m/n/12 sections/chapitre4/img/sprint4$[]\OML/ztmcm/m/it/12 r[]anageme
nt[]alendar=\OT1/ztmcm/m/n/12 06[]\OML/ztmcm/m/it/12 articipant[]lass[]iagrams=
participant[]print\OT1/ztmcm/m/n/12 4[]\OML/ztmcm/m/it/12 r[]mployee[]ccount[]u
pervision:png[][][]$ 
 []

! Undefined control sequence.
l.988 \ChapterFourFigureSized
                             
The control sequence at the end of the top line
of your error message was never \def'ed. If you have
misspelled it (e.g., `\hobx'), type `I' and the correct
spelling (e.g., `I\hbox'). Otherwise just continue,
and I'll forget about whatever was undefined.

! Missing $ inserted.
<inserted text> 
                $
l.989 {sections/chapitre4/img/sprint4_
                                      hr_management_calendar/06_participant_...
I've inserted a begin-math/end-math symbol since I think
you left one out. Proceed, with fingers crossed.

! Extra }, or forgotten $.
l.989 ...ganization_reference_data_management.png}
                                                  
I've deleted a group-closing symbol because it seems to be
spurious, as in `$x}$'. But perhaps the } is legitimate and
you forgot something else, as in `\hbox{$x}'. In such cases
the way to recover is to insert both the forgotten and the
deleted material, e.g., by typing `I$}'.

! Missing $ inserted.
<inserted text> 
                $
l.993 
      
I've inserted a begin-math/end-math symbol since I think
you left one out. Proceed, with fingers crossed.


Overfull \hbox (923.82007pt too wide) in paragraph at lines 989--993
[]\T1/ptm/m/n/12 sections/chapitre4/img/sprint4$[]\OML/ztmcm/m/it/12 r[]anageme
nt[]alendar=\OT1/ztmcm/m/n/12 06[]\OML/ztmcm/m/it/12 articipant[]lass[]iagrams=
participant[]print\OT1/ztmcm/m/n/12 4[]\OML/ztmcm/m/it/12 rganization[]eference
[]ata[]anagement:png[][][]$ 
 []

! Undefined control sequence.
l.994 \ChapterFourFigureSized
                             
The control sequence at the end of the top line
of your error message was never \def'ed. If you have
misspelled it (e.g., `\hobx'), type `I' and the correct
spelling (e.g., `I\hbox'). Otherwise just continue,
and I'll forget about whatever was undefined.

! Missing $ inserted.
<inserted text> 
                $
l.995 {sections/chapitre4/img/sprint4_
                                      hr_management_calendar/06_participant_...
I've inserted a begin-math/end-math symbol since I think
you left one out. Proceed, with fingers crossed.

! Extra }, or forgotten $.
l.995 ...nt_sprint4_team_structure_management.png}
                                                  
I've deleted a group-closing symbol because it seems to be
spurious, as in `$x}$'. But perhaps the } is legitimate and
you forgot something else, as in `\hbox{$x}'. In such cases
the way to recover is to insert both the forgotten and the
deleted material, e.g., by typing `I$}'.

! Missing $ inserted.
<inserted text> 
                $
l.999 
      
I've inserted a begin-math/end-math symbol since I think
you left one out. Proceed, with fingers crossed.


Overfull \hbox (730.44989pt too wide) in paragraph at lines 995--999
[]\T1/ptm/m/n/12 sections/chapitre4/img/sprint4$[]\OML/ztmcm/m/it/12 r[]anageme
nt[]alendar=\OT1/ztmcm/m/n/12 06[]\OML/ztmcm/m/it/12 articipant[]lass[]iagrams=
participant[]print\OT1/ztmcm/m/n/12 4[]\OML/ztmcm/m/it/12 eam[]tructure[]anagem
ent:png[][][]$ 
 []

! Undefined control sequence.
l.1000 \ChapterFourFigureSized
                              
The control sequence at the end of the top line
of your error message was never \def'ed. If you have
misspelled it (e.g., `\hobx'), type `I' and the correct
spelling (e.g., `I\hbox'). Otherwise just continue,
and I'll forget about whatever was undefined.

! Missing $ inserted.
<inserted text> 
                $
l.1001 {sections/chapitre4/img/sprint4_
                                       hr_management_calendar/06_participant...
I've inserted a begin-math/end-math symbol since I think
you left one out. Proceed, with fingers crossed.

! Extra }, or forgotten $.
l.1001 ...int4_hr_leave_calendar_consultation.png}
                                                  
I've deleted a group-closing symbol because it seems to be
spurious, as in `$x}$'. But perhaps the } is legitimate and
you forgot something else, as in `\hbox{$x}'. In such cases
the way to recover is to insert both the forgotten and the
deleted material, e.g., by typing `I$}'.

! Missing $ inserted.
<inserted text> 
                $
l.1005 
       
I've inserted a begin-math/end-math symbol since I think
you left one out. Proceed, with fingers crossed.


Overfull \hbox (771.84619pt too wide) in paragraph at lines 1001--1005
[]\T1/ptm/m/n/12 sections/chapitre4/img/sprint4$[]\OML/ztmcm/m/it/12 r[]anageme
nt[]alendar=\OT1/ztmcm/m/n/12 06[]\OML/ztmcm/m/it/12 articipant[]lass[]iagrams=
participant[]print\OT1/ztmcm/m/n/12 4[]\OML/ztmcm/m/it/12 r[]eave[]alendar[]ons
ultation:png[][][]$ 
 []

! Undefined control sequence.
l.1006 \ChapterFourFigureSized
                              
The control sequence at the end of the top line
of your error message was never \def'ed. If you have
misspelled it (e.g., `\hobx'), type `I' and the correct
spelling (e.g., `I\hbox'). Otherwise just continue,
and I'll forget about whatever was undefined.

! Missing $ inserted.
<inserted text> 
                $
l.1007 {sections/chapitre4/img/sprint4_
                                       hr_management_calendar/06_participant...
I've inserted a begin-math/end-math symbol since I think
you left one out. Proceed, with fingers crossed.

! Extra }, or forgotten $.
l.1007 ...t4_team_leave_calendar_consultation.png}
                                                  
I've deleted a group-closing symbol because it seems to be
spurious, as in `$x}$'. But perhaps the } is legitimate and
you forgot something else, as in `\hbox{$x}'. In such cases
the way to recover is to insert both the forgotten and the
deleted material, e.g., by typing `I$}'.

! Missing $ inserted.
<inserted text> 
                $
l.1011 
       
I've inserted a begin-math/end-math symbol since I think
you left one out. Proceed, with fingers crossed.


Overfull \hbox (809.51978pt too wide) in paragraph at lines 1007--1011
[]\T1/ptm/m/n/12 sections/chapitre4/img/sprint4$[]\OML/ztmcm/m/it/12 r[]anageme
nt[]alendar=\OT1/ztmcm/m/n/12 06[]\OML/ztmcm/m/it/12 articipant[]lass[]iagrams=
participant[]print\OT1/ztmcm/m/n/12 4[]\OML/ztmcm/m/it/12 eam[]eave[]alendar[]o
nsultation:png[][][]$ 
 []

! Undefined control sequence.
l.1012 \SprintFourImplementationHeading
                                       {Design Class Diagrams}
The control sequence at the end of the top line
of your error message was never \def'ed. If you have
misspelled it (e.g., `\hobx'), type `I' and the correct
spelling (e.g., `I\hbox'). Otherwise just continue,
and I'll forget about whatever was undefined.

! Undefined control sequence.
l.1022 \ChapterFourFigureSized
                              
The control sequence at the end of the top line
of your error message was never \def'ed. If you have
misspelled it (e.g., `\hobx'), type `I' and the correct
spelling (e.g., `I\hbox'). Otherwise just continue,
and I'll forget about whatever was undefined.

[105

]
! Missing $ inserted.
<inserted text> 
                $
l.1023 {sections/chapitre4/img/sprint4_
                                       hr_management_calendar/07_design_clas...
I've inserted a begin-math/end-math symbol since I think
you left one out. Proceed, with fingers crossed.

! Extra }, or forgotten $.
l.1023 ...s/design_sprint4_hr_user_management.png}
                                                  
I've deleted a group-closing symbol because it seems to be
spurious, as in `$x}$'. But perhaps the } is legitimate and
you forgot something else, as in `\hbox{$x}'. In such cases
the way to recover is to insert both the forgotten and the
deleted material, e.g., by typing `I$}'.

! Missing $ inserted.
<inserted text> 
                $
l.1027 
       
I've inserted a begin-math/end-math symbol since I think
you left one out. Proceed, with fingers crossed.


Overfull \hbox (529.35483pt too wide) in paragraph at lines 1023--1027
[]\T1/ptm/m/n/12 sections/chapitre4/img/sprint4$[]\OML/ztmcm/m/it/12 r[]anageme
nt[]alendar=\OT1/ztmcm/m/n/12 07[]\OML/ztmcm/m/it/12 esign[]lass[]iagrams=desig
n[]print\OT1/ztmcm/m/n/12 4[]\OML/ztmcm/m/it/12 r[]ser[]anagement:png[][][]$ 
 []

! Undefined control sequence.
l.1028 \ChapterFourFigureSized
                              
The control sequence at the end of the top line
of your error message was never \def'ed. If you have
misspelled it (e.g., `\hobx'), type `I' and the correct
spelling (e.g., `I\hbox'). Otherwise just continue,
and I'll forget about whatever was undefined.

! Missing $ inserted.
<inserted text> 
                $
l.1029 {sections/chapitre4/img/sprint4_
                                       hr_management_calendar/07_design_clas...
I've inserted a begin-math/end-math symbol since I think
you left one out. Proceed, with fingers crossed.

! Extra }, or forgotten $.
l.1029 ...esign_sprint4_hr_organization_setup.png}
                                                  
I've deleted a group-closing symbol because it seems to be
spurious, as in `$x}$'. But perhaps the } is legitimate and
you forgot something else, as in `\hbox{$x}'. In such cases
the way to recover is to insert both the forgotten and the
deleted material, e.g., by typing `I$}'.

! Missing $ inserted.
<inserted text> 
                $
l.1033 
       
I've inserted a begin-math/end-math symbol since I think
you left one out. Proceed, with fingers crossed.


Overfull \hbox (548.71591pt too wide) in paragraph at lines 1029--1033
[]\T1/ptm/m/n/12 sections/chapitre4/img/sprint4$[]\OML/ztmcm/m/it/12 r[]anageme
nt[]alendar=\OT1/ztmcm/m/n/12 07[]\OML/ztmcm/m/it/12 esign[]lass[]iagrams=desig
n[]print\OT1/ztmcm/m/n/12 4[]\OML/ztmcm/m/it/12 r[]rganization[]etup:png[][][]$
 
 []

! Undefined control sequence.
l.1034 \ChapterFourFigureSized
                              
The control sequence at the end of the top line
of your error message was never \def'ed. If you have
misspelled it (e.g., `\hobx'), type `I' and the correct
spelling (e.g., `I\hbox'). Otherwise just continue,
and I'll forget about whatever was undefined.

! Missing $ inserted.
<inserted text> 
                $
l.1035 {sections/chapitre4/img/sprint4_
                                       hr_management_calendar/07_design_clas...
I've inserted a begin-math/end-math symbol since I think
you left one out. Proceed, with fingers crossed.

! Extra }, or forgotten $.
l.1035 ...s/design_sprint4_hr_team_management.png}
                                                  
I've deleted a group-closing symbol because it seems to be
spurious, as in `$x}$'. But perhaps the } is legitimate and
you forgot something else, as in `\hbox{$x}'. In such cases
the way to recover is to insert both the forgotten and the
deleted material, e.g., by typing `I$}'.

! Missing $ inserted.
<inserted text> 
                $
l.1039 
       
I've inserted a begin-math/end-math symbol since I think
you left one out. Proceed, with fingers crossed.


Overfull \hbox (540.23305pt too wide) in paragraph at lines 1035--1039
[]\T1/ptm/m/n/12 sections/chapitre4/img/sprint4$[]\OML/ztmcm/m/it/12 r[]anageme
nt[]alendar=\OT1/ztmcm/m/n/12 07[]\OML/ztmcm/m/it/12 esign[]lass[]iagrams=desig
n[]print\OT1/ztmcm/m/n/12 4[]\OML/ztmcm/m/it/12 r[]eam[]anagement:png[][][]$ 
 []

! Undefined control sequence.
l.1040 \ChapterFourFigureSized
                              
The control sequence at the end of the top line
of your error message was never \def'ed. If you have
misspelled it (e.g., `\hobx'), type `I' and the correct
spelling (e.g., `I\hbox'). Otherwise just continue,
and I'll forget about whatever was undefined.

! Missing $ inserted.
<inserted text> 
                $
l.1041 {sections/chapitre4/img/sprint4_
                                       hr_management_calendar/07_design_clas...
I've inserted a begin-math/end-math symbol since I think
you left one out. Proceed, with fingers crossed.

! Extra }, or forgotten $.
l.1041 ...ms/design_sprint4_hr_leave_calendar.png}
                                                  
I've deleted a group-closing symbol because it seems to be
spurious, as in `$x}$'. But perhaps the } is legitimate and
you forgot something else, as in `\hbox{$x}'. In such cases
the way to recover is to insert both the forgotten and the
deleted material, e.g., by typing `I$}'.

! Missing $ inserted.
<inserted text> 
                $
l.1045 
       
I've inserted a begin-math/end-math symbol since I think
you left one out. Proceed, with fingers crossed.


Overfull \hbox (494.55983pt too wide) in paragraph at lines 1041--1045
[]\T1/ptm/m/n/12 sections/chapitre4/img/sprint4$[]\OML/ztmcm/m/it/12 r[]anageme
nt[]alendar=\OT1/ztmcm/m/n/12 07[]\OML/ztmcm/m/it/12 esign[]lass[]iagrams=desig
n[]print\OT1/ztmcm/m/n/12 4[]\OML/ztmcm/m/it/12 r[]eave[]alendar:png[][][]$ 
 []

! Undefined control sequence.
l.1046 \ChapterFourFigureSized
                              
The control sequence at the end of the top line
of your error message was never \def'ed. If you have
misspelled it (e.g., `\hobx'), type `I' and the correct
spelling (e.g., `I\hbox'). Otherwise just continue,
and I'll forget about whatever was undefined.

! Missing $ inserted.
<inserted text> 
                $
l.1047 {sections/chapitre4/img/sprint4_
                                       hr_management_calendar/07_design_clas...
I've inserted a begin-math/end-math symbol since I think
you left one out. Proceed, with fingers crossed.

! Extra }, or forgotten $.
l.1047 .../design_sprint4_team_leave_calendar.png}
                                                  
I've deleted a group-closing symbol because it seems to be
spurious, as in `$x}$'. But perhaps the } is legitimate and
you forgot something else, as in `\hbox{$x}'. In such cases
the way to recover is to insert both the forgotten and the
deleted material, e.g., by typing `I$}'.

! Missing $ inserted.
<inserted text> 
                $
l.1051 
       
I've inserted a begin-math/end-math symbol since I think
you left one out. Proceed, with fingers crossed.


Overfull \hbox (532.23341pt too wide) in paragraph at lines 1047--1051
[]\T1/ptm/m/n/12 sections/chapitre4/img/sprint4$[]\OML/ztmcm/m/it/12 r[]anageme
nt[]alendar=\OT1/ztmcm/m/n/12 07[]\OML/ztmcm/m/it/12 esign[]lass[]iagrams=desig
n[]print\OT1/ztmcm/m/n/12 4[]\OML/ztmcm/m/it/12 eam[]eave[]alendar:png[][][]$ 
 []

! Undefined control sequence.
l.1052 \SprintFourImplementationHeading
                                       {Conception Sequence Diagrams}
The control sequence at the end of the top line
of your error message was never \def'ed. If you have
misspelled it (e.g., `\hobx'), type `I' and the correct
spelling (e.g., `I\hbox'). Otherwise just continue,
and I'll forget about whatever was undefined.

! Undefined control sequence.
l.1062 \ChapterFourFigureSized
                              
The control sequence at the end of the top line
of your error message was never \def'ed. If you have
misspelled it (e.g., `\hobx'), type `I' and the correct
spelling (e.g., `I\hbox'). Otherwise just continue,
and I'll forget about whatever was undefined.

! Missing $ inserted.
<inserted text> 
                $
l.1063 {sections/chapitre4/img/sprint4_
                                       hr_management_calendar/08_conception_...
I've inserted a begin-math/end-math symbol since I think
you left one out. Proceed, with fingers crossed.

! Extra }, or forgotten $.
l.1063 ...sprint4_hr_user_management_frontend.png}
                                                  
I've deleted a group-closing symbol because it seems to be
spurious, as in `$x}$'. But perhaps the } is legitimate and
you forgot something else, as in `\hbox{$x}'. In such cases
the way to recover is to insert both the forgotten and the
deleted material, e.g., by typing `I$}'.

! Missing $ inserted.
<inserted text> 
                $
l.1067 
       
I've inserted a begin-math/end-math symbol since I think
you left one out. Proceed, with fingers crossed.


Overfull \hbox (712.2828pt too wide) in paragraph at lines 1063--1067
[]\T1/ptm/m/n/12 sections/chapitre4/img/sprint4$[]\OML/ztmcm/m/it/12 r[]anageme
nt[]alendar=\OT1/ztmcm/m/n/12 08[]\OML/ztmcm/m/it/12 onception[]equence[]iagram
s=csd[]print\OT1/ztmcm/m/n/12 4[]\OML/ztmcm/m/it/12 r[]ser[]anagement[]rontend:
png[][][]$ 
 []

! Undefined control sequence.
l.1068 \ChapterFourFigureSized
                              
The control sequence at the end of the top line
of your error message was never \def'ed. If you have
misspelled it (e.g., `\hobx'), type `I' and the correct
spelling (e.g., `I\hbox'). Otherwise just continue,
and I'll forget about whatever was undefined.

! Missing $ inserted.
<inserted text> 
                $
l.1069 {sections/chapitre4/img/sprint4_
                                       hr_management_calendar/08_conception_...
I've inserted a begin-math/end-math symbol since I think
you left one out. Proceed, with fingers crossed.

! Extra }, or forgotten $.
l.1069 ..._sprint4_hr_user_management_backend.png}
                                                  
I've deleted a group-closing symbol because it seems to be
spurious, as in `$x}$'. But perhaps the } is legitimate and
you forgot something else, as in `\hbox{$x}'. In such cases
the way to recover is to insert both the forgotten and the
deleted material, e.g., by typing `I$}'.

! Missing $ inserted.
<inserted text> 
                $
l.1073 
       
I've inserted a begin-math/end-math symbol since I think
you left one out. Proceed, with fingers crossed.


Overfull \hbox (699.33542pt too wide) in paragraph at lines 1069--1073
[]\T1/ptm/m/n/12 sections/chapitre4/img/sprint4$[]\OML/ztmcm/m/it/12 r[]anageme
nt[]alendar=\OT1/ztmcm/m/n/12 08[]\OML/ztmcm/m/it/12 onception[]equence[]iagram
s=csd[]print\OT1/ztmcm/m/n/12 4[]\OML/ztmcm/m/it/12 r[]ser[]anagement[]ackend:p
ng[][][]$ 
 []

! Undefined control sequence.
l.1074 \ChapterFourFigureSized
                              
The control sequence at the end of the top line
of your error message was never \def'ed. If you have
misspelled it (e.g., `\hobx'), type `I' and the correct
spelling (e.g., `I\hbox'). Otherwise just continue,
and I'll forget about whatever was undefined.

! Missing $ inserted.
<inserted text> 
                $
l.1075 {sections/chapitre4/img/sprint4_
                                       hr_management_calendar/08_conception_...
I've inserted a begin-math/end-math symbol since I think
you left one out. Proceed, with fingers crossed.

! Extra }, or forgotten $.
l.1075 ...int4_hr_organization_setup_frontend.png}
                                                  
I've deleted a group-closing symbol because it seems to be
spurious, as in `$x}$'. But perhaps the } is legitimate and
you forgot something else, as in `\hbox{$x}'. In such cases
the way to recover is to insert both the forgotten and the
deleted material, e.g., by typing `I$}'.

! Missing $ inserted.
<inserted text> 
                $
l.1079 
       
I've inserted a begin-math/end-math symbol since I think
you left one out. Proceed, with fingers crossed.


Overfull \hbox (733.27573pt too wide) in paragraph at lines 1075--1079
[]\T1/ptm/m/n/12 sections/chapitre4/img/sprint4$[]\OML/ztmcm/m/it/12 r[]anageme
nt[]alendar=\OT1/ztmcm/m/n/12 08[]\OML/ztmcm/m/it/12 onception[]equence[]iagram
s=csd[]print\OT1/ztmcm/m/n/12 4[]\OML/ztmcm/m/it/12 r[]rganization[]etup[]ronte
nd:png[][][]$ 
 []

! Undefined control sequence.
l.1080 \ChapterFourFigureSized
                              
The control sequence at the end of the top line
of your error message was never \def'ed. If you have
misspelled it (e.g., `\hobx'), type `I' and the correct
spelling (e.g., `I\hbox'). Otherwise just continue,
and I'll forget about whatever was undefined.

! Missing $ inserted.
<inserted text> 
                $
l.1081 {sections/chapitre4/img/sprint4_
                                       hr_management_calendar/08_conception_...
I've inserted a begin-math/end-math symbol since I think
you left one out. Proceed, with fingers crossed.

! Extra }, or forgotten $.
l.1081 ...rint4_hr_organization_setup_backend.png}
                                                  
I've deleted a group-closing symbol because it seems to be
spurious, as in `$x}$'. But perhaps the } is legitimate and
you forgot something else, as in `\hbox{$x}'. In such cases
the way to recover is to insert both the forgotten and the
deleted material, e.g., by typing `I$}'.

! Missing $ inserted.
<inserted text> 
                $
l.1085 
       
I've inserted a begin-math/end-math symbol since I think
you left one out. Proceed, with fingers crossed.


Overfull \hbox (720.32834pt too wide) in paragraph at lines 1081--1085
[]\T1/ptm/m/n/12 sections/chapitre4/img/sprint4$[]\OML/ztmcm/m/it/12 r[]anageme
nt[]alendar=\OT1/ztmcm/m/n/12 08[]\OML/ztmcm/m/it/12 onception[]equence[]iagram
s=csd[]print\OT1/ztmcm/m/n/12 4[]\OML/ztmcm/m/it/12 r[]rganization[]etup[]acken
d:png[][][]$ 
 []

! Undefined control sequence.
l.1086 \ChapterFourFigureSized
                              
The control sequence at the end of the top line
of your error message was never \def'ed. If you have
misspelled it (e.g., `\hobx'), type `I' and the correct
spelling (e.g., `I\hbox'). Otherwise just continue,
and I'll forget about whatever was undefined.

! Missing $ inserted.
<inserted text> 
                $
l.1087 {sections/chapitre4/img/sprint4_
                                       hr_management_calendar/08_conception_...
I've inserted a begin-math/end-math symbol since I think
you left one out. Proceed, with fingers crossed.

! Extra }, or forgotten $.
l.1087 ...sprint4_hr_team_management_frontend.png}
                                                  
I've deleted a group-closing symbol because it seems to be
spurious, as in `$x}$'. But perhaps the } is legitimate and
you forgot something else, as in `\hbox{$x}'. In such cases
the way to recover is to insert both the forgotten and the
deleted material, e.g., by typing `I$}'.

! Missing $ inserted.
<inserted text> 
                $
l.1091 
       
I've inserted a begin-math/end-math symbol since I think
you left one out. Proceed, with fingers crossed.


Overfull \hbox (723.16103pt too wide) in paragraph at lines 1087--1091
[]\T1/ptm/m/n/12 sections/chapitre4/img/sprint4$[]\OML/ztmcm/m/it/12 r[]anageme
nt[]alendar=\OT1/ztmcm/m/n/12 08[]\OML/ztmcm/m/it/12 onception[]equence[]iagram
s=csd[]print\OT1/ztmcm/m/n/12 4[]\OML/ztmcm/m/it/12 r[]eam[]anagement[]rontend:
png[][][]$ 
 []

! Undefined control sequence.
l.1092 \ChapterFourFigureSized
                              
The control sequence at the end of the top line
of your error message was never \def'ed. If you have
misspelled it (e.g., `\hobx'), type `I' and the correct
spelling (e.g., `I\hbox'). Otherwise just continue,
and I'll forget about whatever was undefined.

! Missing $ inserted.
<inserted text> 
                $
l.1093 {sections/chapitre4/img/sprint4_
                                       hr_management_calendar/08_conception_...
I've inserted a begin-math/end-math symbol since I think
you left one out. Proceed, with fingers crossed.

! Extra }, or forgotten $.
l.1093 ..._sprint4_hr_team_management_backend.png}
                                                  
I've deleted a group-closing symbol because it seems to be
spurious, as in `$x}$'. But perhaps the } is legitimate and
you forgot something else, as in `\hbox{$x}'. In such cases
the way to recover is to insert both the forgotten and the
deleted material, e.g., by typing `I$}'.

! Missing $ inserted.
<inserted text> 
                $
l.1097 
       
I've inserted a begin-math/end-math symbol since I think
you left one out. Proceed, with fingers crossed.


Overfull \hbox (710.21364pt too wide) in paragraph at lines 1093--1097
[]\T1/ptm/m/n/12 sections/chapitre4/img/sprint4$[]\OML/ztmcm/m/it/12 r[]anageme
nt[]alendar=\OT1/ztmcm/m/n/12 08[]\OML/ztmcm/m/it/12 onception[]equence[]iagram
s=csd[]print\OT1/ztmcm/m/n/12 4[]\OML/ztmcm/m/it/12 r[]eam[]anagement[]ackend:p
ng[][][]$ 
 []

! Undefined control sequence.
l.1098 \ChapterFourFigureSized
                              
The control sequence at the end of the top line
of your error message was never \def'ed. If you have
misspelled it (e.g., `\hobx'), type `I' and the correct
spelling (e.g., `I\hbox'). Otherwise just continue,
and I'll forget about whatever was undefined.

! Missing $ inserted.
<inserted text> 
                $
l.1099 {sections/chapitre4/img/sprint4_
                                       hr_management_calendar/08_conception_...
I've inserted a begin-math/end-math symbol since I think
you left one out. Proceed, with fingers crossed.

! Extra }, or forgotten $.
l.1099 ..._sprint4_hr_leave_calendar_frontend.png}
                                                  
I've deleted a group-closing symbol because it seems to be
spurious, as in `$x}$'. But perhaps the } is legitimate and
you forgot something else, as in `\hbox{$x}'. In such cases
the way to recover is to insert both the forgotten and the
deleted material, e.g., by typing `I$}'.

! Missing $ inserted.
<inserted text> 
                $
l.1103 
       
I've inserted a begin-math/end-math symbol since I think
you left one out. Proceed, with fingers crossed.


Overfull \hbox (679.8997pt too wide) in paragraph at lines 1099--1103
[]\T1/ptm/m/n/12 sections/chapitre4/img/sprint4$[]\OML/ztmcm/m/it/12 r[]anageme
nt[]alendar=\OT1/ztmcm/m/n/12 08[]\OML/ztmcm/m/it/12 onception[]equence[]iagram
s=csd[]print\OT1/ztmcm/m/n/12 4[]\OML/ztmcm/m/it/12 r[]eave[]alendar[]rontend:p
ng[][][]$ 
 []

! Undefined control sequence.
l.1104 \ChapterFourFigureSized
                              
The control sequence at the end of the top line
of your error message was never \def'ed. If you have
misspelled it (e.g., `\hobx'), type `I' and the correct
spelling (e.g., `I\hbox'). Otherwise just continue,
and I'll forget about whatever was undefined.

! Missing $ inserted.
<inserted text> 
                $
l.1105 {sections/chapitre4/img/sprint4_
                                       hr_management_calendar/08_conception_...
I've inserted a begin-math/end-math symbol since I think
you left one out. Proceed, with fingers crossed.

! Extra }, or forgotten $.
l.1105 ...d_sprint4_hr_leave_calendar_backend.png}
                                                  
I've deleted a group-closing symbol because it seems to be
spurious, as in `$x}$'. But perhaps the } is legitimate and
you forgot something else, as in `\hbox{$x}'. In such cases
the way to recover is to insert both the forgotten and the
deleted material, e.g., by typing `I$}'.

! Missing $ inserted.
<inserted text> 
                $
l.1109 
       
I've inserted a begin-math/end-math symbol since I think
you left one out. Proceed, with fingers crossed.


Overfull \hbox (666.95232pt too wide) in paragraph at lines 1105--1109
[]\T1/ptm/m/n/12 sections/chapitre4/img/sprint4$[]\OML/ztmcm/m/it/12 r[]anageme
nt[]alendar=\OT1/ztmcm/m/n/12 08[]\OML/ztmcm/m/it/12 onception[]equence[]iagram
s=csd[]print\OT1/ztmcm/m/n/12 4[]\OML/ztmcm/m/it/12 r[]eave[]alendar[]ackend:pn
g[][][]$ 
 []

! Undefined control sequence.
l.1110 \ChapterFourFigureSized
                              
The control sequence at the end of the top line
of your error message was never \def'ed. If you have
misspelled it (e.g., `\hobx'), type `I' and the correct
spelling (e.g., `I\hbox'). Otherwise just continue,
and I'll forget about whatever was undefined.

! Missing $ inserted.
<inserted text> 
                $
l.1111 {sections/chapitre4/img/sprint4_
                                       hr_management_calendar/08_conception_...
I've inserted a begin-math/end-math symbol since I think
you left one out. Proceed, with fingers crossed.

! Extra }, or forgotten $.
l.1111 ...print4_team_leave_calendar_frontend.png}
                                                  
I've deleted a group-closing symbol because it seems to be
spurious, as in `$x}$'. But perhaps the } is legitimate and
you forgot something else, as in `\hbox{$x}'. In such cases
the way to recover is to insert both the forgotten and the
deleted material, e.g., by typing `I$}'.

! Missing $ inserted.
<inserted text> 
                $
l.1115 
       
I've inserted a begin-math/end-math symbol since I think
you left one out. Proceed, with fingers crossed.


Overfull \hbox (717.57329pt too wide) in paragraph at lines 1111--1115
[]\T1/ptm/m/n/12 sections/chapitre4/img/sprint4$[]\OML/ztmcm/m/it/12 r[]anageme
nt[]alendar=\OT1/ztmcm/m/n/12 08[]\OML/ztmcm/m/it/12 onception[]equence[]iagram
s=csd[]print\OT1/ztmcm/m/n/12 4[]\OML/ztmcm/m/it/12 eam[]eave[]alendar[]rontend
:png[][][]$ 
 []

! Undefined control sequence.
l.1116 \ChapterFourFigureSized
                              
The control sequence at the end of the top line
of your error message was never \def'ed. If you have
misspelled it (e.g., `\hobx'), type `I' and the correct
spelling (e.g., `I\hbox'). Otherwise just continue,
and I'll forget about whatever was undefined.

! Missing $ inserted.
<inserted text> 
                $
l.1117 {sections/chapitre4/img/sprint4_
                                       hr_management_calendar/08_conception_...
I've inserted a begin-math/end-math symbol since I think
you left one out. Proceed, with fingers crossed.

! Extra }, or forgotten $.
l.1117 ...sprint4_team_leave_decision_backend.png}
                                                  
I've deleted a group-closing symbol because it seems to be
spurious, as in `$x}$'. But perhaps the } is legitimate and
you forgot something else, as in `\hbox{$x}'. In such cases
the way to recover is to insert both the forgotten and the
deleted material, e.g., by typing `I$}'.

! Missing $ inserted.
<inserted text> 
                $
l.1121 
       
I've inserted a begin-math/end-math symbol since I think
you left one out. Proceed, with fingers crossed.


Overfull \hbox (693.57413pt too wide) in paragraph at lines 1117--1121
[]\T1/ptm/m/n/12 sections/chapitre4/img/sprint4$[]\OML/ztmcm/m/it/12 r[]anageme
nt[]alendar=\OT1/ztmcm/m/n/12 08[]\OML/ztmcm/m/it/12 onception[]equence[]iagram
s=csd[]print\OT1/ztmcm/m/n/12 4[]\OML/ztmcm/m/it/12 eam[]eave[]ecision[]ackend:
png[][][]$ 
 []

! Undefined control sequence.
l.1122 \SprintFourImplementationHeading
                                       {Realization}
The control sequence at the end of the top line
of your error message was never \def'ed. If you have
misspelled it (e.g., `\hobx'), type `I' and the correct
spelling (e.g., `I\hbox'). Otherwise just continue,
and I'll forget about whatever was undefined.

<sections/chapitre4/img/sprint4_hr_management_calendar/09_ui_screenshots/sprint
4_hr_dashboard.png, id=1108, 1149.093pt x 528.17325pt>
File: sections/chapitre4/img/sprint4_hr_management_calendar/09_ui_screenshots/s
print4_hr_dashboard.png Graphic file (type png)
<use sections/chapitre4/img/sprint4_hr_management_calendar/09_ui_screenshots/sp
rint4_hr_dashboard.png>
Package pdftex.def Info: sections/chapitre4/img/sprint4_hr_management_calendar/
09_ui_screenshots/sprint4_hr_dashboard.png  used on input line 1137.
(pdftex.def)             Requested size: 432.48051pt x 198.78981pt.
[106]
<sections/chapitre4/img/sprint4_hr_management_calendar/09_ui_screenshots/sprint
4_hr_user_management.png, id=1113, 1142.46825pt x 506.49225pt>
File: sections/chapitre4/img/sprint4_hr_management_calendar/09_ui_screenshots/s
print4_hr_user_management.png Graphic file (type png)
<use sections/chapitre4/img/sprint4_hr_management_calendar/09_ui_screenshots/sp
rint4_hr_user_management.png>
Package pdftex.def Info: sections/chapitre4/img/sprint4_hr_management_calendar/
09_ui_screenshots/sprint4_hr_user_management.png  used on input line 1145.
(pdftex.def)             Requested size: 432.48051pt x 191.73485pt.
<sections/chapitre4/img/sprint4_hr_management_calendar/09_ui_screenshots/sprint
4_organization_reference_data.png, id=1114, 1140.05925pt x 516.7305pt>
File: sections/chapitre4/img/sprint4_hr_management_calendar/09_ui_screenshots/s
print4_organization_reference_data.png Graphic file (type png)
<use sections/chapitre4/img/sprint4_hr_management_calendar/09_ui_screenshots/sp
rint4_organization_reference_data.png>
Package pdftex.def Info: sections/chapitre4/img/sprint4_hr_management_calendar/
09_ui_screenshots/sprint4_organization_reference_data.png  used on input line 1
153.
(pdftex.def)             Requested size: 432.48051pt x 196.02058pt.
 [107 <./sections/chapitre4/img/sprint4_hr_management_calendar/09_ui_screenshot
s/sprint4_hr_dashboard.png> <./sections/chapitre4/img/sprint4_hr_management_cal
endar/09_ui_screenshots/sprint4_hr_user_management.png> <./sections/chapitre4/i
mg/sprint4_hr_management_calendar/09_ui_screenshots/sprint4_organization_refere
nce_data.png>]
<sections/chapitre4/img/sprint4_hr_management_calendar/09_ui_screenshots/sprint
4_team_management.png, id=1125, 1132.23pt x 515.526pt>
File: sections/chapitre4/img/sprint4_hr_management_calendar/09_ui_screenshots/s
print4_team_management.png Graphic file (type png)
<use sections/chapitre4/img/sprint4_hr_management_calendar/09_ui_screenshots/sp
rint4_team_management.png>
Package pdftex.def Info: sections/chapitre4/img/sprint4_hr_management_calendar/
09_ui_screenshots/sprint4_team_management.png  used on input line 1161.
(pdftex.def)             Requested size: 432.48051pt x 196.91667pt.
<sections/chapitre4/img/sprint4_hr_management_calendar/09_ui_screenshots/sprint
4_hr_leave_calendar1.png, id=1126, 1140.05925pt x 511.9125pt>
File: sections/chapitre4/img/sprint4_hr_management_calendar/09_ui_screenshots/s
print4_hr_leave_calendar1.png Graphic file (type png)
<use sections/chapitre4/img/sprint4_hr_management_calendar/09_ui_screenshots/sp
rint4_hr_leave_calendar1.png>
Package pdftex.def Info: sections/chapitre4/img/sprint4_hr_management_calendar/
09_ui_screenshots/sprint4_hr_leave_calendar1.png  used on input line 1169.
(pdftex.def)             Requested size: 432.48051pt x 194.19289pt.
<sections/chapitre4/img/sprint4_hr_management_calendar/09_ui_screenshots/sprint
4_hr_leave_calendar2.png, id=1127, 1141.26375pt x 513.117pt>
File: sections/chapitre4/img/sprint4_hr_management_calendar/09_ui_screenshots/s
print4_hr_leave_calendar2.png Graphic file (type png)
<use sections/chapitre4/img/sprint4_hr_management_calendar/09_ui_screenshots/sp
rint4_hr_leave_calendar2.png>
Package pdftex.def Info: sections/chapitre4/img/sprint4_hr_management_calendar/
09_ui_screenshots/sprint4_hr_leave_calendar2.png  used on input line 1170.
(pdftex.def)             Requested size: 432.48051pt x 194.44624pt.
 [108 <./sections/chapitre4/img/sprint4_hr_management_calendar/09_ui_screenshot
s/sprint4_team_management.png> <./sections/chapitre4/img/sprint4_hr_management_
calendar/09_ui_screenshots/sprint4_hr_leave_calendar1.png> <./sections/chapitre
4/img/sprint4_hr_management_calendar/09_ui_screenshots/sprint4_hr_leave_calenda
r2.png>] [109]) [110

] (sections/chapitre5/chapitre5.tex
<sections/chapitre5/img/other/release3_organization.png, id=1150, 250.9375pt x 
187.70125pt>
File: sections/chapitre5/img/other/release3_organization.png Graphic file (type
 png)
<use sections/chapitre5/img/other/release3_organization.png>
Package pdftex.def Info: sections/chapitre5/img/other/release3_organization.png
  used on input line 59.
(pdftex.def)             Requested size: 282.24911pt x 211.1462pt.

[111

 <./sections/chapitre5/img/other/release3_organization.png>]
<sections/chapitre5/img/sprint5_projects_tasks_reports/01_jira/sprint5_jira_jou
rnal.png, id=1160, 933.4875pt x 319.79475pt>
File: sections/chapitre5/img/sprint5_projects_tasks_reports/01_jira/sprint5_jir
a_journal.png Graphic file (type png)
<use sections/chapitre5/img/sprint5_projects_tasks_reports/01_jira/sprint5_jira
_journal.png>
Package pdftex.def Info: sections/chapitre5/img/sprint5_projects_tasks_reports/
01_jira/sprint5_jira_journal.png  used on input line 94.
(pdftex.def)             Requested size: 432.48051pt x 148.16138pt.

Overfull \hbox (1.14297pt too wide) in paragraph at lines 118--119
 []|\T1/ptm/b/n/12 Duration| 
 []

[112 <./sections/chapitre5/img/sprint5_projects_tasks_reports/01_jira/sprint5_j
ira_journal.png>] [113]
<sections/chapitre5/img/sprint5_projects_tasks_reports/02_use_case_diagrams/use
_case_sprint5_projects_tasks_reports.png, id=1178, 679.53876pt x 679.53876pt>
File: sections/chapitre5/img/sprint5_projects_tasks_reports/02_use_case_diagram
s/use_case_sprint5_projects_tasks_reports.png Graphic file (type png)
<use sections/chapitre5/img/sprint5_projects_tasks_reports/02_use_case_diagrams
/use_case_sprint5_projects_tasks_reports.png>
Package pdftex.def Info: sections/chapitre5/img/sprint5_projects_tasks_reports/
02_use_case_diagrams/use_case_sprint5_projects_tasks_reports.png  used on input
 line 180.
(pdftex.def)             Requested size: 432.48051pt x 432.477pt.
 [114

 <./sections/chapitre5/img/sprint5_projects_tasks_reports/02_use_case_diagrams/
use_case_sprint5_projects_tasks_reports.png (PNG copy)>]
<sections/chapitre5/img/sprint5_projects_tasks_reports/02_use_case_diagrams/use
_case_team_leader_project_task_management.png, id=1185, 829.0975pt x 502.87875p
t>
File: sections/chapitre5/img/sprint5_projects_tasks_reports/02_use_case_diagram
s/use_case_team_leader_project_task_management.png Graphic file (type png)
<use sections/chapitre5/img/sprint5_projects_tasks_reports/02_use_case_diagrams
/use_case_team_leader_project_task_management.png>
Package pdftex.def Info: sections/chapitre5/img/sprint5_projects_tasks_reports/
02_use_case_diagrams/use_case_team_leader_project_task_management.png  used on 
input line 188.
(pdftex.def)             Requested size: 432.48051pt x 262.31181pt.
<sections/chapitre5/img/sprint5_projects_tasks_reports/03_system_sequence_diagr
ams/ssd_create_project.png, id=1186, 949.5475pt x 659.46375pt>
File: sections/chapitre5/img/sprint5_projects_tasks_reports/03_system_sequence_
diagrams/ssd_create_project.png Graphic file (type png)
<use sections/chapitre5/img/sprint5_projects_tasks_reports/03_system_sequence_d
iagrams/ssd_create_project.png>
Package pdftex.def Info: sections/chapitre5/img/sprint5_projects_tasks_reports/
03_system_sequence_diagrams/ssd_create_project.png  used on input line 208.
(pdftex.def)             Requested size: 432.48051pt x 300.35835pt.
 [115 <./sections/chapitre5/img/sprint5_projects_tasks_reports/02_use_case_diag
rams/use_case_team_leader_project_task_management.png> <./sections/chapitre5/im
g/sprint5_projects_tasks_reports/03_system_sequence_diagrams/ssd_create_project
.png>]
<sections/chapitre5/img/sprint5_projects_tasks_reports/03_system_sequence_diagr
ams/ssd_create_and_assign_task.png, id=1196, 940.51375pt x 633.36626pt>
File: sections/chapitre5/img/sprint5_projects_tasks_reports/03_system_sequence_
diagrams/ssd_create_and_assign_task.png Graphic file (type png)
<use sections/chapitre5/img/sprint5_projects_tasks_reports/03_system_sequence_d
iagrams/ssd_create_and_assign_task.png>
Package pdftex.def Info: sections/chapitre5/img/sprint5_projects_tasks_reports/
03_system_sequence_diagrams/ssd_create_and_assign_task.png  used on input line 
216.
(pdftex.def)             Requested size: 432.48051pt x 291.24571pt.
<sections/chapitre5/img/sprint5_projects_tasks_reports/03_system_sequence_diagr
ams/ssd_update_task_status.png, id=1197, 959.585pt x 698.61pt>
File: sections/chapitre5/img/sprint5_projects_tasks_reports/03_system_sequence_
diagrams/ssd_update_task_status.png Graphic file (type png)
<use sections/chapitre5/img/sprint5_projects_tasks_reports/03_system_sequence_d
iagrams/ssd_update_task_status.png>
Package pdftex.def Info: sections/chapitre5/img/sprint5_projects_tasks_reports/
03_system_sequence_diagrams/ssd_update_task_status.png  used on input line 224.

(pdftex.def)             Requested size: 432.48051pt x 314.86195pt.
 [116 <./sections/chapitre5/img/sprint5_projects_tasks_reports/03_system_sequen
ce_diagrams/ssd_create_and_assign_task.png> <./sections/chapitre5/img/sprint5_p
rojects_tasks_reports/03_system_sequence_diagrams/ssd_update_task_status.png>]
<sections/chapitre5/img/sprint5_projects_tasks_reports/03_system_sequence_diagr
ams/ssd_consult_hr_reports.png, id=1206, 959.585pt x 703.62875pt>
File: sections/chapitre5/img/sprint5_projects_tasks_reports/03_system_sequence_
diagrams/ssd_consult_hr_reports.png Graphic file (type png)
<use sections/chapitre5/img/sprint5_projects_tasks_reports/03_system_sequence_d
iagrams/ssd_consult_hr_reports.png>
Package pdftex.def Info: sections/chapitre5/img/sprint5_projects_tasks_reports/
03_system_sequence_diagrams/ssd_consult_hr_reports.png  used on input line 232.

(pdftex.def)             Requested size: 432.48051pt x 317.12389pt.

! Undefined control sequence.
l.250   \ChapterFourFigureSized
                               
The control sequence at the end of the top line
of your error message was never \def'ed. If you have
misspelled it (e.g., `\hobx'), type `I' and the correct
spelling (e.g., `I\hbox'). Otherwise just continue,
and I'll forget about whatever was undefined.

! Missing $ inserted.
<inserted text> 
                $
l.251   {sections/chapitre5/img/sprint5_
                                        projects_tasks_reports/05_domain_mod...
I've inserted a begin-math/end-math symbol since I think
you left one out. Proceed, with fingers crossed.

! Extra }, or forgotten $.
l.251 ...model_sprint5_projects_tasks_reports.png}
                                                  
I've deleted a group-closing symbol because it seems to be
spurious, as in `$x}$'. But perhaps the } is legitimate and
you forgot something else, as in `\hbox{$x}'. In such cases
the way to recover is to insert both the forgotten and the
deleted material, e.g., by typing `I$}'.

! Missing $ inserted.
<inserted text> 
                $
l.255 
      
I've inserted a begin-math/end-math symbol since I think
you left one out. Proceed, with fingers crossed.


Overfull \hbox (604.80392pt too wide) in paragraph at lines 251--255
[]\T1/ptm/m/n/12 sections/chapitre5/img/sprint5$[]\OML/ztmcm/m/it/12 rojects[]a
sks[]eports=\OT1/ztmcm/m/n/12 05[]\OML/ztmcm/m/it/12 omain[]odel=domain[]odel[]
print\OT1/ztmcm/m/n/12 5[]\OML/ztmcm/m/it/12 rojects[]asks[]eports:png[][][]$ 
 []

<sections/chapitre5/img/sprint5_projects_tasks_reports/04_state_diagrams/state_
task_lifecycle.png, id=1207, 200.75pt x 351.3125pt>
File: sections/chapitre5/img/sprint5_projects_tasks_reports/04_state_diagrams/s
tate_task_lifecycle.png Graphic file (type png)
<use sections/chapitre5/img/sprint5_projects_tasks_reports/04_state_diagrams/st
ate_task_lifecycle.png>
Package pdftex.def Info: sections/chapitre5/img/sprint5_projects_tasks_reports/
04_state_diagrams/state_task_lifecycle.png  used on input line 272.
(pdftex.def)             Requested size: 110.56293pt x 193.47882pt.
[117 <./sections/chapitre5/img/sprint5_projects_tasks_reports/03_system_sequenc
e_diagrams/ssd_consult_hr_reports.png (PNG copy)>]
<sections/chapitre5/img/sprint5_projects_tasks_reports/06_participant_class_dia
grams/participant_team_leader_project_management.png, id=1213, 1155.31625pt x 6
60.4675pt>
File: sections/chapitre5/img/sprint5_projects_tasks_reports/06_participant_clas
s_diagrams/participant_team_leader_project_management.png Graphic file (type pn
g)
<use sections/chapitre5/img/sprint5_projects_tasks_reports/06_participant_class
_diagrams/participant_team_leader_project_management.png>
Package pdftex.def Info: sections/chapitre5/img/sprint5_projects_tasks_reports/
06_participant_class_diagrams/participant_team_leader_project_management.png  u
sed on input line 293.
(pdftex.def)             Requested size: 432.48051pt x 247.23128pt.
 [118 <./sections/chapitre5/img/sprint5_projects_tasks_reports/04_state_diagram
s/state_task_lifecycle.png> <./sections/chapitre5/img/sprint5_projects_tasks_re
ports/06_participant_class_diagrams/participant_team_leader_project_management.
png>]
<sections/chapitre5/img/sprint5_projects_tasks_reports/06_participant_class_dia
grams/participant_task_status_update.png, id=1222, 874.26625pt x 394.47375pt>
File: sections/chapitre5/img/sprint5_projects_tasks_reports/06_participant_clas
s_diagrams/participant_task_status_update.png Graphic file (type png)
<use sections/chapitre5/img/sprint5_projects_tasks_reports/06_participant_class
_diagrams/participant_task_status_update.png>
Package pdftex.def Info: sections/chapitre5/img/sprint5_projects_tasks_reports/
06_participant_class_diagrams/participant_task_status_update.png  used on input
 line 301.
(pdftex.def)             Requested size: 432.48051pt x 195.1357pt.
<sections/chapitre5/img/sprint5_projects_tasks_reports/06_participant_class_dia
grams/participant_hr_reports_export.png, id=1223, 1335.99126pt x 815.045pt>
File: sections/chapitre5/img/sprint5_projects_tasks_reports/06_participant_clas
s_diagrams/participant_hr_reports_export.png Graphic file (type png)
<use sections/chapitre5/img/sprint5_projects_tasks_reports/06_participant_class
_diagrams/participant_hr_reports_export.png>
Package pdftex.def Info: sections/chapitre5/img/sprint5_projects_tasks_reports/
06_participant_class_diagrams/participant_hr_reports_export.png  used on input 
line 309.
(pdftex.def)             Requested size: 432.48051pt x 263.84181pt.
 [119 <./sections/chapitre5/img/sprint5_projects_tasks_reports/06_participant_c
lass_diagrams/participant_task_status_update.png> <./sections/chapitre5/img/spr
int5_projects_tasks_reports/06_participant_class_diagrams/participant_hr_report
s_export.png>]
<sections/chapitre5/img/sprint5_projects_tasks_reports/07_design_class_diagrams
/design_class_diagram_team_leader_project_task_management.png, id=1232, 1276.77
pt x 693.59125pt>
File: sections/chapitre5/img/sprint5_projects_tasks_reports/07_design_class_dia
grams/design_class_diagram_team_leader_project_task_management.png Graphic file
 (type png)
<use sections/chapitre5/img/sprint5_projects_tasks_reports/07_design_class_diag
rams/design_class_diagram_team_leader_project_task_management.png>
Package pdftex.def Info: sections/chapitre5/img/sprint5_projects_tasks_reports/
07_design_class_diagrams/design_class_diagram_team_leader_project_task_manageme
nt.png  used on input line 329.
(pdftex.def)             Requested size: 432.48051pt x 234.93948pt.
<sections/chapitre5/img/sprint5_projects_tasks_reports/07_design_class_diagrams
/design_class_diagram_task_status_update.png, id=1233, 1260.71pt x 620.3175pt>
File: sections/chapitre5/img/sprint5_projects_tasks_reports/07_design_class_dia
grams/design_class_diagram_task_status_update.png Graphic file (type png)
<use sections/chapitre5/img/sprint5_projects_tasks_reports/07_design_class_diag
rams/design_class_diagram_task_status_update.png>
Package pdftex.def Info: sections/chapitre5/img/sprint5_projects_tasks_reports/
07_design_class_diagrams/design_class_diagram_task_status_update.png  used on i
nput line 337.
(pdftex.def)             Requested size: 432.48051pt x 212.79822pt.
 [120 <./sections/chapitre5/img/sprint5_projects_tasks_reports/07_design_class_
diagrams/design_class_diagram_team_leader_project_task_management.png> <./secti
ons/chapitre5/img/sprint5_projects_tasks_reports/07_design_class_diagrams/desig
n_class_diagram_task_status_update.png>]
<sections/chapitre5/img/sprint5_projects_tasks_reports/07_design_class_diagrams
/design_class_diagram_hr_reports_excel_export.png, id=1242, 1621.05624pt x 945.
5325pt>
File: sections/chapitre5/img/sprint5_projects_tasks_reports/07_design_class_dia
grams/design_class_diagram_hr_reports_excel_export.png Graphic file (type png)
<use sections/chapitre5/img/sprint5_projects_tasks_reports/07_design_class_diag
rams/design_class_diagram_hr_reports_excel_export.png>
Package pdftex.def Info: sections/chapitre5/img/sprint5_projects_tasks_reports/
07_design_class_diagrams/design_class_diagram_hr_reports_excel_export.png  used
 on input line 345.
(pdftex.def)             Requested size: 432.48051pt x 252.25294pt.
<sections/chapitre5/img/sprint5_projects_tasks_reports/08_conception_sequence_d
iagrams/csd_project_management_frontend.png, id=1243, 1138.2525pt x 836.12375pt
>
File: sections/chapitre5/img/sprint5_projects_tasks_reports/08_conception_seque
nce_diagrams/csd_project_management_frontend.png Graphic file (type png)
<use sections/chapitre5/img/sprint5_projects_tasks_reports/08_conception_sequen
ce_diagrams/csd_project_management_frontend.png>
Package pdftex.def Info: sections/chapitre5/img/sprint5_projects_tasks_reports/
08_conception_sequence_diagrams/csd_project_management_frontend.png  used on in
put line 367.
(pdftex.def)             Requested size: 500.78055pt x 534.14775pt.
 [121 <./sections/chapitre5/img/sprint5_projects_tasks_reports/07_design_class_
diagrams/design_class_diagram_hr_reports_excel_export.png>] [122 <./sections/ch
apitre5/img/sprint5_projects_tasks_reports/08_conception_sequence_diagrams/csd_
project_management_frontend.png>]
<sections/chapitre5/img/sprint5_projects_tasks_reports/08_conception_sequence_d
iagrams/csd_project_management_backend.png, id=1257, 837.1275pt x 673.76718pt>
File: sections/chapitre5/img/sprint5_projects_tasks_reports/08_conception_seque
nce_diagrams/csd_project_management_backend.png Graphic file (type png)
<use sections/chapitre5/img/sprint5_projects_tasks_reports/08_conception_sequen
ce_diagrams/csd_project_management_backend.png>
Package pdftex.def Info: sections/chapitre5/img/sprint5_projects_tasks_reports/
08_conception_sequence_diagrams/csd_project_management_backend.png  used on inp
ut line 377.
(pdftex.def)             Requested size: 500.76033pt x 534.12079pt.
 [123 <./sections/chapitre5/img/sprint5_projects_tasks_reports/08_conception_se
quence_diagrams/csd_project_management_backend.png>]
<sections/chapitre5/img/sprint5_projects_tasks_reports/08_conception_sequence_d
iagrams/csd_task_assignment_frontend.png, id=1264, 856.70062pt x 677.53125pt>
File: sections/chapitre5/img/sprint5_projects_tasks_reports/08_conception_seque
nce_diagrams/csd_task_assignment_frontend.png Graphic file (type png)
<use sections/chapitre5/img/sprint5_projects_tasks_reports/08_conception_sequen
ce_diagrams/csd_task_assignment_frontend.png>
Package pdftex.def Info: sections/chapitre5/img/sprint5_projects_tasks_reports/
08_conception_sequence_diagrams/csd_task_assignment_frontend.png  used on input
 line 387.
(pdftex.def)             Requested size: 500.76915pt x 534.12729pt.
 [124 <./sections/chapitre5/img/sprint5_projects_tasks_reports/08_conception_se
quence_diagrams/csd_task_assignment_frontend.png>]
<sections/chapitre5/img/sprint5_projects_tasks_reports/08_conception_sequence_d
iagrams/csd_task_assignment_backend.png, id=1271, 1548.53531pt x 1052.43187pt>
File: sections/chapitre5/img/sprint5_projects_tasks_reports/08_conception_seque
nce_diagrams/csd_task_assignment_backend.png Graphic file (type png)
<use sections/chapitre5/img/sprint5_projects_tasks_reports/08_conception_sequen
ce_diagrams/csd_task_assignment_backend.png>
Package pdftex.def Info: sections/chapitre5/img/sprint5_projects_tasks_reports/
08_conception_sequence_diagrams/csd_task_assignment_backend.png  used on input 
line 397.
(pdftex.def)             Requested size: 500.76337pt x 534.13164pt.
 [125 <./sections/chapitre5/img/sprint5_projects_tasks_reports/08_conception_se
quence_diagrams/csd_task_assignment_backend.png>]
<sections/chapitre5/img/sprint5_projects_tasks_reports/08_conception_sequence_d
iagrams/csd_task_status_update_frontend.png, id=1278, 833.36343pt x 694.84593pt
>
File: sections/chapitre5/img/sprint5_projects_tasks_reports/08_conception_seque
nce_diagrams/csd_task_status_update_frontend.png Graphic file (type png)
<use sections/chapitre5/img/sprint5_projects_tasks_reports/08_conception_sequen
ce_diagrams/csd_task_status_update_frontend.png>
Package pdftex.def Info: sections/chapitre5/img/sprint5_projects_tasks_reports/
08_conception_sequence_diagrams/csd_task_status_update_frontend.png  used on in
put line 405.
(pdftex.def)             Requested size: 432.48679pt x 360.60098pt.
<sections/chapitre5/img/sprint5_projects_tasks_reports/08_conception_sequence_d
iagrams/csd_task_status_update_backend.png, id=1279, 1135.24126pt x 694.595pt>
File: sections/chapitre5/img/sprint5_projects_tasks_reports/08_conception_seque
nce_diagrams/csd_task_status_update_backend.png Graphic file (type png)
<use sections/chapitre5/img/sprint5_projects_tasks_reports/08_conception_sequen
ce_diagrams/csd_task_status_update_backend.png>
Package pdftex.def Info: sections/chapitre5/img/sprint5_projects_tasks_reports/
08_conception_sequence_diagrams/csd_task_status_update_backend.png  used on inp
ut line 413.
(pdftex.def)             Requested size: 432.48747pt x 264.61656pt.
 [126 <./sections/chapitre5/img/sprint5_projects_tasks_reports/08_conception_se
quence_diagrams/csd_task_status_update_frontend.png> <./sections/chapitre5/img/
sprint5_projects_tasks_reports/08_conception_sequence_diagrams/csd_task_status_
update_backend.png>]
<sections/chapitre5/img/sprint5_projects_tasks_reports/09_ui_screenshots/sprint
5_team_projects_page.png, id=1288, 1155.1155pt x 540.21825pt>
File: sections/chapitre5/img/sprint5_projects_tasks_reports/09_ui_screenshots/s
print5_team_projects_page.png Graphic file (type png)
<use sections/chapitre5/img/sprint5_projects_tasks_reports/09_ui_screenshots/sp
rint5_team_projects_page.png>
Package pdftex.def Info: sections/chapitre5/img/sprint5_projects_tasks_reports/
09_ui_screenshots/sprint5_team_projects_page.png  used on input line 431.
(pdftex.def)             Requested size: 432.48051pt x 202.25986pt.
<sections/chapitre5/img/sprint5_projects_tasks_reports/09_ui_screenshots/sprint
5_task_assignment_modal1.png, id=1289, 691.383pt x 533.5935pt>
File: sections/chapitre5/img/sprint5_projects_tasks_reports/09_ui_screenshots/s
print5_task_assignment_modal1.png Graphic file (type png)
<use sections/chapitre5/img/sprint5_projects_tasks_reports/09_ui_screenshots/sp
rint5_task_assignment_modal1.png>
Package pdftex.def Info: sections/chapitre5/img/sprint5_projects_tasks_reports/
09_ui_screenshots/sprint5_task_assignment_modal1.png  used on input line 439.
(pdftex.def)             Requested size: 432.48051pt x 333.78008pt.
<sections/chapitre5/img/sprint5_projects_tasks_reports/09_ui_screenshots/sprint
5_task_assignment_modal2.png, id=1290, 681.747pt x 533.5935pt>
File: sections/chapitre5/img/sprint5_projects_tasks_reports/09_ui_screenshots/s
print5_task_assignment_modal2.png Graphic file (type png)
<use sections/chapitre5/img/sprint5_projects_tasks_reports/09_ui_screenshots/sp
rint5_task_assignment_modal2.png>
Package pdftex.def Info: sections/chapitre5/img/sprint5_projects_tasks_reports/
09_ui_screenshots/sprint5_task_assignment_modal2.png  used on input line 441.
(pdftex.def)             Requested size: 432.48051pt x 338.50243pt.

[127 <./sections/chapitre5/img/sprint5_projects_tasks_reports/09_ui_screenshots
/sprint5_team_projects_page.png>] [128 <./sections/chapitre5/img/sprint5_projec
ts_tasks_reports/09_ui_screenshots/sprint5_task_assignment_modal1.png> <./secti
ons/chapitre5/img/sprint5_projects_tasks_reports/09_ui_screenshots/sprint5_task
_assignment_modal2.png>]
<sections/chapitre5/img/sprint5_projects_tasks_reports/09_ui_screenshots/sprint
5_employee_tasks_page.png, id=1305, 920.238pt x 388.45125pt>
File: sections/chapitre5/img/sprint5_projects_tasks_reports/09_ui_screenshots/s
print5_employee_tasks_page.png Graphic file (type png)
<use sections/chapitre5/img/sprint5_projects_tasks_reports/09_ui_screenshots/sp
rint5_employee_tasks_page.png>
Package pdftex.def Info: sections/chapitre5/img/sprint5_projects_tasks_reports/
09_ui_screenshots/sprint5_employee_tasks_page.png  used on input line 449.
(pdftex.def)             Requested size: 432.48051pt x 182.56024pt.
<sections/chapitre5/img/sprint5_projects_tasks_reports/09_ui_screenshots/sprint
5_employee_tasks_page emp side.png, id=1306, 1151.502pt x 513.117pt>
File: sections/chapitre5/img/sprint5_projects_tasks_reports/09_ui_screenshots/s
print5_employee_tasks_page emp side.png Graphic file (type png)
<use sections/chapitre5/img/sprint5_projects_tasks_reports/09_ui_screenshots/sp
rint5_employee_tasks_page emp side.png>
Package pdftex.def Info: sections/chapitre5/img/sprint5_projects_tasks_reports/
09_ui_screenshots/sprint5_employee_tasks_page emp side.png  used on input line 
451.
(pdftex.def)             Requested size: 432.48051pt x 192.71593pt.
<sections/chapitre5/img/sprint5_projects_tasks_reports/09_ui_screenshots/sprint
5_hr_reports_page1.png, id=1307, 1144.275pt x 513.117pt>
File: sections/chapitre5/img/sprint5_projects_tasks_reports/09_ui_screenshots/s
print5_hr_reports_page1.png Graphic file (type png)
<use sections/chapitre5/img/sprint5_projects_tasks_reports/09_ui_screenshots/sp
rint5_hr_reports_page1.png>
Package pdftex.def Info: sections/chapitre5/img/sprint5_projects_tasks_reports/
09_ui_screenshots/sprint5_hr_reports_page1.png  used on input line 459.
(pdftex.def)             Requested size: 432.48051pt x 193.9295pt.
 [129 <./sections/chapitre5/img/sprint5_projects_tasks_reports/09_ui_screenshot
s/sprint5_employee_tasks_page.png> <./sections/chapitre5/img/sprint5_projects_t
asks_reports/09_ui_screenshots/sprint5_employee_tasks_page emp side.png> <./sec
tions/chapitre5/img/sprint5_projects_tasks_reports/09_ui_screenshots/sprint5_hr
_reports_page1.png>]
<sections/chapitre5/img/sprint5_projects_tasks_reports/09_ui_screenshots/res 1.
png, id=1317, 621.522pt x 342.078pt>
File: sections/chapitre5/img/sprint5_projects_tasks_reports/09_ui_screenshots/r
es 1.png Graphic file (type png)
<use sections/chapitre5/img/sprint5_projects_tasks_reports/09_ui_screenshots/re
s 1.png>
Package pdftex.def Info: sections/chapitre5/img/sprint5_projects_tasks_reports/
09_ui_screenshots/res 1.png  used on input line 467.
(pdftex.def)             Requested size: 432.48051pt x 238.03842pt.
<sections/chapitre5/img/sprint5_projects_tasks_reports/09_ui_screenshots/res 2.
png, id=1318, 584.1825pt x 413.74574pt>
File: sections/chapitre5/img/sprint5_projects_tasks_reports/09_ui_screenshots/r
es 2.png Graphic file (type png)
<use sections/chapitre5/img/sprint5_projects_tasks_reports/09_ui_screenshots/re
s 2.png>
Package pdftex.def Info: sections/chapitre5/img/sprint5_projects_tasks_reports/
09_ui_screenshots/res 2.png  used on input line 469.
(pdftex.def)             Requested size: 432.48051pt x 306.31226pt.
 [130 <./sections/chapitre5/img/sprint5_projects_tasks_reports/09_ui_screenshot
s/res 1.png> <./sections/chapitre5/img/sprint5_projects_tasks_reports/09_ui_scr
eenshots/res 2.png>]

LaTeX Warning: Citation `fastapi_docs' on page 131 undefined on input line 521.



Overfull \hbox (1.14297pt too wide) in paragraph at lines 554--555
 []|\T1/ptm/b/n/12 Duration| 
 []


Overfull \vbox (3.52496pt too high) detected at line 557
 []

[131] [132]

LaTeX Warning: Reference `fig:sprint6_ai_assistant_decision_support_use_case' o
n page 133 undefined on input line 607.

<sections/chapitre5/img/sprint6_ai_deployment_stabilization/02_use_case_diagram
s/use_case_sprint6_ai_assistant_decision_support.png, id=1343, 1126.2075pt x 81
4.04124pt>
File: sections/chapitre5/img/sprint6_ai_deployment_stabilization/02_use_case_di
agrams/use_case_sprint6_ai_assistant_decision_support.png Graphic file (type pn
g)
<use sections/chapitre5/img/sprint6_ai_deployment_stabilization/02_use_case_dia
grams/use_case_sprint6_ai_assistant_decision_support.png>
Package pdftex.def Info: sections/chapitre5/img/sprint6_ai_deployment_stabiliza
tion/02_use_case_diagrams/use_case_sprint6_ai_assistant_decision_support.png  u
sed on input line 614.
(pdftex.def)             Requested size: 432.48051pt x 312.60567pt.
[133

 <./sections/chapitre5/img/sprint6_ai_deployment_stabilization/02_use_case_diag
rams/use_case_sprint6_ai_assistant_decision_support.png>]
<sections/chapitre5/img/sprint6_ai_deployment_stabilization/03_system_sequence_
diagrams/ssd_assistant_platform_question.png, id=1352, 1059.96pt x 727.71875pt>

File: sections/chapitre5/img/sprint6_ai_deployment_stabilization/03_system_sequ
ence_diagrams/ssd_assistant_platform_question.png Graphic file (type png)
<use sections/chapitre5/img/sprint6_ai_deployment_stabilization/03_system_seque
nce_diagrams/ssd_assistant_platform_question.png>
Package pdftex.def Info: sections/chapitre5/img/sprint6_ai_deployment_stabiliza
tion/03_system_sequence_diagrams/ssd_assistant_platform_question.png  used on i
nput line 640.
(pdftex.def)             Requested size: 432.48051pt x 296.92308pt.
<sections/chapitre5/img/sprint6_ai_deployment_stabilization/03_system_sequence_
diagrams/ssd_assistant_request_drafting.png, id=1353, 1011.78pt x 739.76375pt>
File: sections/chapitre5/img/sprint6_ai_deployment_stabilization/03_system_sequ
ence_diagrams/ssd_assistant_request_drafting.png Graphic file (type png)
<use sections/chapitre5/img/sprint6_ai_deployment_stabilization/03_system_seque
nce_diagrams/ssd_assistant_request_drafting.png>
Package pdftex.def Info: sections/chapitre5/img/sprint6_ai_deployment_stabiliza
tion/03_system_sequence_diagrams/ssd_assistant_request_drafting.png  used on in
put line 648.
(pdftex.def)             Requested size: 432.48051pt x 316.20714pt.
 [134 <./sections/chapitre5/img/sprint6_ai_deployment_stabilization/03_system_s
equence_diagrams/ssd_assistant_platform_question.png>]
<sections/chapitre5/img/sprint6_ai_deployment_stabilization/03_system_sequence_
diagrams/ssd_team_leader_decision_support.png, id=1360, 966.61125pt x 675.52374
pt>
File: sections/chapitre5/img/sprint6_ai_deployment_stabilization/03_system_sequ
ence_diagrams/ssd_team_leader_decision_support.png Graphic file (type png)
<use sections/chapitre5/img/sprint6_ai_deployment_stabilization/03_system_seque
nce_diagrams/ssd_team_leader_decision_support.png>
Package pdftex.def Info: sections/chapitre5/img/sprint6_ai_deployment_stabiliza
tion/03_system_sequence_diagrams/ssd_team_leader_decision_support.png  used on 
input line 656.
(pdftex.def)             Requested size: 432.48051pt x 302.24088pt.
 [135 <./sections/chapitre5/img/sprint6_ai_deployment_stabilization/03_system_s
equence_diagrams/ssd_assistant_request_drafting.png> <./sections/chapitre5/img/
sprint6_ai_deployment_stabilization/03_system_sequence_diagrams/ssd_team_leader
_decision_support.png>]
<sections/chapitre5/img/sprint6_ai_deployment_stabilization/05_domain_model/dom
ain_model_sprint6_ai_assistant_context_data.png, id=1369, 1044.90375pt x 704.63
25pt>
File: sections/chapitre5/img/sprint6_ai_deployment_stabilization/05_domain_mode
l/domain_model_sprint6_ai_assistant_context_data.png Graphic file (type png)
<use sections/chapitre5/img/sprint6_ai_deployment_stabilization/05_domain_model
/domain_model_sprint6_ai_assistant_context_data.png>
Package pdftex.def Info: sections/chapitre5/img/sprint6_ai_deployment_stabiliza
tion/05_domain_model/domain_model_sprint6_ai_assistant_context_data.png  used o
n input line 684.
(pdftex.def)             Requested size: 432.48051pt x 291.64291pt.
 [136 <./sections/chapitre5/img/sprint6_ai_deployment_stabilization/05_domain_m
odel/domain_model_sprint6_ai_assistant_context_data.png>]
<sections/chapitre5/img/sprint6_ai_deployment_stabilization/06_participant_clas
s_diagrams/participant_ai_assistant_gateway_safe_context.png, id=1376, 1235.616
26pt x 719.68875pt>
File: sections/chapitre5/img/sprint6_ai_deployment_stabilization/06_participant
_class_diagrams/participant_ai_assistant_gateway_safe_context.png Graphic file 
(type png)
<use sections/chapitre5/img/sprint6_ai_deployment_stabilization/06_participant_
class_diagrams/participant_ai_assistant_gateway_safe_context.png>
Package pdftex.def Info: sections/chapitre5/img/sprint6_ai_deployment_stabiliza
tion/06_participant_class_diagrams/participant_ai_assistant_gateway_safe_contex
t.png  used on input line 702.
(pdftex.def)             Requested size: 432.48051pt x 251.89484pt.
<sections/chapitre5/img/sprint6_ai_deployment_stabilization/07_design_class_dia
grams/design_ai_assistant_gateway_safe_context.png, id=1377, 1245.65375pt x 724
.7075pt>
File: sections/chapitre5/img/sprint6_ai_deployment_stabilization/07_design_clas
s_diagrams/design_ai_assistant_gateway_safe_context.png Graphic file (type png)

<use sections/chapitre5/img/sprint6_ai_deployment_stabilization/07_design_class
_diagrams/design_ai_assistant_gateway_safe_context.png>
Package pdftex.def Info: sections/chapitre5/img/sprint6_ai_deployment_stabiliza
tion/07_design_class_diagrams/design_ai_assistant_gateway_safe_context.png  use
d on input line 720.
(pdftex.def)             Requested size: 432.48051pt x 251.61673pt.
 [137 <./sections/chapitre5/img/sprint6_ai_deployment_stabilization/06_particip
ant_class_diagrams/participant_ai_assistant_gateway_safe_context.png> <./sectio
ns/chapitre5/img/sprint6_ai_deployment_stabilization/07_design_class_diagrams/d
esign_ai_assistant_gateway_safe_context.png>]
<sections/chapitre5/img/sprint6_ai_deployment_stabilization/08_conception_seque
nce_diagrams/csd_sprint6_assistant_platform_question_frontend.png, id=1386, 935
.74594pt x 539.76656pt>
File: sections/chapitre5/img/sprint6_ai_deployment_stabilization/08_conception_
sequence_diagrams/csd_sprint6_assistant_platform_question_frontend.png Graphic 
file (type png)
<use sections/chapitre5/img/sprint6_ai_deployment_stabilization/08_conception_s
equence_diagrams/csd_sprint6_assistant_platform_question_frontend.png>
Package pdftex.def Info: sections/chapitre5/img/sprint6_ai_deployment_stabiliza
tion/08_conception_sequence_diagrams/csd_sprint6_assistant_platform_question_fr
ontend.png  used on input line 738.
(pdftex.def)             Requested size: 455.2498pt x 262.60185pt.
<sections/chapitre5/img/sprint6_ai_deployment_stabilization/08_conception_seque
nce_diagrams/csd_sprint6_assistant_platform_question_backend.png, id=1387, 1049
.42062pt x 435.12563pt>
File: sections/chapitre5/img/sprint6_ai_deployment_stabilization/08_conception_
sequence_diagrams/csd_sprint6_assistant_platform_question_backend.png Graphic f
ile (type png)
<use sections/chapitre5/img/sprint6_ai_deployment_stabilization/08_conception_s
equence_diagrams/csd_sprint6_assistant_platform_question_backend.png>
Package pdftex.def Info: sections/chapitre5/img/sprint6_ai_deployment_stabiliza
tion/08_conception_sequence_diagrams/csd_sprint6_assistant_platform_question_ba
ckend.png  used on input line 746.
(pdftex.def)             Requested size: 455.24529pt x 188.76024pt.
 [138 <./sections/chapitre5/img/sprint6_ai_deployment_stabilization/08_concepti
on_sequence_diagrams/csd_sprint6_assistant_platform_question_frontend.png> <./s
ections/chapitre5/img/sprint6_ai_deployment_stabilization/08_conception_sequenc
e_diagrams/csd_sprint6_assistant_platform_question_backend.png>]
<sections/chapitre5/img/sprint6_ai_deployment_stabilization/08_conception_seque
nce_diagrams/csd_sprint6_assistant_request_drafting_frontend.png, id=1396, 1123
.19624pt x 678.28406pt>
File: sections/chapitre5/img/sprint6_ai_deployment_stabilization/08_conception_
sequence_diagrams/csd_sprint6_assistant_request_drafting_frontend.png Graphic f
ile (type png)
<use sections/chapitre5/img/sprint6_ai_deployment_stabilization/08_conception_s
equence_diagrams/csd_sprint6_assistant_request_drafting_frontend.png>
Package pdftex.def Info: sections/chapitre5/img/sprint6_ai_deployment_stabiliza
tion/08_conception_sequence_diagrams/csd_sprint6_assistant_request_drafting_fro
ntend.png  used on input line 754.
(pdftex.def)             Requested size: 455.23476pt x 274.91052pt.
<sections/chapitre5/img/sprint6_ai_deployment_stabilization/08_conception_seque
nce_diagrams/csd_sprint6_assistant_request_drafting_backend.png, id=1397, 1199.
23032pt x 548.80031pt>
File: sections/chapitre5/img/sprint6_ai_deployment_stabilization/08_conception_
sequence_diagrams/csd_sprint6_assistant_request_drafting_backend.png Graphic fi
le (type png)
<use sections/chapitre5/img/sprint6_ai_deployment_stabilization/08_conception_s
equence_diagrams/csd_sprint6_assistant_request_drafting_backend.png>
Package pdftex.def Info: sections/chapitre5/img/sprint6_ai_deployment_stabiliza
tion/08_conception_sequence_diagrams/csd_sprint6_assistant_request_drafting_bac
kend.png  used on input line 762.
(pdftex.def)             Requested size: 455.2365pt x 208.32855pt.
 [139 <./sections/chapitre5/img/sprint6_ai_deployment_stabilization/08_concepti
on_sequence_diagrams/csd_sprint6_assistant_request_drafting_frontend.png> <./se
ctions/chapitre5/img/sprint6_ai_deployment_stabilization/08_conception_sequence
_diagrams/csd_sprint6_assistant_request_drafting_backend.png>]
<sections/chapitre5/img/sprint6_ai_deployment_stabilization/08_conception_seque
nce_diagrams/csd_sprint6_team_leader_decision_support_frontend.png, id=1407, 96
4.35281pt x 526.96875pt>
File: sections/chapitre5/img/sprint6_ai_deployment_stabilization/08_conception_
sequence_diagrams/csd_sprint6_team_leader_decision_support_frontend.png Graphic
 file (type png)
<use sections/chapitre5/img/sprint6_ai_deployment_stabilization/08_conception_s
equence_diagrams/csd_sprint6_team_leader_decision_support_frontend.png>
Package pdftex.def Info: sections/chapitre5/img/sprint6_ai_deployment_stabiliza
tion/08_conception_sequence_diagrams/csd_sprint6_team_leader_decision_support_f
rontend.png  used on input line 770.
(pdftex.def)             Requested size: 455.2471pt x 248.7689pt.
<sections/chapitre5/img/sprint6_ai_deployment_stabilization/08_conception_seque
nce_diagrams/csd_sprint6_team_leader_decision_support_backend.png, id=1408, 113
0.72438pt x 559.33969pt>
File: sections/chapitre5/img/sprint6_ai_deployment_stabilization/08_conception_
sequence_diagrams/csd_sprint6_team_leader_decision_support_backend.png Graphic 
file (type png)
<use sections/chapitre5/img/sprint6_ai_deployment_stabilization/08_conception_s
equence_diagrams/csd_sprint6_team_leader_decision_support_backend.png>
Package pdftex.def Info: sections/chapitre5/img/sprint6_ai_deployment_stabiliza
tion/08_conception_sequence_diagrams/csd_sprint6_team_leader_decision_support_b
ackend.png  used on input line 778.
(pdftex.def)             Requested size: 455.23207pt x 225.19136pt.

Overfull \hbox (4.63014pt too wide) in paragraph at lines 789--790
[]\T1/ptm/m/n/12 The re-al-iza-tion sec-tion presents the as-sis-tant wid-get, 
draft pre-view cards, decision-support
 []

[140 <./sections/chapitre5/img/sprint6_ai_deployment_stabilization/08_conceptio
n_sequence_diagrams/csd_sprint6_team_leader_decision_support_frontend.png> <./s
ections/chapitre5/img/sprint6_ai_deployment_stabilization/08_conception_sequenc
e_diagrams/csd_sprint6_team_leader_decision_support_backend.png>]
<sections/chapitre5/img/sprint6_ai_deployment_stabilization/09_ui_screenshots/s
print6_assistant_platform_qa.png, id=1417, 1150.89975pt x 543.83176pt>
File: sections/chapitre5/img/sprint6_ai_deployment_stabilization/09_ui_screensh
ots/sprint6_assistant_platform_qa.png Graphic file (type png)
<use sections/chapitre5/img/sprint6_ai_deployment_stabilization/09_ui_screensho
ts/sprint6_assistant_platform_qa.png>
Package pdftex.def Info: sections/chapitre5/img/sprint6_ai_deployment_stabiliza
tion/09_ui_screenshots/sprint6_assistant_platform_qa.png  used on input line 80
6.
(pdftex.def)             Requested size: 432.48051pt x 204.3596pt.
<sections/chapitre5/img/sprint6_ai_deployment_stabilization/09_ui_screenshots/s
print6_personal_leave_draft.png, id=1418, 1130.42325pt x 497.4585pt>
File: sections/chapitre5/img/sprint6_ai_deployment_stabilization/09_ui_screensh
ots/sprint6_personal_leave_draft.png Graphic file (type png)
<use sections/chapitre5/img/sprint6_ai_deployment_stabilization/09_ui_screensho
ts/sprint6_personal_leave_draft.png>
Package pdftex.def Info: sections/chapitre5/img/sprint6_ai_deployment_stabiliza
tion/09_ui_screenshots/sprint6_personal_leave_draft.png  used on input line 814
.
(pdftex.def)             Requested size: 432.48051pt x 190.319pt.
 [141 <./sections/chapitre5/img/sprint6_ai_deployment_stabilization/09_ui_scree
nshots/sprint6_assistant_platform_qa.png> <./sections/chapitre5/img/sprint6_ai_
deployment_stabilization/09_ui_screenshots/sprint6_personal_leave_draft.png>]
<sections/chapitre5/img/sprint6_ai_deployment_stabilization/09_ui_screenshots/s
print6_team_leader_decision_support.png, id=1427, 1147.28625pt x 551.05875pt>
File: sections/chapitre5/img/sprint6_ai_deployment_stabilization/09_ui_screensh
ots/sprint6_team_leader_decision_support.png Graphic file (type png)
<use sections/chapitre5/img/sprint6_ai_deployment_stabilization/09_ui_screensho
ts/sprint6_team_leader_decision_support.png>
Package pdftex.def Info: sections/chapitre5/img/sprint6_ai_deployment_stabiliza
tion/09_ui_screenshots/sprint6_team_leader_decision_support.png  used on input 
line 822.
(pdftex.def)             Requested size: 432.48051pt x 207.7228pt.


LaTeX Warning: Citation `fastapi_docs' on page 142 undefined on input line 843.


[142 <./sections/chapitre5/img/sprint6_ai_deployment_stabilization/09_ui_screen
shots/sprint6_team_leader_decision_support.png>] [143]

LaTeX Warning: Citation `fastapi_docs' on page 144 undefined on input line 903.


) (sections/bibliographie/bibliographie.tex [144

] [145

]) [146]
<sections/resume_sujet_pfe.pdf, id=1504, 597.51233pt x 845.0471pt>
File: sections/resume_sujet_pfe.pdf Graphic file (type pdf)
<use sections/resume_sujet_pfe.pdf>
Package pdftex.def Info: sections/resume_sujet_pfe.pdf  used on input line 201.

(pdftex.def)             Requested size: 597.51086pt x 845.04504pt.
<sections/resume_sujet_pfe.pdf, id=1506, page=1, 597.51233pt x 845.0471pt>
File: sections/resume_sujet_pfe.pdf Graphic file (type pdf)
<use sections/resume_sujet_pfe.pdf, page 1>
Package pdftex.def Info: sections/resume_sujet_pfe.pdf , page1 used on input li
ne 201.
(pdftex.def)             Requested size: 597.51086pt x 845.04504pt.
File: sections/resume_sujet_pfe.pdf Graphic file (type pdf)
<use sections/resume_sujet_pfe.pdf, page 1>
Package pdftex.def Info: sections/resume_sujet_pfe.pdf , page1 used on input li
ne 201.
(pdftex.def)             Requested size: 597.53821pt x 845.08372pt.
File: sections/resume_sujet_pfe.pdf Graphic file (type pdf)
<use sections/resume_sujet_pfe.pdf, page 1>
Package pdftex.def Info: sections/resume_sujet_pfe.pdf , page1 used on input li
ne 201.
(pdftex.def)             Requested size: 597.53821pt x 845.08372pt.
File: sections/resume_sujet_pfe.pdf Graphic file (type pdf)
<use sections/resume_sujet_pfe.pdf, page 1>
Package pdftex.def Info: sections/resume_sujet_pfe.pdf , page1 used on input li
ne 201.
(pdftex.def)             Requested size: 597.53821pt x 845.08372pt.
File: sections/resume_sujet_pfe.pdf Graphic file (type pdf)
<use sections/resume_sujet_pfe.pdf, page 1>
Package pdftex.def Info: sections/resume_sujet_pfe.pdf , page1 used on input li
ne 201.
(pdftex.def)             Requested size: 597.53821pt x 845.08372pt.
 [147


 <./sections/resume_sujet_pfe.pdf>] (main.aux (sections/page_garde/page_garde.a
ux)
(sections/dedicace/dedicace.aux) (sections/remerciements/remerciements.aux)
(sections/table_matieres/table_matieres.aux)
(sections/liste_figures/liste_figures.aux)
(sections/liste_tableaux/liste_tableaux.aux)
(sections/introduction_generale/introduction_generale.aux)
(sections/chapitre1/chapitre1.aux))
 ***********
LaTeX2e <2025-11-01>
L3 programming layer <2026-01-19>
 ***********


LaTeX Warning: There were undefined references.


LaTeX Warning: There were multiply-defined labels.


Package rerunfilecheck Warning: File `main.out' has changed.
(rerunfilecheck)                Rerun to get outlines right
(rerunfilecheck)                or use package `bookmark'.

Package rerunfilecheck Info: Checksums for `main.out':
(rerunfilecheck)             Before: 5355C5475FEAAA547FE70D131F29C1D7;20082
(rerunfilecheck)             After:  055660AA6BDF5401026B70B41CEB993F;20082.
 )
(\end occurred inside a group at level 68)

### simple group (level 68) entered at line 251 ({)
### simple group (level 67) entered at line 1117 ({)
### simple group (level 66) entered at line 1111 ({)
### simple group (level 65) entered at line 1105 ({)
### simple group (level 64) entered at line 1099 ({)
### simple group (level 63) entered at line 1093 ({)
### simple group (level 62) entered at line 1087 ({)
### simple group (level 61) entered at line 1081 ({)
### simple group (level 60) entered at line 1075 ({)
### simple group (level 59) entered at line 1069 ({)
### simple group (level 58) entered at line 1063 ({)
### simple group (level 57) entered at line 1047 ({)
### simple group (level 56) entered at line 1041 ({)
### simple group (level 55) entered at line 1035 ({)
### simple group (level 54) entered at line 1029 ({)
### simple group (level 53) entered at line 1023 ({)
### simple group (level 52) entered at line 1007 ({)
### simple group (level 51) entered at line 1001 ({)
### simple group (level 50) entered at line 995 ({)
### simple group (level 49) entered at line 989 ({)
### simple group (level 48) entered at line 983 ({)
### simple group (level 47) entered at line 967 ({)
### simple group (level 46) entered at line 951 ({)
### simple group (level 45) entered at line 945 ({)
### simple group (level 44) entered at line 939 ({)
### simple group (level 43) entered at line 933 ({)
### simple group (level 42) entered at line 927 ({)
### simple group (level 41) entered at line 921 ({)
### simple group (level 40) entered at line 905 ({)
### simple group (level 39) entered at line 899 ({)
### simple group (level 38) entered at line 893 ({)
### simple group (level 37) entered at line 887 ({)
### simple group (level 36) entered at line 669 ({)
### simple group (level 35) entered at line 660 ({)
### simple group (level 34) entered at line 651 ({)
### simple group (level 33) entered at line 642 ({)
### simple group (level 32) entered at line 633 ({)
### simple group (level 31) entered at line 624 ({)
### simple group (level 30) entered at line 615 ({)
### simple group (level 29) entered at line 606 ({)
### simple group (level 28) entered at line 597 ({)
### simple group (level 27) entered at line 588 ({)
### simple group (level 26) entered at line 579 ({)
### simple group (level 25) entered at line 570 ({)
### simple group (level 24) entered at line 561 ({)
### simple group (level 23) entered at line 552 ({)
### simple group (level 22) entered at line 543 ({)
### simple group (level 21) entered at line 534 ({)
### simple group (level 20) entered at line 515 ({)
### simple group (level 19) entered at line 504 ({)
### simple group (level 18) entered at line 493 ({)
### simple group (level 17) entered at line 482 ({)
### simple group (level 16) entered at line 461 ({)
### simple group (level 15) entered at line 450 ({)
### simple group (level 14) entered at line 439 ({)
### simple group (level 13) entered at line 419 ({)
### simple group (level 12) entered at line 408 ({)
### simple group (level 11) entered at line 397 ({)
### simple group (level 10) entered at line 386 ({)
### simple group (level 9) entered at line 366 ({)
### simple group (level 8) entered at line 344 ({)
### simple group (level 7) entered at line 333 ({)
### simple group (level 6) entered at line 322 ({)
### simple group (level 5) entered at line 295 ({)
### simple group (level 4) entered at line 284 ({)
### simple group (level 3) entered at line 263 ({)
### simple group (level 2) entered at line 252 ({)
### simple group (level 1) entered at line 103 ({)
### bottom level 
Here is how much of TeX's memory you used:
 27423 strings out of 467867
 630307 string characters out of 5418334
 985573 words of memory out of 5000000
 55298 multiletter control sequences out of 15000+600000
 743390 words of font info for 182 fonts, out of 8000000 for 9000
 1141 hyphenation exceptions out of 8191
 88i,17n,94p,916b,1099s stack positions out of 10000i,1000n,20000p,200000b,200000s

pdfTeX warning (dest): name{section*.170} has been referenced but does not exis
t, replaced by a fixed one


pdfTeX warning (dest): name{section*.167} has been referenced but does not exis
t, replaced by a fixed one

 <C:\Users\abdou\AppData\Local\MiKTeX\fonts/pk/ljfour/jknappen/ec/dpi600\ectt12
00.pk><C:/Users/abdou/AppData/Local/Programs/MiKTeX/fonts/type1/public/amsfonts
/cm/cmmi10.pfb><C:/Users/abdou/AppData/Local/Programs/MiKTeX/fonts/type1/public
/amsfonts/cm/cmsy10.pfb><C:/Users/abdou/AppData/Local/Programs/MiKTeX/fonts/typ
e1/urw/times/utmb8a.pfb><C:/Users/abdou/AppData/Local/Programs/MiKTeX/fonts/typ
e1/urw/times/utmbi8a.pfb><C:/Users/abdou/AppData/Local/Programs/MiKTeX/fonts/ty
pe1/urw/times/utmr8a.pfb><C:/Users/abdou/AppData/Local/Programs/MiKTeX/fonts/ty
pe1/urw/times/utmri8a.pfb>
Output written on "C:\Users\abdou\Downloads\rapport pfe abderrahmen ben hattab\
abdou\reult\main.pdf" (153 pages, 14902551 bytes).
PDF statistics:
 1699 PDF objects out of 1728 (max. 8388607)
 436 named destinations out of 1000 (max. 500000)
 1457 words of extra memory for PDF output out of 10000 (max. 10000000)

